ADT-HURSAT SID ,ALT SID IBTrACS,ATCF ID   ,Names and sources in IBTrACS
1978151N15260  ,               ,bep011978 ,ALETTA[hurdat_epa] = bep011978[jtwc_ep] = UNNAMED[td9636] = bep011978[atcf] = ALETTA[ds824]
1978168N11242  ,               ,bep021978 ,BUD[hurdat_epa] = bep021978[jtwc_ep] = UNNAMED[td9636] = bep021978[atcf] = BUD[ds824]
1978168N14254  ,               ,bep031978 ,CARLOTTA[hurdat_epa] = bep031978[jtwc_ep] = UNNAMED[td9636] = bep031978[atcf] = CARLOTTA[ds824]
1978173N25274  ,               ,bal021978 ,UNNAMED[hurdat_atl] = bal021978[atcf]
1978178N14260  ,               ,bep041978 ,DANIEL[hurdat_epa] = bep041978[jtwc_ep] = UNNAMED[td9636] = bep041978[atcf] = DANIEL[ds824]
1978181N14235  ,               ,bep051978 ,bep051978[jtwc_ep] = UNNAMED[td9636]
1978188N15248  ,               ,multiple  ,EMILIA[hurdat_epa] = bep061978[jtwc_ep] = UNNAMED[td9636] = bep051978[atcf] = EMILIA[ds824]
1978190N11254  ,               ,multiple  ,FICO[hurdat_epa] = bep071978[jtwc_ep] = FICO[cphc] = UNNAMED[td9636] = bep061978[atcf] = FICO[ds824]
1978192N15333  ,               ,bal031978 ,UNNAMED[hurdat_atl] = bal031978[atcf]
1978194N11261  ,               ,multiple  ,GILMA[hurdat_epa] = bep081978[jtwc_ep] = UNNAMED[td9636] = bep071978[atcf] = GILMA[ds824]
1978203N13260  ,               ,multiple  ,HECTOR[hurdat_epa] = bep091978[jtwc_ep] = UNNAMED[td9636] = bep081978[atcf] = HECTOR[ds824]
1978212N26263  ,               ,bal041978 ,AMELIA[hurdat_atl] = bal041978[atcf]
1978218N25270  ,               ,bal051978 ,BESS[hurdat_atl] = bal051978[atcf]
1978220N13308  ,               ,bal071978 ,UNNAMED[hurdat_atl] = bal071978[atcf]
1978220N13325  ,               ,bal061978 ,CORA[hurdat_atl] = bal061978[atcf]
1978222N27270  ,               ,bal081978 ,UNNAMED[hurdat_atl] = bal081978[atcf]
1978223N18252  ,               ,multiple  ,IVA[hurdat_epa] = bep101978[jtwc_ep] = UNNAMED[td9636] = bep091978[atcf] = IVA[ds824]
1978230N12239  ,               ,multiple  ,JOHN[hurdat_epa] = bep111978[jtwc_ep] = JOHN[cphc] = UNNAMED[td9636] = bep101978[atcf] = JOHN[ds824]
1978231N13224  ,               ,multiple  ,LANE[hurdat_epa] = bep131978[jtwc_ep] = LANE[cphc] = UNNAMED[td9636] = bep121978[atcf] = LANE[ds824]
1978231N14251  ,               ,multiple  ,KRISTY[hurdat_epa] = bep121978[jtwc_ep] = KRISTY[cphc] = UNNAMED[td9636] = bep111978[atcf] = KRISTY[ds824]
1978236N11245  ,               ,multiple  ,MIRIAM[hurdat_epa] = bep141978[jtwc_ep] = MIRIAM[cphc] = UNNAMED[td9636] = bep131978[atcf] = MIRIAM[ds824]
1978239N23272  ,               ,bal091978 ,DEBRA[hurdat_atl] = bal091978[atcf]
1978242N26300  ,               ,bal101978 ,ELLA[hurdat_atl] = bal101978[atcf]
1978243N13262  ,               ,multiple  ,NORMAN[hurdat_epa] = bep151978[jtwc_ep] = UNNAMED[td9636] = bep141978[atcf] = NORMAN[ds824]
1978243N28269  ,               ,bal111978 ,UNNAMED[hurdat_atl] = bal111978[atcf]
1978247N12321  ,               ,bal131978 ,FLOSSIE[hurdat_atl] = bal131978[atcf]
1978247N14344  ,               ,bal121978 ,UNNAMED[hurdat_atl] = bal121978[atcf]
1978251N12261  ,               ,bep161978 ,bep161978[jtwc_ep] = UNNAMED[td9636]
1978252N23266  ,               ,bal141978 ,UNNAMED[hurdat_atl] = bal141978[atcf]
1978255N30280  ,               ,bal151978 ,HOPE[hurdat_atl] = bal151978[atcf]
1978257N11298  ,               ,multiple  ,GRETA[hurdat_atl] = OLIVIA[hurdat_epa] = bep171978[jtwc_ep] = UNNAMED[td9636] = bal161978[atcf] = bep151978[atcf] = OLIVIA[ds824]
1978262N13344  ,               ,bal171978 ,UNNAMED[hurdat_atl] = bal171978[atcf]
1978265N20269  ,               ,bal181978 ,UNNAMED[hurdat_atl] = bal181978[atcf]
1978266N14260  ,               ,multiple  ,PAUL[hurdat_epa] = bep181978[jtwc_ep] = UNNAMED[td9636] = bep161978[atcf] = PAUL[ds824]
1978276N14257  ,               ,multiple  ,ROSA[hurdat_epa] = bep191978[jtwc_ep] = UNNAMED[td9636] = bep171978[atcf] = ROSA[ds824]
1978276N32329  ,               ,bal191978 ,IRMA[hurdat_atl] = bal191978[atcf]
1978281N18304  ,               ,bal201978 ,JULIET[hurdat_atl] = bal201978[atcf]
1978292N16252  ,               ,multiple  ,SERGIO[hurdat_epa] = bep201978[jtwc_ep] = UNNAMED[td9636] = bep181978[atcf] = SERGIO[ds824]
1978300N08334  ,               ,bal221978 ,UNNAMED[hurdat_atl] = bal221978[atcf]
1978302N24287  ,               ,bal231978 ,KENDRA[hurdat_atl] = bal231978[atcf]
1978308N30285  ,               ,bal241978 ,UNNAMED[hurdat_atl] = bal241978[atcf]
1978330N09148  ,               ,bwp321978 ,bwp321978[jtwc_wp] = WINNIE[tokyo] = WINNIE[cma] = WINNIE[hko] = UNNAMED[td9636] = WINNIE[ds824]
1978347N10127  ,               ,none      ,UNNAMED[cma]
1978354S10088  ,               ,bsh031979 ,bsh031979[jtwc_sh] = UNNAMED[td9636] = HSK0379[neumann] = 03S[ds824]
1978359S04172  ,               ,bsh041979 ,bsh041979[jtwc_sh] = FAY[wellington] = UNNAMED[td9636] = FAY[neumann] = 04P[ds824]
1978361N02180  ,               ,bwp011979 ,bwp011979[jtwc_wp] = ALICE[tokyo] = ALICE[cma] = ALICE[hko] = UNNAMED[td9636] = ALICE[ds824]
1978363S10136  ,               ,bsh051979 ,bsh051979[jtwc_sh] = PETER[bom] = UNNAMED[td9636] = PETER[neumann] = 05P[ds824] = PETER[ds824]
1979002S04179  ,               ,bsh061979 ,bsh061979[jtwc_sh] = GORDON[bom] = GORDON[wellington] = UNNAMED[td9636] = GORDON[neumann] = 06P[ds824] = GORDON[ds824]
1979008S14137  ,               ,bsh081979 ,bsh081979[jtwc_sh] = GRETA[bom] = UNNAMED[td9636] = GRETA[neumann] = GRETA[ds824] = 08P[ds824]
1979027S15167  ,               ,bsh091979 ,bsh091979[jtwc_sh] = HENRY[wellington] = UNNAMED[td9636] = HENRY[neumann] = 09P[ds824]
1979031S12056  ,               ,bsh101979 ,bsh101979[jtwc_sh] = CELINE[reunion] = UNNAMED[td9636] = CELINE[neumann] = 10S[ds824]
1979033S18151  ,               ,bsh111979 ,bsh111979[jtwc_sh] = UNNAMED[td9636] = HSK1079[neumann] = 11P[ds824]
1979042S05170  ,               ,bsh131979 ,bsh131979[jtwc_sh] = KERRY[bom] = KERRY[wellington] = UNNAMED[td9636] = KERRY[neumann] = 13P[ds824] = KERRY[ds824]
1979043S11161  ,               ,bsh161979 ,bsh161979[jtwc_sh] = ROSA[bom] = UNNAMED[td9636] = ROSA[neumann] = ROSA[ds824] = 16P[ds824]
1979051S16187  ,               ,bsh171979 ,bsh171979[jtwc_sh] = LESLIE[wellington] = UNNAMED[td9636] = LESLIE[neumann] = 17P[ds824]
1979066S15124  ,               ,bsh191979 ,bsh191979[jtwc_sh] = HAZEL[bom] = UNNAMED[td9636] = HAZEL[neumann] = HAZEL[ds824] = 19S[ds824]
1979075S13092  ,               ,bsh201979 ,bsh201979[jtwc_sh] = IVAN[bom] = UNNAMED[td9636] = IVAN[neumann] = IVAN[ds824] = 20S[ds824]
1979077N07150  ,               ,bwp021979 ,bwp021979[jtwc_wp] = BESS[tokyo] = BESS[cma] = BESS[hko] = UNNAMED[td9636] = BESS[ds824]
1979083S15184  ,               ,bsh221979 ,bsh221979[jtwc_sh] = MELI[wellington] = UNNAMED[td9636] = MELI[neumann] = 22P[ds824]
1979090S12168  ,               ,bsh231979 ,bsh231979[jtwc_sh] = UNNAMED[td9636] = HSK2379[neumann] = 23P[ds824]
1979093S08156  ,               ,bsh241979 ,bsh241979[jtwc_sh] = STAN[bom] = UNNAMED[td9636] = STAN[neumann] = 24P[ds824] = STAN[ds824]
1979094S10073  ,               ,bsh251979 ,bsh251979[jtwc_sh] = IDYLLE[bom] = IDYLLE[reunion] = UNNAMED[td9636] = IDYLLE[neumann] = 25S[ds824] = IDYLLE[ds824]
1979097S07091  ,               ,bsh261979 ,bsh261979[jtwc_sh] = JANE[bom] = UNNAMED[td9636] = JANE[neumann] = JANE[ds824] = 26S[ds824]
1979098N02144  ,               ,bwp031979 ,bwp031979[jtwc_wp] = CECIL[tokyo] = CECIL[cma] = CECIL[hko] = UNNAMED[td9636] = CECIL[ds824]
1979118S06094  ,               ,bsh271979 ,bsh271979[jtwc_sh] = UNNAMED[td9636] = 27S[ds824]
1979122S04095  ,               ,bsh271979 ,bsh271979[jtwc_sh] = KEVIN[bom] = UNNAMED[td9636] = KEVIN[neumann] = 27S[ds824] = KEVIN[ds824]
1979126N04148  ,               ,bwp041979 ,bwp041979[jtwc_wp] = DOT[tokyo] = DOT[cma] = DOT[hko] = UNNAMED[td9636] = DOT[ds824]
1979126N07090  ,               ,bio011979 ,bio011979[jtwc_io] = UNNAMED[td9636] = 01B[ds824]
1979137N19116  ,               ,bwp051979 ,bwp051979[jtwc_wp] = UNNAMED[tokyo] = UNNAMED[cma] = TD0521[hko] = UNNAMED[td9636] = 05W[ds824]
1979137N19117  ,               ,none      ,UNNAMED[cma]
1979152N11265  ,               ,multiple  ,ANDRES[hurdat_epa] = bep021979[jtwc_ep] = UNNAMED[td9636] = bep011979[atcf] = ANDRES[ds824]
1979152N13253  ,               ,bep011979 ,bep011979[jtwc_ep] = UNNAMED[td9636]
1979163N17279  ,               ,bal011979 ,UNNAMED[hurdat_atl] = bal011979[atcf]
1979167N13071  ,               ,bio021979 ,bio021979[jtwc_io] = UNNAMED[td9636] = 02A[ds824]
1979168N13116  ,               ,none      ,UNNAMED[cma] = TD0621[hko]
1979171N10315  ,               ,bal021979 ,ANA[hurdat_atl] = bal021979[atcf]
1979172N10257  ,               ,multiple  ,BLANCA[hurdat_epa] = bep031979[jtwc_ep] = UNNAMED[td9636] = bep021979[atcf] = BLANCA[ds824]
1979174N07143  ,               ,bwp061979 ,bwp061979[jtwc_wp] = ELLIS[tokyo] = ELLIS[cma] = ELLIS[hko] = UNNAMED[td9636] = ELLIS[ds824]
1979180N03155  ,               ,bwp071979 ,bwp071979[jtwc_wp] = FAYE[tokyo] = FAYE[cma] = FAYE[hko] = UNNAMED[td9636] = FAYE[ds824]
1979190N20290  ,               ,bal031979 ,UNNAMED[hurdat_atl] = bal031979[atcf]
1979191N22264  ,               ,bal041979 ,BOB[hurdat_atl] = bal041979[atcf]
1979192N30280  ,               ,bal051979 ,UNNAMED[hurdat_atl] = bal051979[atcf]
1979196N17257  ,               ,multiple  ,CARLOS[hurdat_epa] = bep041979[jtwc_ep] = UNNAMED[td9636] = bep031979[atcf] = CARLOS[ds824]
1979197N13314  ,               ,bal061979 ,CLAUDETTE[hurdat_atl] = bal061979[atcf]
1979197N20252  ,               ,bep051979 ,bep051979[jtwc_ep] = UNNAMED[td9636]
1979198N11256  ,               ,multiple  ,DOLORES[hurdat_epa] = bep061979[jtwc_ep] = UNNAMED[td9636] = bep041979[atcf] = DOLORES[ds824]
1979204N19143  ,               ,bwp081979 ,bwp081979[jtwc_wp] = UNNAMED[cma] = UNNAMED[td9636] = 08W[ds824]
1979205N10148  ,               ,multiple  ,bwp091979[jtwc_wp] = HOPE[tokyo] = HOPE[cma] = bio031979[jtwc_io] = HOPE[hko] = UNNAMED[td9636] = UNNAMED[td9636] = HOPE[ds824] = 03B[ds824]
1979205N17325  ,               ,bal071979 ,UNNAMED[hurdat_atl] = bal071979[atcf]
1979206N19132  ,               ,bwp101979 ,bwp101979[jtwc_wp] = GORDON[tokyo] = GORDON[cma] = GORDON[hko] = GORDON[ds824]
1979213N17306  ,               ,bal081979 ,UNNAMED[hurdat_atl] = bal081979[atcf]
1979214N12136  ,               ,bwp111979 ,bwp111979[jtwc_wp] = UNNAMED[cma] = TD0805[hko] = UNNAMED[td9636] = 11W[ds824]
1979216N15111  ,               ,none      ,UNNAMED[cma] = TD0806[hko]
1979218N16149  ,               ,none      ,UNNAMED[cma]
1979219N15138  ,               ,bwp121979 ,bwp121979[jtwc_wp] = IRVING[tokyo] = IRVING[cma] = IRVING[hko] = UNNAMED[td9636] = IRVING[ds824]
1979220N18113  ,               ,none      ,TD0808[hko]
1979224N32143  ,               ,none      ,UNNAMED[cma]
1979228N11151  ,               ,bwp131979 ,bwp131979[jtwc_wp] = JUDY[tokyo] = JUDY[cma] = JUDY[hko] = UNNAMED[td9636] = JUDY[ds824]
1979228N12169  ,               ,bwp141979 ,bwp141979[jtwc_wp] = UNNAMED[cma] = UNNAMED[td9636] = 14W[ds824]
1979230N11246  ,               ,multiple  ,ENRIQUE[hurdat_epa] = bep071979[jtwc_ep] = UNNAMED[td9636] = bep051979[atcf] = ENRIQUE[ds824]
1979233N14258  ,               ,multiple  ,FEFA[hurdat_epa] = bep081979[jtwc_ep] = UNNAMED[td9636] = bep061979[atcf] = FEFA[ds824]
1979238N12324  ,               ,bal091979 ,DAVID[hurdat_atl] = bal091979[atcf]
1979238N18266  ,               ,bal101979 ,UNNAMED[hurdat_atl] = bal101979[atcf]
1979238S08085  ,               ,none      ,TONY[neumann] = TONY[ds824]
1979239N22153  ,               ,none      ,UNNAMED[cma]
1979241N11335  ,               ,bal111979 ,FREDERIC[hurdat_atl] = bal111979[atcf]
1979242N22143  ,               ,bwp151979 ,bwp151979[jtwc_wp] = KEN[tokyo] = KEN[cma] = KEN[hko] = UNNAMED[td9636] = KEN[ds824]
1979242N26271  ,               ,bal121979 ,ELENA[hurdat_atl] = bal121979[atcf]
1979243N19154  ,               ,bwp161979 ,bwp161979[jtwc_wp] = LOLA[tokyo] = LOLA[cma] = LOLA[hko] = UNNAMED[td9636] = LOLA[ds824]
1979245N20338  ,               ,bal131979 ,UNNAMED[hurdat_atl] = bal131979[atcf]
1979247N15265  ,               ,bep091979 ,bep091979[jtwc_ep] = UNNAMED[td9636]
1979248N16339  ,               ,bal141979 ,GLORIA[hurdat_atl] = bal141979[atcf]
1979252N16259  ,               ,multiple  ,GUILLERMO[hurdat_epa] = bep101979[jtwc_ep] = UNNAMED[td9636] = bep071979[atcf] = GUILLERMO[ds824]
1979254N10140  ,               ,bwp171979 ,bwp171979[jtwc_wp] = MAC[tokyo] = MAC[cma] = MAC[hko] = UNNAMED[td9636] = MAC[ds824]
1979258N10120  ,               ,bwp181979 ,bwp181979[jtwc_wp] = NANCY[tokyo] = NANCY[cma] = NANCY[hko] = UNNAMED[td9636] = NANCY[ds824]
1979258N20273  ,               ,bal151979 ,HENRI[hurdat_atl] = bal151979[atcf]
1979259N11078  ,               ,bio041979 ,bio041979[jtwc_io] = UNNAMED[td9636] = 04B[ds824]
1979260N16312  ,               ,bal161979 ,UNNAMED[hurdat_atl] = bal161979[atcf]
1979262N15149  ,               ,bwp191979 ,bwp191979[jtwc_wp] = OWEN[tokyo] = OWEN[cma] = OWEN[hko] = UNNAMED[td9636] = OWEN[ds824]
1979264N10087  ,               ,bio051979 ,bio051979[jtwc_io] = UNNAMED[td9636] = 05B[ds824]
1979266N18150  ,               ,bwp201979 ,bwp201979[jtwc_wp] = PAMELA[tokyo] = PAMELA[cma] = PAMELA[hko] = UNNAMED[td9636] = PAMELA[ds824]
1979269N19133  ,               ,none      ,UNNAMED[td9636]
1979271N13113  ,               ,bwp221979 ,bwp221979[jtwc_wp] = SARAH[tokyo] = SARAH[cma] = TD1001[hko] = SARAH[hko] = UNNAMED[td9636] = SARAH[ds824]
1979273N11145  ,               ,bwp211979 ,bwp211979[jtwc_wp] = ROGER[tokyo] = ROGER[cma] = ROGER[hko] = UNNAMED[td9636] = ROGER[ds824]
1979275N06159  ,               ,bwp231979 ,bwp231979[jtwc_wp] = TIP[tokyo] = TIP[cma] = TIP[hko] = UNNAMED[td9636] = TIP[ds824]
1979277N13256  ,               ,multiple  ,HILDA[hurdat_epa] = bep111979[jtwc_ep] = UNNAMED[td9636] = bep081979[atcf] = HILDA[ds824]
1979286N17273  ,               ,bal171979 ,UNNAMED[hurdat_atl] = bal171979[atcf]
1979290N11112  ,               ,none      ,UNNAMED[cma]
1979297N12265  ,               ,multiple  ,IGNACIO[hurdat_epa] = bep121979[jtwc_ep] = UNNAMED[td9636] = bep091979[atcf] = IGNACIO[ds824]
1979297N29294  ,               ,bal181979 ,UNNAMED[hurdat_atl] = bal181979[atcf]
1979298N12283  ,               ,bal191979 ,UNNAMED[hurdat_atl] = bal191979[atcf]
1979300N04166  ,               ,bwp241979 ,bwp241979[jtwc_wp] = VERA[tokyo] = VERA[cma] = VERA(-)1[cma] = VERA[hko] = UNNAMED[td9636] = VERA[ds824]
1979300N06095  ,               ,bio061979 ,bio061979[jtwc_io] = UNNAMED[td9636] = 06B[ds824]
1979311N10142  ,               ,bwp251979 ,bwp251979[jtwc_wp] = WAYNE[tokyo] = WAYNE[cma] = WAYNE[hko] = UNNAMED[td9636] = WAYNE[ds824]
1979312N25304  ,               ,bal201979 ,UNNAMED[hurdat_atl] = bal201979[atcf]
1979317N10072  ,               ,bio071979 ,bio071979[jtwc_io] = UNNAMED[td9636] = 07A[ds824]
1979319N09272  ,               ,multiple  ,JIMENA[hurdat_epa] = bep131979[jtwc_ep] = UNNAMED[td9636] = bep101979[atcf] = JIMENA[ds824]
1979327N08088  ,               ,bio081979 ,bio081979[jtwc_io] = UNNAMED[td9636] = 08B[ds824]
1979329S07086  ,               ,bsh011980 ,bsh011980[jtwc_sh] = ALBINE[reunion] = UNNAMED[td9636] = ALBINE[neumann] = 01S[ds824]
1979333N07169  ,               ,bwp271979 ,bwp271979[jtwc_wp] = ABBY[tokyo] = ABBY[cma] = ABBY[hko] = UNNAMED[td9636] = ABBY[ds824]
1979333N12153  ,               ,bwp261979 ,bwp261979[jtwc_wp] = UNNAMED[cma] = TD1201[hko] = UNNAMED[td9636] = 26W[ds824]
1979344S12170  ,               ,none      ,OFA[wellington] = OFA[neumann]
1980001S13173  ,               ,bsh051980 ,bsh051980[jtwc_sh] = PENI[wellington] = UNNAMED[td9636] = PENI[neumann] = 05P[ds824]
1980003S15137  ,               ,bsh061980 ,bsh061980[jtwc_sh] = PAUL[bom] = PAUL[wellington] = UNNAMED[td9636] = PAUL[neumann] = 06P[ds824] = PAUL[ds824]
1980033S12161  ,               ,bsh131980 ,bsh131980[jtwc_sh] = RAE[wellington] = UNNAMED[td9636] = RAE[neumann] = 13P[ds824]
1980042S17149  ,               ,bsh141980 ,bsh141980[jtwc_sh] = RUTH[bom] = RUTH[wellington] = UNNAMED[td9636] = RUTH[neumann] = 14P[ds824] = RUTH[ds824]
1980052S16155  ,               ,bsh171980 ,bsh171980[jtwc_sh] = SIMON[bom] = SIMON[wellington] = UNNAMED[td9636] = SIMON[neumann] = 17P[ds824] = SIMON[ds824]
1980069S12161  ,               ,bsh201980 ,bsh201980[jtwc_sh] = SINA[bom] = SINA[wellington] = UNNAMED[td9636] = SINA[neumann] = SINA[ds824] = 20P[ds824]
1980081S12170  ,               ,bsh231980 ,bsh231980[jtwc_sh] = TIA[wellington] = UNNAMED[td9636] = TIA[neumann] = 23P[ds824]
1980085S09170  ,               ,bsh261980 ,bsh261980[jtwc_sh] = VAL[wellington] = UNNAMED[td9636] = VAL[neumann] = 26P[ds824]
1980092S15183  ,               ,bsh281980 ,bsh281980[jtwc_sh] = WALLY[wellington] = UNNAMED[td9636] = WALLY[neumann] = 28P[ds824]
1980094N02179  ,               ,bwp021980 ,bwp021980[jtwc_wp] = CARMEN[tokyo] = CARMEN[cphc] = CARMEN[cma] = CARMEN[hko] = UNNAMED[td9636] = CARMEN[ds824]
1980133N07149  ,               ,bwp041980 ,bwp041980[jtwc_wp] = ELLEN[tokyo] = ELLEN[cma] = ELLEN[hko] = UNNAMED[td9636] = ELLEN[ds824]
1980137N04158  ,               ,bwp051980 ,bwp051980[jtwc_wp] = FORREST[tokyo] = FORREST[cma] = FORREST[hko] = UNNAMED[td9636] = FORREST[ds824]
1980161N09249  ,               ,bep011980 ,AGATHA[hurdat_epa] = bep011980[jtwc_ep] = UNNAMED[td9636] = bep011980[atcf] = AGATHA[ds824]
1980169N12250  ,               ,bep021980 ,BLAS[hurdat_epa] = bep021980[jtwc_ep] = UNNAMED[td9636] = bep021980[atcf] = BLAS[ds824]
1980177N13259  ,               ,bep031980 ,CELIA[hurdat_epa] = bep031980[jtwc_ep] = UNNAMED[td9636] = bep031980[atcf] = CELIA[ds824]
1980183N13250  ,               ,bep041980 ,DARBY[hurdat_epa] = bep041980[jtwc_ep] = UNNAMED[td9636] = bep041980[atcf] = DARBY[ds824]
1980194N16252  ,               ,bep051980 ,ESTELLE[hurdat_epa] = bep051980[jtwc_ep] = UNNAMED[td9636] = bep051980[atcf] = ESTELLE[ds824]
1980197N07154  ,               ,bwp091980 ,bwp091980[jtwc_wp] = JOE[tokyo] = JOE[cma] = JOE[hko] = UNNAMED[td9636] = JOE[ds824]
1980199N31284  ,               ,bal011980 ,UNNAMED[hurdat_atl] = bal011980[atcf]
1980200N13249  ,               ,bep061980 ,FRANK[hurdat_epa] = bep061980[jtwc_ep] = UNNAMED[td9636] = bep061980[atcf] = FRANK[ds824]
1980200N25270  ,               ,bal021980 ,UNNAMED[hurdat_atl] = bal021980[atcf]
1980201N08155  ,               ,bwp111980 ,bwp111980[jtwc_wp] = KIM[tokyo] = KIM[cma] = KIM[hko] = UNNAMED[td9636] = KIM[ds824]
1980204N23287  ,               ,bal031980 ,UNNAMED[hurdat_atl] = bal031980[atcf]
1980208N23153  ,               ,bwp121980 ,bwp121980[jtwc_wp] = LEX[tokyo] = LEX[cma] = LEX[hko] = UNNAMED[td9636] = LEX[ds824]
1980210N17251  ,               ,bep071980 ,GEORGETTE[hurdat_epa] = bep071980[jtwc_ep] = UNNAMED[td9636] = bep071980[atcf] = GEORGETTE[ds824]
1980213N11256  ,               ,bep081980 ,HOWARD[hurdat_epa] = bep081980[jtwc_ep] = UNNAMED[td9636] = bep081980[atcf] = HOWARD[ds824]
1980214N11330  ,               ,bal041980 ,ALLEN[hurdat_atl] = bal041980[atcf]
1980219N15165  ,               ,bwp131980 ,bwp131980[jtwc_wp] = MARGE[tokyo] = MARGE[cma] = MARGE[hko] = UNNAMED[td9636] = MARGE[ds824]
1980219N15258  ,               ,bep091980 ,ISIS[hurdat_epa] = bep091980[jtwc_ep] = UNNAMED[td9636] = bep091980[atcf] = ISIS[ds824]
1980226N15339  ,               ,bal051980 ,UNNAMED[hurdat_atl] = bal051980[atcf]
1980227N13325  ,               ,bal061980 ,BONNIE[hurdat_atl] = bal061980[atcf]
1980234N36287  ,               ,bal071980 ,CHARLEY[hurdat_atl] = bal071980[atcf]
1980236N13255  ,               ,bep101980 ,JAVIER[hurdat_epa] = bep101980[jtwc_ep] = UNNAMED[td9636] = bep101980[atcf] = JAVIER[ds824]
1980238N16328  ,               ,bal081980 ,UNNAMED[hurdat_atl] = bal081980[atcf]
1980245N16322  ,               ,bal091980 ,GEORGES[hurdat_atl] = bal091980[atcf]
1980249N18336  ,               ,bal101980 ,EARL[hurdat_atl] = bal101980[atcf]
1980249N28269  ,               ,bal111980 ,DANIELLE[hurdat_atl] = bal111980[atcf]
1980250N13341  ,               ,bal121980 ,FRANCES[hurdat_atl] = bal121980[atcf]
1980256N10154  ,               ,bwp201980 ,bwp201980[jtwc_wp] = SPERRY[tokyo] = SPERRY[cma] = SPERRY[hko] = UNNAMED[td9636] = SPERRY[ds824]
1980260N13256  ,               ,bep111980 ,KAY[hurdat_epa] = bep111980[jtwc_ep] = KAY[cphc] = UNNAMED[td9636] = bep111980[atcf] = KAY[ds824]
1980265N15283  ,               ,bal131980 ,HERMINE[hurdat_atl] = bal131980[atcf]
1980266N16257  ,               ,bep121980 ,LESTER[hurdat_epa] = bep121980[jtwc_ep] = UNNAMED[td9636] = bep121980[atcf] = LESTER[ds824]
1980269N15147  ,               ,bwp211980 ,bwp211980[jtwc_wp] = THELMA[tokyo] = THELMA[cma] = THELMA[hko] = UNNAMED[td9636] = THELMA[ds824]
1980270N13165  ,               ,bwp221980 ,bwp221980[jtwc_wp] = VERNON[tokyo] = VERNON[cma] = VERNON[hko] = UNNAMED[td9636] = VERNON[ds824]
1980275N34340  ,               ,bal141980 ,IVAN[hurdat_atl] = bal141980[atcf]
1980277N09157  ,               ,bwp231980 ,bwp231980[jtwc_wp] = WYNNE[tokyo] = WYNNE[cma] = WYNNE[hko] = UNNAMED[td9636] = WYNNE[ds824]
1980282N19162  ,               ,bwp241980 ,bwp241980[jtwc_wp] = ALEX[tokyo] = ALEX[cma] = ALEX[hko] = UNNAMED[td9636] = ALEX[ds824]
1980285N13252  ,               ,bep131980 ,MADELINE[hurdat_epa] = bep131980[jtwc_ep] = UNNAMED[td9636] = bep131980[atcf] = MADELINE[ds824]
1980290N16275  ,               ,bal151980 ,UNNAMED[hurdat_atl] = bal151980[atcf]
1980296N05165  ,               ,bwp251980 ,bwp251980[jtwc_wp] = BETTY[tokyo] = BETTY[cma] = BETTY[hko] = UNNAMED[td9636] = BETTY[ds824]
1980302N17250  ,               ,bep141980 ,NEWTON[hurdat_epa] = bep141980[jtwc_ep] = UNNAMED[td9636] = bep141980[atcf] = NEWTON[ds824]
1980313N14277  ,               ,bal161980 ,JEANNE[hurdat_atl] = bal161980[atcf]
1980318N13280  ,               ,bal171980 ,UNNAMED[hurdat_atl] = bal171980[atcf]
1980323N04180  ,               ,bwp271980 ,bwp271980[jtwc_wp] = DINAH[tokyo] = DINAH[cma] = DINAH[hko] = UNNAMED[td9636] = DINAH[ds824]
1980330N36314  ,               ,bal181980 ,KARL[hurdat_atl] = bal181980[atcf]
1980332S16214  ,               ,none      ,DIOLA[wellington] = DIOLA[neumann]
1981011S12185  ,               ,bsh091981 ,bsh091981[jtwc_sh] = ARTHUR[wellington] = UNNAMED[td9636] = ARTHUR[neumann]
1981022S13155  ,               ,bsh121981 ,bsh121981[jtwc_sh] = UNNAMED[td9636] = HSK1581[neumann]
1981030S17190  ,               ,bsh141981 ,bsh141981[jtwc_sh] = BETSY[wellington] = UNNAMED[td9636] = BETSY[neumann]
1981039S09178  ,               ,bsh151981 ,bsh151981[jtwc_sh] = CLIFF[bom] = CLIFF[wellington] = UNNAMED[td9636] = CLIFF[neumann]
1981047S18181  ,               ,none      ,CYC1981[wellington]
1981051S14181  ,               ,bsh181981 ,bsh181981[jtwc_sh] = DAMAN[wellington] = UNNAMED[td9636] = DAMAN[neumann]
1981054S12181  ,               ,none      ,CYC1981[wellington]
1981055S19120  ,               ,bsh191981 ,bsh191981[jtwc_sh] = NEIL[bom] = UNNAMED[td9636] = NEIL[neumann]
1981056S14141  ,               ,bsh201981 ,bsh201981[jtwc_sh] = FREDA[bom] = FREDA[wellington] = UNNAMED[td9636] = FREDA[neumann]
1981060S06176  ,               ,bsh211981 ,bsh211981[jtwc_sh] = ESAU[wellington] = UNNAMED[td9636] = ESAU[neumann]
1981068S19199  ,               ,bsh231981 ,bsh231981[jtwc_sh] = TAHMAR[wellington] = UNNAMED[td9636] = TAHMAR[neumann]
1981069S12135  ,               ,bsh241981 ,bsh241981[jtwc_sh] = MAX[bom] = UNNAMED[td9636] = MAX[neumann]
1981070N03173  ,               ,bwp011981 ,bwp011981[jtwc_wp] = FREDA[tokyo] = FREDA[cma] = FREDA[hko] = UNNAMED[td9636]
1981077S13198  ,               ,bsh251981 ,bsh251981[jtwc_sh] = FRAN[wellington] = UNNAMED[td9636] = FRAN[neumann]
1981086S16183  ,               ,none      ,CYC1981[wellington]
1981094S06094  ,               ,bsh271981 ,bsh271981[jtwc_sh] = OLGA[bom] = UNNAMED[td9636] = OLGA[neumann]
1981097N21299  ,               ,bal011981 ,UNNAMED[hurdat_atl] = bal011981[atcf]
1981102N04162  ,               ,bwp021981 ,bwp021981[jtwc_wp] = GERALD[tokyo] = GERALD[cma] = GERALD(-)1[cma] = GERALD[hko] = UNNAMED[td9636]
1981109N15147  ,               ,none      ,GERALD[cma]
1981110N11281  ,               ,bal021981 ,UNNAMED[hurdat_atl] = bal021981[atcf]
1981118N04164  ,               ,bwp031981 ,bwp031981[jtwc_wp] = HOLLY[tokyo] = HOLLY[cma] = HOLLY[hko] = UNNAMED[td9636]
1981127N18276  ,               ,bal031981 ,ARLENE[hurdat_atl] = bal031981[atcf]
1981142S08091  ,               ,bsh291981 ,bsh291981[jtwc_sh] = PADDY[bom] = UNNAMED[td9636] = PADDY[neumann]
1981151N11255  ,               ,bep011981 ,ADRIAN[hurdat_epa] = bep011981[jtwc_ep] = UNNAMED[td9636] = bep011981[atcf]
1981154N19266  ,               ,bal041981 ,UNNAMED[hurdat_atl] = bal041981[atcf]
1981158N17119  ,               ,bwp041981 ,bwp041981[jtwc_wp] = IKE[tokyo] = IKE[cma] = IKE[hko] = UNNAMED[td9636]
1981166N11135  ,               ,bwp051981 ,bwp051981[jtwc_wp] = JUNE[tokyo] = JUNE[cma] = JUNE[hko] = UNNAMED[td9636]
1981169N20268  ,               ,bal051981 ,UNNAMED[hurdat_atl] = bal051981[atcf]
1981176N08150  ,               ,bwp061981 ,bwp061981[jtwc_wp] = KELLY[tokyo] = KELLY[cma] = KELLY[hko] = UNNAMED[td9636]
1981178N05160  ,               ,bwp071981 ,bwp071981[jtwc_wp] = LYNN[tokyo] = LYNN[cma] = LYNN[hko] = UNNAMED[td9636]
1981180N11257  ,               ,bep021981 ,BEATRIZ[hurdat_epa] = bep021981[jtwc_ep] = UNNAMED[td9636] = bep021981[atcf]
1981181N36295  ,               ,bal061981 ,BRET[hurdat_atl] = bal061981[atcf]
1981183N24281  ,               ,bal071981 ,UNNAMED[hurdat_atl] = bal071981[atcf]
1981186N13258  ,               ,bep031981 ,CALVIN[hurdat_epa] = bep031981[jtwc_ep] = UNNAMED[td9636] = bep031981[atcf]
1981192N13253  ,               ,bep041981 ,DORA[hurdat_epa] = bep041981[jtwc_ep] = UNNAMED[td9636] = bep041981[atcf]
1981195N11138  ,               ,bwp081981 ,bwp081981[jtwc_wp] = MAURY[tokyo] = MAURY[cma] = MAURY[hko] = UNNAMED[td9636]
1981198N18253  ,               ,bep051981 ,EUGENE[hurdat_epa] = bep051981[jtwc_ep] = UNNAMED[td9636] = bep051981[atcf]
1981201N26147  ,               ,none      ,UNNAMED[cma]
1981202N24123  ,               ,bwp091981 ,bwp091981[jtwc_wp] = NINA[tokyo] = UNNAMED[cma] = TD0721[hko] = UNNAMED[td9636]
1981206N23268  ,               ,bal081981 ,UNNAMED[hurdat_atl] = bal081981[atcf]
1981207N22150  ,               ,bwp101981 ,bwp101981[jtwc_wp] = OGDEN[tokyo] = OGDEN[cma] = OGDEN[hko] = UNNAMED[td9636]
1981207S12087  ,               ,bsh011982 ,bsh011982[jtwc_sh] = UNNAMED[td9636] = HSK0182[neumann]
1981212N17142  ,               ,multiple  ,bwp111981[jtwc_wp] = PHYLLIS[cma] = TD0731[hko] = PHYLLIS[hko] = UNNAMED[td9636] = UNNAMED[td9636] = bwp121981[jtwc_wp] = PHYLLIS[tokyo]
1981212N18142  ,               ,none      ,UNNAMED[tokyo] = TD0731[hko]
1981214N13113  ,               ,bwp131981 ,bwp131981[jtwc_wp] = ROY[tokyo] = ROY[cma] = ROY[hko] = UNNAMED[td9636]
1981214N16133  ,               ,none      ,UNNAMED[cma]
1981215N36292  ,               ,bal091981 ,CINDY[hurdat_atl] = bal091981[atcf]
1981218N20168  ,               ,bwp141981 ,bwp141981[jtwc_wp] = SUSAN[tokyo] = SUSAN[cma] = SUSAN[hko] = UNNAMED[td9636]
1981219N11334  ,               ,bal101981 ,DENNIS[hurdat_atl] = bal101981[atcf]
1981219N12255  ,               ,bep061981 ,FERNANDA[hurdat_epa] = bep061981[jtwc_ep] = UNNAMED[td9636] = bep061981[atcf]
1981225N16249  ,               ,bep071981 ,GREG[hurdat_epa] = bep071981[jtwc_ep] = GREG[cphc] = UNNAMED[td9636] = bep071981[atcf]
1981226N16119  ,               ,bwp171981 ,bwp171981[jtwc_wp] = WARREN[tokyo] = WARREN[cma] = WARREN[hko] = UNNAMED[td9636]
1981226N17142  ,               ,bwp161981 ,bwp161981[jtwc_wp] = VANESSA[tokyo] = VANESSA[cma] = VANESSA[hko] = UNNAMED[td9636]
1981227N18129  ,               ,bwp151981 ,bwp151981[jtwc_wp] = THAD[tokyo] = THAD[cma] = THAD[hko] = UNNAMED[td9636]
1981229N13327  ,               ,bal111981 ,UNNAMED[hurdat_atl] = bal111981[atcf]
1981234N18253  ,               ,bep081981 ,HILARY[hurdat_epa] = bep081981[jtwc_ep] = UNNAMED[td9636] = bep081981[atcf]
1981237N16148  ,               ,bwp181981 ,bwp181981[jtwc_wp] = AGNES[tokyo] = AGNES[cma] = AGNES[hko] = UNNAMED[td9636]
1981239N21267  ,               ,bal121981 ,UNNAMED[hurdat_atl] = bal121981[atcf]
1981240N17257  ,               ,bep091981 ,IRWIN[hurdat_epa] = bep091981[jtwc_ep] = UNNAMED[td9636] = bep091981[atcf]
1981244N30287  ,               ,bal131981 ,EMILY[hurdat_atl] = bal131981[atcf]
1981245N23161  ,               ,bwp191981 ,bwp191981[jtwc_wp] = BILL[tokyo] = BILL[cma] = BILL[hko] = UNNAMED[td9636]
1981247N16300  ,               ,bal141981 ,FLOYD[hurdat_atl] = bal141981[atcf]
1981250N15306  ,               ,bal151981 ,GERT[hurdat_atl] = bal151981[atcf]
1981255N12286  ,               ,bal171981 ,UNNAMED[hurdat_atl] = bal171981[atcf]
1981255N14311  ,               ,bal161981 ,HARVEY[hurdat_atl] = bal161981[atcf]
1981256N10150  ,               ,bwp201981 ,bwp201981[jtwc_wp] = CLARA[tokyo] = CLARA[cma] = CLARA[hko] = UNNAMED[td9636]
1981258N15237  ,               ,bep101981 ,JOVA[hurdat_epa] = bep101981[jtwc_ep] = JOVA[cphc] = UNNAMED[td9636] = bep101981[atcf]
1981261N25174  ,               ,bwp211981 ,bwp211981[jtwc_wp] = DOYLE[tokyo] = DOYLE[cma] = DOYLE[hko] = UNNAMED[td9636]
1981262N16256  ,               ,bep111981 ,KNUT[hurdat_epa] = bep111981[jtwc_ep] = UNNAMED[td9636] = bep111981[atcf]
1981265N14117  ,               ,none      ,UNNAMED[cma]
1981265N14328  ,               ,bal181981 ,IRENE[hurdat_atl] = bal181981[atcf]
1981266N09151  ,               ,bwp221981 ,bwp221981[jtwc_wp] = ELSIE[tokyo] = ELSIE[cma] = ELSIE[hko] = UNNAMED[td9636]
1981269N08322  ,               ,bal191981 ,UNNAMED[hurdat_atl] = bal191981[atcf]
1981277N20116  ,               ,none      ,UNNAMED[cma]
1981280N20250  ,               ,bep121981 ,LIDIA[hurdat_epa] = bep121981[jtwc_ep] = UNNAMED[td9636] = bep121981[atcf]
1981281N15245  ,               ,bep131981 ,MAX[hurdat_epa] = bep131981[jtwc_ep] = UNNAMED[td9636] = bep131981[atcf]
1981282N15256  ,               ,bep141981 ,NORMA[hurdat_epa] = bep141981[jtwc_ep] = UNNAMED[td9636] = bep141981[atcf]
1981283N07132  ,               ,bwp231981 ,bwp231981[jtwc_wp] = FABIAN[tokyo] = FABIAN[cma] = FABIAN[hko] = UNNAMED[td9636]
1981286N10150  ,               ,bwp241981 ,bwp241981[jtwc_wp] = GAY[tokyo] = GAY[cma] = GAY[hko] = UNNAMED[td9636]
1981291S05081  ,               ,bsh021982 ,bsh021982[jtwc_sh] = UNNAMED[td9636] = ALEX[neumann]
1981297N11261  ,               ,bep151981 ,OTIS[hurdat_epa] = bep151981[jtwc_ep] = UNNAMED[td9636] = bep151981[atcf]
1981298N07083  ,               ,bio011981 ,bio011981[jtwc_io] = UNNAMED[td9636]
1981303N25313  ,               ,bal201981 ,JOSE[hurdat_atl] = bal201981[atcf]
1981306S03096  ,               ,bsh031982 ,bsh031982[jtwc_sh] = ARMELLE[reunion] = UNNAMED[td9636] = BESSI/ARMELL[neumann]
1981307N17279  ,               ,bal211981 ,KATRINA[hurdat_atl] = bal211981[atcf]
1981311N08119  ,               ,none      ,UNNAMED[cma] = TD1110[hko]
1981317N14153  ,               ,bwp251981 ,bwp251981[jtwc_wp] = HAZEN[tokyo] = HAZEN[cma] = HAZEN[hko] = UNNAMED[td9636]
1981317N31286  ,               ,bal221981 ,UNNAMED[hurdat_atl] = bal221981[atcf]
1981319N07163  ,               ,bwp261981 ,bwp261981[jtwc_wp] = IRMA[tokyo] = IRMA[cma] = IRMA[hko] = UNNAMED[td9636]
1981321N13092  ,               ,bio021981 ,bio021981[jtwc_io] = UNNAMED[td9636]
1981324N08158  ,               ,bwp271981 ,bwp271981[jtwc_wp] = JEFF[tokyo] = JEFF[cma] = JEFF[hko] = UNNAMED[td9636]
1981335S16139  ,               ,bsh041982 ,bsh041982[jtwc_sh] = AMELIA[bom] = UNNAMED[td9636] = AMELIA[neumann]
1981337S11133  ,               ,none      ,AMELIA[neumann]
1981339N11089  ,               ,bio031981 ,bio031981[jtwc_io] = UNNAMED[td9636]
1981343N05150  ,               ,bwp281981 ,bwp281981[jtwc_wp] = KIT[tokyo] = KIT[cma] = KIT(-)1[cma] = KIT[hko] = UNNAMED[td9636]
1981353S09172  ,               ,bsh061982 ,bsh061982[jtwc_sh] = GYAN[wellington] = UNNAMED[td9636] = GYAN[neumann]
1981354S12140  ,               ,none      ,UNNAMED[bom] = HSK0782[neumann]
1981355N07149  ,               ,bwp291981 ,bwp291981[jtwc_wp] = LEE[tokyo] = LEE[cma] = LEE[hko] = UNNAMED[td9636]
1981363S10079  ,               ,bsh071982 ,bsh071982[jtwc_sh] = CLARISSEE[reunion] = UNNAMED[td9636] = CLARISSEE[neumann]
1982005S10105  ,               ,bsh081982 ,bsh081982[jtwc_sh] = CHRIS[bom] = DAMIA[reunion] = UNNAMED[td9636] = CHRIS/DAMIA[neumann]
1982011S07094  ,               ,multiple  ,bsh091982[jtwc_sh] = DAPHNE-FIFI[bom] = UNNAMED[td9636] = UNNAMED[td9636] = DAPHNE/FIFI[neumann] = HSK1382[neumann] = bsh121982[jtwc_sh]
1982011S11141  ,               ,multiple  ,bsh111982[jtwc_sh] = BRUNO[bom] = UNNAMED[td9636] = UNNAMED[td9636] = BRUNO[neumann] = HSK1482[neumann] = bsh131982[jtwc_sh]
1982011S12119  ,               ,bsh101982 ,bsh101982[jtwc_sh] = ERROL[bom] = UNNAMED[td9636] = ERROL[neumann]
1982022S26154  ,               ,bsh141982 ,bsh141982[jtwc_sh] = ABIGAIL[bom] = ABIGAIL[wellington] = UNNAMED[td9636] = ABIGAIL[neumann]
1982024S18166  ,               ,bsh151982 ,bsh151982[jtwc_sh] = HETTIE[wellington] = UNNAMED[td9636] = HETTIE[neumann]
1982027S16120  ,               ,bsh171982 ,bsh171982[jtwc_sh] = GRAHAM[bom] = UNNAMED[td9636] = GRAHAM[neumann]
1982030S15065  ,               ,bsh161982 ,bsh161982[jtwc_sh] = ELECTRE[reunion] = UNNAMED[td9636] = ELECTRE[neumann]
1982035S13141  ,               ,bsh181982 ,bsh181982[jtwc_sh] = CORAL[bom] = UNNAMED[td9636] = CORAL[neumann]
1982036S16060  ,               ,none      ,GABRIELLE[reunion] = GABRIELLE[neumann]
1982043S12073  ,               ,none      ,HEBERTE[reunion] = HEBERTE[neumann]
1982043S12104  ,               ,bsh191982 ,bsh191982[jtwc_sh] = HARRIET[bom] = UNNAMED[td9636] = HARRIET[neumann]
1982054S13123  ,               ,bsh211982 ,bsh211982[jtwc_sh] = IAN[bom] = UNNAMED[td9636] = IAN[neumann]
1982054S23036  ,               ,bsh201982 ,bsh201982[jtwc_sh] = UNNAMED[td9636] = HSK2482[neumann]
1982054S23052  ,               ,none      ,ISABEAU[reunion]
1982058S10185  ,               ,bsh221982 ,bsh221982[jtwc_sh] = ISAAC[wellington] = UNNAMED[td9636] = ISAAC[neumann]
1982073N07153  ,               ,bwp011982 ,bwp011982[jtwc_wp] = MAMIE[tokyo] = MIMIE[cma] = MAMIE[hko] = UNNAMED[td9636]
1982075S11096  ,               ,bsh231982 ,bsh231982[jtwc_sh] = UNNAMED[td9636] = HSK2782[neumann]
1982075S12055  ,               ,bsh241982 ,bsh241982[jtwc_sh] = JUSTINE[reunion] = UNNAMED[td9636] = JUSTINE[neumann]
1982077N04161  ,               ,bwp021982 ,bwp021982[jtwc_wp] = NELSON[tokyo] = NELSON[cma] = NELSON[hko] = UNNAMED[td9636]
1982087N04157  ,               ,bwp031982 ,bwp031982[jtwc_wp] = ODESSA[tokyo] = ODESSA[cma] = ODESSA[hko] = UNNAMED[td9636]
1982091S03159  ,               ,bsh251982 ,bsh251982[jtwc_sh] = BERNIE[bom] = BERNIE[wellington] = UNNAMED[td9636] = BERNIE[neumann]
1982095S11138  ,               ,bsh261982 ,bsh261982[jtwc_sh] = DOMINIC[bom] = DOMINIC[wellington] = UNNAMED[td9636] = DOMINIC[neumann]
1982113S06085  ,               ,bsh271982 ,bsh271982[jtwc_sh] = KARLA[reunion] = UNNAMED[td9636] = KARLA[neumann]
1982120N11083  ,               ,bio011982 ,bio011982[jtwc_io] = UNNAMED[newdelhi] = UNNAMED[td9636]
1982131S09157  ,               ,bsh281982 ,bsh281982[jtwc_sh] = CLAUDIA[bom] = CLAUDIA[wellington] = UNNAMED[td9636] = CLAUDIA[neumann]
1982136N08140  ,               ,bwp041982 ,bwp041982[jtwc_wp] = PAT[tokyo] = PAT[cma] = PAT[hko] = UNNAMED[td9636]
1982140N11255  ,               ,bep011982 ,ALETTA[hurdat_epa] = bep011982[jtwc_ep] = UNNAMED[td9636] = bep011982[atcf]
1982150N13087  ,               ,bio021982 ,bio021982[jtwc_io] = UNNAMED[newdelhi] = UNNAMED[td9636]
1982152N13264  ,               ,bep021982 ,bep021982[jtwc_ep]
1982154N22273  ,               ,bal011982 ,ALBERTO[hurdat_atl] = bal011982[atcf]
1982164N08237  ,               ,bep031982 ,bep031982[jtwc_ep]
1982167N13255  ,               ,multiple  ,BUD[hurdat_epa] = bep041982[jtwc_ep] = UNNAMED[td9636] = bep021982[atcf]
1982168N13266  ,               ,bep051982 ,bep051982[jtwc_ep]
1982168N23090  ,               ,none      ,UNNAMED[newdelhi]
1982169N09149  ,               ,bwp051982 ,bwp051982[jtwc_wp] = RUBY[tokyo] = RUBY[cma] = RUBY[hko] = UNNAMED[td9636]
1982169N26274  ,               ,bal021982 ,UNNAMED[hurdat_atl] = bal021982[atcf]
1982176N18114  ,               ,multiple  ,bwp061982[jtwc_wp] = TESS/VAL[tokyo] = TESS[cma] = VAL[cma] = TESS[hko] = VAL[hko] = UNNAMED[td9636] = UNNAMED[td9636] = bwp081982[jtwc_wp]
1982179N19128  ,               ,bwp071982 ,bwp071982[jtwc_wp] = SKIP[tokyo] = SKIP[cma] = SKIP[hko] = UNNAMED[td9636]
1982183N13253  ,               ,multiple  ,CARLOTTA[hurdat_epa] = bep061982[jtwc_ep] = UNNAMED[td9636] = bep031982[atcf]
1982184N13225  ,               ,bep071982 ,bep071982[jtwc_ep]
1982186S06056  ,               ,bsh011983 ,bsh011983[jtwc_sh] = HSK0182[neumann]
1982188N09262  ,               ,multiple  ,DANIEL[hurdat_epa] = bep081982[jtwc_ep] = DANIEL[cphc] = UNNAMED[td9636] = bep041982[atcf]
1982190N09148  ,               ,bwp091982 ,bwp091982[jtwc_wp] = WINONA[tokyo] = WINONA[cma] = WINONA[hko] = UNNAMED[td9636]
1982194N10224  ,               ,multiple  ,EMILIA[hurdat_epa] = bcp011982[jtwc_cp] = EMILIA[cphc] = UNNAMED[td9636] = bep051982[atcf]
1982195N12249  ,               ,bep091982 ,bep091982[jtwc_ep]
1982196N20069  ,               ,none      ,UNNAMED[newdelhi]
1982197N11240  ,               ,bep101982 ,bep101982[jtwc_ep]
1982199N11257  ,               ,multiple  ,FABIO[hurdat_epa] = bep111982[jtwc_ep] = UNNAMED[td9636] = bep061982[atcf]
1982199N18088  ,               ,none      ,UNNAMED[newdelhi]
1982202N11165  ,               ,bwp111982 ,bwp111982[jtwc_wp] = BESS[tokyo] = BESS[cma] = BESS[hko] = UNNAMED[td9636]
1982202N12148  ,               ,bwp101982 ,bwp101982[jtwc_wp] = ANDY[tokyo] = ANDY[cma] = ANDY(-)1[cma] = ANDY[hko] = UNNAMED[td9636]
1982207N09243  ,               ,multiple  ,GILMA[hurdat_epa] = bep121982[jtwc_ep] = GILMA[cphc] = UNNAMED[td9636] = bep071982[atcf]
1982210N11245  ,               ,multiple  ,HECTOR[hurdat_epa] = bep131982[jtwc_ep] = UNNAMED[td9636] = bep081982[atcf]
1982213N12253  ,               ,multiple  ,IVA[hurdat_epa] = bep141982[jtwc_ep] = UNNAMED[td9636] = bep091982[atcf]
1982213N13145  ,               ,bwp121982 ,bwp121982[jtwc_wp] = CECIL[tokyo] = CECIL[cma] = CECIL[hko] = UNNAMED[td9636]
1982214N23090  ,               ,none      ,UNNAMED[newdelhi]
1982215N10236  ,               ,multiple  ,JOHN[hurdat_epa] = bep151982[jtwc_ep] = JOHN[cphc] = UNNAMED[td9636] = bep101982[atcf]
1982220N08154  ,               ,bwp131982 ,bwp131982[jtwc_wp] = DOT[tokyo] = DOT[cma] = DOT[hko] = UNNAMED[td9636]
1982221N10236  ,               ,multiple  ,KRISTY[hurdat_epa] = bep161982[jtwc_ep] = KRISTY[cphc] = UNNAMED[td9636] = bep111982[atcf]
1982221N10250  ,               ,multiple  ,LANE[hurdat_epa] = bep171982[jtwc_ep] = UNNAMED[td9636] = bep121982[atcf]
1982224N20089  ,               ,none      ,UNNAMED[newdelhi]
1982227N09140  ,               ,bwp151982 ,bwp151982[jtwc_wp] = FAYE[tokyo] = FAYE[cma] = FAYE[hko] = UNNAMED[td9636]
1982229N09154  ,               ,bwp141982 ,bwp141982[jtwc_wp] = ELLIS[tokyo] = ELLIS[cma] = ELLIS[hko] = UNNAMED[td9636]
1982230N21088  ,               ,none      ,UNNAMED[newdelhi]
1982237N26080  ,               ,none      ,UNNAMED[newdelhi]
1982238N10161  ,               ,bwp161982 ,bwp161982[jtwc_wp] = GORDON[tokyo] = GORDON[cma] = GORDON[hko] = UNNAMED[td9636]
1982239N19089  ,               ,none      ,UNNAMED[newdelhi]
1982241N14338  ,               ,bal031982 ,BERYL[hurdat_atl] = bal031982[atcf]
1982242N11191  ,               ,multiple  ,AKONI[hurdat_epa] = bcp021982[jtwc_cp] = AKONI[cphc] = UNNAMED[td9636] = bcp011982[atcf]
1982242N13253  ,               ,multiple  ,MIRIAM[hurdat_epa] = bep181982[jtwc_ep] = MIRIAM[cphc] = UNNAMED[td9636] = bep131982[atcf]
1982246N16119  ,               ,bwp171982 ,bwp171982[jtwc_wp] = HOPE[tokyo] = HOPE[cma] = HOPE[hko] = UNNAMED[td9636]
1982247N11147  ,               ,bwp191982 ,bwp191982[jtwc_wp] = JUDY[tokyo] = JUDY[cma] = JUDY[hko] = UNNAMED[td9636]
1982248N14133  ,               ,bwp181982 ,bwp181982[jtwc_wp] = IRVING[tokyo] = IRVING[cma] = IRVING[hko] = UNNAMED[td9636]
1982249N17307  ,               ,bal041982 ,UNNAMED[hurdat_atl] = bal041982[atcf]
1982252N18089  ,               ,none      ,UNNAMED[newdelhi]
1982252N26269  ,               ,bal051982 ,CHRIS[hurdat_atl] = bal051982[atcf]
1982253N10250  ,               ,multiple  ,NORMAN[hurdat_epa] = bep191982[jtwc_ep] = UNNAMED[td9636] = bep141982[atcf]
1982254N14229  ,               ,bep201982 ,bep201982[jtwc_ep]
1982257N17140  ,               ,bwp201982 ,bwp201982[jtwc_wp] = KEN[tokyo] = KEN[cma] = KEN[hko] = UNNAMED[td9636]
1982257N20172  ,               ,bwp211982 ,bwp211982[jtwc_wp] = LOLA[tokyo] = LOLA[cma] = LOLA[hko] = UNNAMED[td9636]
1982257N20291  ,               ,bal061982 ,DEBBY[hurdat_atl] = bal061982[atcf]
1982259N15202  ,               ,multiple  ,HANA[hurdat_epa] = bcp041982[jtwc_cp] = HANA[cphc] = UNNAMED[td9636] = bcp031982[atcf]
1982259N16218  ,               ,multiple  ,EMA[hurdat_epa] = bcp031982[jtwc_cp] = EMA[cphc] = UNNAMED[td9636] = bcp021982[atcf]
1982261N20150  ,               ,bwp221982 ,bwp221982[jtwc_wp] = UNNAMED[cma] = TD0920[hko] = UNNAMED[td9636]
1982262N11258  ,               ,multiple  ,OLIVIA[hurdat_epa] = bep211982[jtwc_ep] = UNNAMED[td9636] = bep151982[atcf]
1982262N12270  ,               ,multiple  ,PAUL[hurdat_epa] = bep221982[jtwc_ep] = UNNAMED[td9636] = bep161982[atcf]
1982267N25289  ,               ,bal071982 ,UNNAMED[hurdat_atl] = bal071982[atcf]
1982272N11156  ,               ,bwp231982 ,bwp231982[jtwc_wp] = MAC[tokyo] = MAC[cma] = MAC[hko] = UNNAMED[td9636]
1982272N22092  ,               ,none      ,UNNAMED[newdelhi]
1982274N13071  ,               ,none      ,UNNAMED[newdelhi]
1982274N13265  ,               ,multiple  ,ROSA[hurdat_epa] = bep231982[jtwc_ep] = UNNAMED[td9636] = bep171982[atcf]
1982274N25295  ,               ,bal081982 ,ERNESTO[hurdat_atl] = bal081982[atcf]
1982283N17148  ,               ,bwp241982 ,bwp241982[jtwc_wp] = NANCY[tokyo] = NANCY[cma] = NANCY[hko] = UNNAMED[td9636]
1982286N09170  ,               ,bwp261982 ,bwp261982[jtwc_wp] = OWEN[tokyo] = OWEN[cma] = OWEN[hko] = UNNAMED[td9636]
1982286N17145  ,               ,bwp251982 ,bwp251982[jtwc_wp] = UNNAMED[cma] = TD1015[hko] = UNNAMED[td9636]
1982287N09269  ,               ,multiple  ,SERGIO[hurdat_epa] = bep241982[jtwc_ep] = UNNAMED[td9636] = bep181982[atcf]
1982287N13091  ,               ,bio031982 ,bio031982[jtwc_io] = UNNAMED[newdelhi] = UNNAMED[td9636]
1982287N22137  ,               ,none      ,UNNAMED[cma]
1982290N09084  ,               ,bio041982 ,bio041982[jtwc_io] = UNNAMED[newdelhi] = UNNAMED[td9636]
1982293N09257  ,               ,multiple  ,TARA[hurdat_epa] = bep251982[jtwc_ep] = UNNAMED[td9636] = bep191982[atcf]
1982300S09056  ,               ,none      ,ARILISY[reunion] = ARILISY[neumann]
1982304S10171  ,               ,bsh021983 ,bsh021983[jtwc_sh] = JOTI[wellington] = UNNAMED[td9636] = JOTI[neumann]
1982309N12066  ,               ,bio051982 ,bio051982[jtwc_io] = UNNAMED[newdelhi] = UNNAMED[td9636]
1982311S09181  ,               ,bsh031983 ,bsh031983[jtwc_sh] = KINA[wellington] = UNNAMED[td9636] = KINA[neumann]
1982324N10193  ,               ,multiple  ,IWA[hurdat_epa] = bcp051982[jtwc_cp] = IWA[cphc] = UNNAMED[td9636] = bcp041982[atcf]
1982325N08176  ,               ,bwp271982 ,bwp271982[jtwc_wp] = PAMELA[tokyo] = PAMELA[cma] = PAMELA[hko] = UNNAMED[td9636]
1982332N07088  ,               ,none      ,UNNAMED[newdelhi]
1982333N09067  ,               ,none      ,UNNAMED[newdelhi]
1982334S09060  ,               ,bsh041983 ,bsh041983[jtwc_sh] = BEMANY[reunion] = BEMANY[neumann]
1982337N08084  ,               ,none      ,UNNAMED[newdelhi]
1982339N07139  ,               ,bwp281982 ,bwp281982[jtwc_wp] = ROGER[tokyo] = ROGER[cma] = ROGER[hko] = UNNAMED[td9636]
1982344S09200  ,               ,bsh051983 ,bsh051983[jtwc_sh] = LISA[wellington] = UNNAMED[td9636] = LISA[neumann]
1982353S13064  ,               ,none      ,CLERA[reunion] = UNNAMED[td9636] = CLERA[neumann]
1982355S09060  ,               ,bsh061983 ,bsh061983[jtwc_sh] = DADAFY[reunion] = UNNAMED[td9636] = DADAFY[neumann]
1983002S11112  ,               ,bsh071983 ,bsh071983[jtwc_sh] = JANE[bom] = UNNAMED[td9636] = JANE[neumann]
1983010S08049  ,               ,bsh081983 ,bsh081983[jtwc_sh] = ELINAH[reunion] = UNNAMED[td9636] = ELINAH[neumann]
1983014S15143  ,               ,bsh091983 ,bsh091983[jtwc_sh] = DES[bom] = DES[wellington] = UNNAMED[td9636] = DES[neumann]
1983019S14176  ,               ,bsh101983 ,bsh101983[jtwc_sh] = MARK[wellington] = UNNAMED[td9636] = MARK[neumann]
1983022S10218  ,               ,none      ,NANO[wellington] = UNNAMED[td9636] = NANO[neumann]
1983037S18062  ,               ,bsh111983 ,bsh111983[jtwc_sh] = HSK1483[neumann]
1983042S11158  ,               ,bsh121983 ,bsh121983[jtwc_sh] = ELINOR[bom] = ELINOR[wellington] = UNNAMED[td9636] = ELINOR[neumann]
1983051S15214  ,               ,bsh131983 ,bsh131983[jtwc_sh] = NISHA[wellington] = NISHA/ORAMA[neumann]
1983054S15179  ,               ,bsh141983 ,bsh141983[jtwc_sh] = OSCAR[wellington] = UNNAMED[td9636] = OSCAR[neumann]
1983056S11193  ,               ,bsh151983 ,bsh151983[jtwc_sh] = PREMA[wellington] = UNNAMED[td9636] = PREMA[neumann]
1983059S13127  ,               ,bsh161983 ,bsh161983[jtwc_sh] = KEN[bom] = UNNAMED[td9636] = KEN[neumann]
1983066S11213  ,               ,bsh171983 ,bsh171983[jtwc_sh] = REWA[wellington] = UNNAMED[td9636] = REWA[neumann]
1983079S13224  ,               ,none      ,SABA[wellington]
1983082S11180  ,               ,bsh181983 ,bsh181983[jtwc_sh] = SARAH[wellington] = UNNAMED[td9636] = SARAH[neumann]
1983082S15216  ,               ,none      ,UNNAMED[td9636]
1983086S08204  ,               ,bsh191983 ,bsh191983[jtwc_sh] = TOMASI[wellington] = UNNAMED[td9636] = TOMASI[neumann]
1983092S10125  ,               ,bsh201983 ,bsh201983[jtwc_sh] = LENA[bom] = UNNAMED[td9636] = LENA[neumann]
1983097S10224  ,               ,bsh211983 ,bsh211983[jtwc_sh] = VEENA[wellington] = UNNAMED[td9636] = VEENA[neumann]
1983105S09228  ,               ,bsh221983 ,bsh221983[jtwc_sh] = WILLIAM[wellington] = WILLIAM[neumann]
1983110S12080  ,               ,bsh231983 ,bsh231983[jtwc_sh] = NAOMI[bom] = UNNAMED[td9636] = NAOMI[neumann]
1983112S10096  ,               ,bsh241983 ,bsh241983[jtwc_sh] = MONTY[bom] = UNNAMED[td9636] = MONTY[neumann]
1983141N07269  ,               ,bep011983 ,ADOLPH[hurdat_epa] = bep011983[jtwc_ep] = UNNAMED[td9636] = bep011983[atcf]
1983160N11266  ,               ,bep021983 ,BARBARA[hurdat_epa] = bep021983[jtwc_ep] = UNNAMED[td9636] = bep021983[atcf]
1983167N05145  ,               ,bwp011983 ,bwp011983[jtwc_wp] = SARAH[tokyo] = SARAH[cma] = SARAH[hko] = UNNAMED[td9636]
1983171N20071  ,               ,none      ,UNNAMED[newdelhi]
1983173S11056  ,               ,none      ,FELY[reunion]
1983175N18087  ,               ,none      ,UNNAMED[newdelhi]
1983183N11251  ,               ,bep031983 ,COSME[hurdat_epa] = bep031983[jtwc_ep] = UNNAMED[td9636] = bep031983[atcf]
1983186N04153  ,               ,bwp031983 ,bwp031983[jtwc_wp] = VERA[tokyo] = VERA[cma] = VERA[hko] = UNNAMED[td9636]
1983187N12259  ,               ,bep041983 ,DALILIA[hurdat_epa] = bep041983[jtwc_ep] = UNNAMED[td9636] = bep041983[atcf]
1983188N06136  ,               ,bwp021983 ,bwp021983[jtwc_wp] = TIP[tokyo] = TIP[cma] = TIP[hko] = UNNAMED[td9636]
1983192S05089  ,               ,bsh011984 ,bsh011984[jtwc_sh] = HSK0184[neumann]
1983193N11256  ,               ,bep051983 ,ERICK[hurdat_epa] = bep051983[jtwc_ep] = UNNAMED[td9636] = bep051983[atcf]
1983198N18255  ,               ,bep061983 ,FLOSSIE[hurdat_epa] = bep061983[jtwc_ep] = UNNAMED[td9636] = bep061983[atcf]
1983201N08144  ,               ,bwp041983 ,bwp041983[jtwc_wp] = WAYNE[tokyo] = WAYNE[cma] = WAYNE[hko] = UNNAMED[td9636]
1983205N10322  ,               ,bal011983 ,UNNAMED[hurdat_atl] = bal011983[atcf]
1983205N11265  ,               ,bep071983 ,GIL[hurdat_epa] = bep071983[jtwc_ep] = GIL[cphc] = UNNAMED[td9636] = bep071983[atcf]
1983208N11265  ,               ,bep081983 ,HENRIETTE[hurdat_epa] = bep081983[jtwc_ep] = UNNAMED[td9636] = bep081983[atcf]
1983209N12333  ,               ,bal021983 ,UNNAMED[hurdat_atl] = bal021983[atcf]
1983212N06151  ,               ,bwp051983 ,bwp051983[jtwc_wp] = ABBY[tokyo] = ABBY[cma] = ABBY[hko] = UNNAMED[td9636]
1983213N10199  ,               ,none      ,ONE-C[cphc]
1983216N23088  ,               ,bio011983 ,bio011983[jtwc_io] = UNNAMED[newdelhi] = UNNAMED[td9636]
1983220N16111  ,               ,bwp061983 ,bwp061983[jtwc_wp] = CARMEN[tokyo] = CARMEN[cma] = CARMEN[hko] = UNNAMED[td9636]
1983221N13254  ,               ,bep091983 ,ISMAEL[hurdat_epa] = bep091983[jtwc_ep] = UNNAMED[td9636] = bep091983[atcf]
1983223N23143  ,               ,bwp071983 ,bwp071983[jtwc_wp] = BEN[tokyo] = BEN[cma] = BEN[hko] = UNNAMED[td9636]
1983227N15142  ,               ,none      ,UNNAMED[td9636]
1983228N27270  ,               ,bal031983 ,ALICIA[hurdat_atl] = bal031983[atcf]
1983229N15140  ,               ,bwp081983 ,bwp081983[jtwc_wp] = DOM[tokyo] = DOM[cma] = DOM[hko] = UNNAMED[td9636]
1983236N26284  ,               ,bal041983 ,BARRY[hurdat_atl] = bal041983[atcf]
1983237N11253  ,               ,bep101983 ,JULIETTE[hurdat_epa] = bep101983[jtwc_ep] = UNNAMED[td9636] = bep101983[atcf]
1983237N25128  ,               ,bwp091983 ,bwp091983[jtwc_wp] = TD0825[hko] = UNNAMED[td9636]
1983239N10183  ,               ,bwp101983 ,bwp101983[jtwc_wp] = ELLEN[tokyo] = ELLEN[cma] = ELLEN[hko] = UNNAMED[td9636]
1983243N11184  ,               ,none      ,TWO-C[cphc]
1983243N12259  ,               ,bep111983 ,KIKO[hurdat_epa] = bep111983[jtwc_ep] = UNNAMED[td9636] = bep111983[atcf]
1983249N15260  ,               ,bep121983 ,LORENA[hurdat_epa] = bep121983[jtwc_ep] = UNNAMED[td9636] = bep121983[atcf]
1983252N25083  ,               ,none      ,UNNAMED[newdelhi]
1983254N30296  ,               ,bal051983 ,CHANTAL[hurdat_atl] = bal051983[atcf]
1983255N12261  ,               ,bep131983 ,MANUEL[hurdat_epa] = bep131983[jtwc_ep] = UNNAMED[td9636] = bep131983[atcf]
1983259N08161  ,               ,bwp111983 ,bwp111983[jtwc_wp] = FORREST[tokyo] = FORREST[cma] = FORREST[hko] = UNNAMED[td9636]
1983264N15248  ,               ,bep141983 ,NARDA[hurdat_epa] = bep141983[jtwc_ep] = NARDA[cphc] = UNNAMED[td9636] = bep141983[atcf]
1983270N28287  ,               ,bal061983 ,DEAN[hurdat_atl] = bal061983[atcf]
1983271N12242  ,               ,bep151983 ,OCTAVE[hurdat_epa] = bep151983[jtwc_ep] = UNNAMED[td9636] = bep151983[atcf]
1983271N18118  ,               ,bwp121983 ,bwp121983[jtwc_wp] = GEORGIA[tokyo] = GEORGIA[cma] = GEORGIA[hko] = UNNAMED[td9636]
1983274N12251  ,               ,bep161983 ,PRISCILLA[hurdat_epa] = bep161983[jtwc_ep] = UNNAMED[td9636] = bep161983[atcf]
1983274N15119  ,               ,none      ,UNNAMED[cma] = TD1001[hko]
1983274N18089  ,               ,bio021983 ,bio021983[jtwc_io] = UNNAMED[td9636]
1983276N06130  ,               ,bwp131983 ,bwp131983[jtwc_wp] = HERBERT[tokyo] = HERBERT[cma] = HERBERT[hko] = UNNAMED[td9636]
1983279N04140  ,               ,bwp151983 ,bwp151983[jtwc_wp] = JOE[tokyo] = JOE[cma] = JOE[hko] = UNNAMED[td9636]
1983279N17148  ,               ,bwp141983 ,bwp141983[jtwc_wp] = IDA[tokyo] = IDA[cma] = IDA[hko] = UNNAMED[td9636]
1983281N12256  ,               ,bep171983 ,RAYMOND[hurdat_epa] = bep171983[jtwc_ep] = RAYMOND[cphc] = UNNAMED[td9636] = bep171983[atcf]
1983282N09155  ,               ,multiple  ,bwp161983[jtwc_wp] = KIM[tokyo] = KIM[cma] = bio031983[jtwc_io] = KIM[hko] = UNNAMED[td9636]
1983283N13230  ,               ,bep181983 ,SONIA[hurdat_epa] = bep181983[jtwc_ep] = SONIA[cphc] = UNNAMED[td9636] = bep181983[atcf]
1983285N09260  ,               ,bep191983 ,TICO[hurdat_epa] = bep191983[jtwc_ep] = UNNAMED[td9636] = bep191983[atcf]
1983287N09164  ,               ,bwp171983 ,bwp171983[jtwc_wp] = LEX[tokyo] = LEX[cma] = LEX[hko] = UNNAMED[td9636]
1983287N19091  ,               ,none      ,HERBERT[newdelhi]
1983295S08089  ,               ,multiple  ,bsh021984[jtwc_sh] = bsh031984[jtwc_sh] = OSCAR[bom] = UNNAMED[td9636] = OSCAR[neumann]
1983299N07172  ,               ,bwp181983 ,bwp181983[jtwc_wp] = MARGE[tokyo] = MARGE[cma] = MARGE[hko] = UNNAMED[td9636]
1983301N11119  ,               ,none      ,UNNAMED[cma]
1983306N08259  ,               ,bep201983 ,VELMA[hurdat_epa] = bep201983[jtwc_ep] = UNNAMED[td9636] = bep201983[atcf]
1983309N10091  ,               ,bio041983 ,bio041983[jtwc_io] = UNNAMED[newdelhi] = UNNAMED[td9636]
1983311N15161  ,               ,bwp191983 ,bwp191983[jtwc_wp] = NORRIS[tokyo] = NORRIS[cma] = NORRIS[hko] = UNNAMED[td9636]
1983315S06090  ,               ,bsh041984 ,bsh041984[jtwc_sh] = PEARL[bom] = UNNAMED[td9636] = PEARL[neumann]
1983317N12153  ,               ,bwp201983 ,bwp201983[jtwc_wp] = ORCHID[tokyo] = ORCHID[cma] = ORCHID[hko] = UNNAMED[td9636]
1983319N05157  ,               ,bwp221983 ,bwp221983[jtwc_wp] = UNNAMED[td9636]
1983321N11111  ,               ,bwp211983 ,bwp211983[jtwc_wp] = PERCY[tokyo] = PERCY[cma] = PERCY[hko] = UNNAMED[td9636]
1983324S08073  ,               ,bsh051984 ,bsh051984[jtwc_sh] = UNNAMED[td9636] = HSK0484[neumann]
1983325N08148  ,               ,bwp221983 ,bwp221983[jtwc_wp] = RUTH[tokyo] = UNNAMED[cma] = RUTH[cma] = TD1121[hko] = RUTH[hko] = UNNAMED[td9636]
1983330S11113  ,               ,bsh061984 ,bsh061984[jtwc_sh] = QUENTON[bom] = UNNAMED[td9636] = QUENTON[neumann]
1983334N09142  ,               ,bwp231983 ,bwp231983[jtwc_wp] = SPERRY[tokyo] = SPERRY[cma] = SPERRY[hko] = UNNAMED[td9636]
1983339N13257  ,               ,bep211983 ,WINNIE[hurdat_epa] = bep211983[jtwc_ep] = UNNAMED[td9636] = bep211983[atcf]
1983339S10065  ,               ,bsh071984 ,bsh071984[jtwc_sh] = ANDRY[reunion] = UNNAMED[td9636] = ANDRY[neumann]
1983343S14148  ,               ,bsh081984 ,bsh081984[jtwc_sh] = FRITZ[bom] = FRITZ[wellington] = UNNAMED[td9636] = FRITZ[neumann]
1983347N06154  ,               ,bwp241983 ,bwp241983[jtwc_wp] = THELMA[tokyo] = THELMA[cma] = THELMA[hko] = UNNAMED[td9636]
1983352N08129  ,               ,none      ,UNNAMED[cma]
1983353S06130  ,               ,bsh101984 ,bsh101984[jtwc_sh] = ESTHER[bom] = UNNAMED[bom] = UNNAMED[td9636] = UNNAMED[td9636] = ESTHER[neumann]
1983353S08070  ,               ,bsh091984 ,bsh091984[jtwc_sh] = BAKOLY[reunion] = UNNAMED[td9636] = BAKOLY[neumann]
1983356N08081  ,               ,none      ,UNNAMED[newdelhi]
1983359S13083  ,               ,none      ,UNNAMED[td9636] = SHARON[neumann]
1983360S13174  ,               ,bsh111984 ,bsh111984[jtwc_sh] = ATU[wellington] = UNNAMED[td9636] = ATU[neumann]
1984002S14108  ,               ,bsh121984 ,bsh121984[jtwc_sh] = TIM[bom] = UNNAMED[td9636] = TIM[neumann]
1984005S15044  ,               ,none      ,CABOTO[reunion] = UNNAMED[td9636] = CABOTO[neumann]
1984011S18149  ,               ,bsh131984 ,bsh131984[jtwc_sh] = GRACE[bom] = GRACE[wellington] = UNNAMED[td9636] = GRACE[neumann]
1984016S15073  ,               ,bsh141984 ,bsh141984[jtwc_sh] = DOMOINA[reunion] = UNNAMED[td9636] = DOMOINA[neumann]
1984020S11077  ,               ,bsh151984 ,bsh151984[jtwc_sh] = EDOARA[reunion] = UNNAMED[td9636] = EDOARA[neumann]
1984022S08086  ,               ,bsh161984 ,bsh161984[jtwc_sh] = VIVIENNE[bom] = FANJA[reunion] = UNNAMED[td9636] = VIVIENNE/FAN[neumann]
1984025S14073  ,               ,none      ,GALY[reunion] = UNNAMED[td9636] = GALY[neumann]
1984032S15160  ,               ,bsh171984 ,bsh171984[jtwc_sh] = BETI[wellington] = UNNAMED[td9636] = BETI[neumann]
1984033S12115  ,               ,bsh191984 ,bsh191984[jtwc_sh] = WILLY[bom] = UNNAMED[td9636] = WILLY[neumann]
1984035S09101  ,               ,bsh211984 ,bsh211984[jtwc_sh] = ANNETTE[bom] = JAMINY[reunion] = UNNAMED[td9636] = UNNAMED[td9636] = ANNETTE/JAMI[neumann]
1984035S15152  ,               ,bsh181984 ,bsh181984[jtwc_sh] = HARVEY[bom] = HARVEY[wellington] = UNNAMED[td9636] = HARVEY[neumann]
1984038S12073  ,               ,bsh201984 ,bsh201984[jtwc_sh] = HAJA[reunion] = UNNAMED[td9636] = HAJA[neumann]
1984041S17042  ,               ,multiple  ,bsh221984[jtwc_sh] = bsh231984[jtwc_sh] = IMBOA[reunion] = UNNAMED[td9636] = IMBOA[neumann]
1984048S16120  ,               ,bsh241984 ,bsh241984[jtwc_sh] = BOBBY[bom] = UNNAMED[td9636] = BOBBY[neumann]
1984049S20076  ,               ,none      ,UNNAMED[td9636]
1984051S17147  ,               ,bsh251984 ,bsh251984[jtwc_sh] = INGRID[bom] = INGRID[wellington] = UNNAMED[td9636] = INGRID[neumann]
1984051S20163  ,               ,none      ,UNNAMED[wellington]
1984057S14124  ,               ,bsh261984 ,bsh261984[jtwc_sh] = CHLOE[bom] = UNNAMED[td9636] = CHLOE[neumann]
1984062S12131  ,               ,none      ,FERDINAND[bom] = UNNAMED[td9636] = FERDINAND[neumann]
1984066S12151  ,               ,bsh271984 ,bsh271984[jtwc_sh] = JIM[bom] = UNNAMED[td9636] = JIM[neumann]
1984067S09101  ,               ,bsh281984 ,bsh281984[jtwc_sh] = DARYL[bom] = UNNAMED[td9636] = DARYL[neumann]
1984076S13173  ,               ,bsh291984 ,bsh291984[jtwc_sh] = CYRIL[wellington] = UNNAMED[td9636] = CYRIL[neumann]
1984077S12149  ,               ,bsh301984 ,bsh301984[jtwc_sh] = KATHY[bom] = UNNAMED[td9636] = KATHY[neumann]
1984083S16174  ,               ,none      ,UNNAMED[wellington]
1984094S10080  ,               ,bsh321984 ,bsh321984[jtwc_sh] = KAMISY[reunion] = UNNAMED[td9636] = KAMISY[neumann]
1984094S14156  ,               ,bsh311984 ,bsh311984[jtwc_sh] = LANCE[bom] = LANCE[wellington] = UNNAMED[td9636] = LANCE[neumann]
1984139N09260  ,               ,bep011984 ,ALMA[hurdat_epa] = bep011984[jtwc_ep] = UNNAMED[td9636] = bep011984[atcf]
1984150N12266  ,               ,bep021984 ,BORIS[hurdat_epa] = bep021984[jtwc_ep] = UNNAMED[td9636] = bep021984[atcf]
1984159N12116  ,               ,bwp011984 ,bwp011984[jtwc_wp] = VERNON[tokyo] = VERNON[cma] = VERNON[hko] = UNNAMED[td9636]
1984164N28285  ,               ,bal011984 ,UNNAMED[hurdat_atl] = bal011984[atcf]
1984169N14257  ,               ,bep031984 ,CRISTINA[hurdat_epa] = bep031984[jtwc_ep] = UNNAMED[td9636] = bep031984[atcf]
1984169N20137  ,               ,bwp021984 ,bwp021984[jtwc_wp] = WYNNE[tokyo] = WYNNE[cma] = WYNNE[hko] = UNNAMED[td9636]
1984171N20266  ,               ,bal021984 ,UNNAMED[hurdat_atl] = bal021984[atcf]
1984177N10254  ,               ,bep041984 ,DOUGLAS[hurdat_epa] = bep041984[jtwc_ep] = DOUGLAS[cphc] = UNNAMED[td9636] = bep041984[atcf]
1984180N10258  ,               ,bep051984 ,ELIDA[hurdat_epa] = bep051984[jtwc_ep] = UNNAMED[td9636] = bep051984[atcf]
1984180N16130  ,               ,bwp031984 ,bwp031984[jtwc_wp] = ALEX[tokyo] = ALEX[cma] = ALEX(-)1[cma] = ALEX[hko] = UNNAMED[td9636]
1984184N06139  ,               ,bwp041984 ,bwp041984[jtwc_wp] = BETTY[tokyo] = BETTY[cma] = BETTY[hko] = UNNAMED[td9636]
1984186N16154  ,               ,bwp051984 ,bwp051984[jtwc_wp] = CARY[tokyo] = CARY[cma] = CARY[hko] = UNNAMED[td9636]
1984186N16256  ,               ,bep061984 ,FAUSTO[hurdat_epa] = bep061984[jtwc_ep] = UNNAMED[td9636] = bep061984[atcf]
1984189N11265  ,               ,bep071984 ,GENEVIEVE[hurdat_epa] = bep071984[jtwc_ep] = UNNAMED[td9636] = bep071984[atcf]
1984204N21162  ,               ,bwp061984 ,bwp061984[jtwc_wp] = DINAH[tokyo] = DINAH[cma] = DINAH[hko] = UNNAMED[td9636]
1984206N12312  ,               ,bal031984 ,UNNAMED[hurdat_atl] = bal031984[atcf]
1984207N29135  ,               ,bwp071984 ,bwp071984[jtwc_wp] = ED[tokyo] = ED[cma] = ED[hko] = UNNAMED[td9636]
1984210N16249  ,               ,bep081984 ,HERNAN[hurdat_epa] = bep081984[jtwc_ep] = UNNAMED[td9636] = bep081984[atcf]
1984213N20089  ,               ,none      ,UNNAMED[newdelhi]
1984214N12143  ,               ,bwp081984 ,bwp081984[jtwc_wp] = FREDA[tokyo] = FREDA[cma] = FREDA[hko] = UNNAMED[td9636]
1984217N14264  ,               ,bep091984 ,ISELLE[hurdat_epa] = bep091984[jtwc_ep] = UNNAMED[td9636] = bep091984[atcf]
1984220N03145  ,               ,bwp091984 ,bwp091984[jtwc_wp] = UNNAMED[cma] = TD0811(1)[hko] = TD0811(2)[hko] = UNNAMED[td9636]
1984220N37292  ,               ,bal041984 ,UNNAMED[hurdat_atl] = bal041984[atcf]
1984222N20115  ,               ,none      ,UNNAMED[cma]
1984225N18142  ,               ,bwp111984 ,bwp111984[jtwc_wp] = HOLLY[tokyo] = HOLLY[cma] = HOLLY[hko] = UNNAMED[td9636]
1984227N18118  ,               ,bwp101984 ,bwp101984[jtwc_wp] = GERALD[tokyo] = GERALD[cma] = GERALD[hko] = UNNAMED[td9636]
1984227N21135  ,               ,none      ,UNNAMED[cma]
1984228N15261  ,               ,bep101984 ,JULIO[hurdat_epa] = bep101984[jtwc_ep] = UNNAMED[td9636] = bep101984[atcf]
1984228N20091  ,               ,none      ,UNNAMED[newdelhi]
1984230N09210  ,               ,bcp011984 ,KELI[hurdat_epa] = bcp011984[jtwc_cp] = KELI[cphc] = UNNAMED[td9636] = bcp011984[atcf]
1984230N12226  ,               ,bep111984 ,KENNA[hurdat_epa] = bep111984[jtwc_ep] = KENNA[cphc] = UNNAMED[td9636] = bep111984[atcf]
1984231N33295  ,               ,bal051984 ,UNNAMED[hurdat_atl] = bal051984[atcf]
1984234N16147  ,               ,bwp121984 ,bwp121984[jtwc_wp] = UNNAMED[cma] = TD0824[hko] = UNNAMED[td9636]
1984236N42146  ,               ,none      ,HOLLY(-)1[cma]
1984237N11230  ,               ,bep121984 ,LALA[hurdat_epa] = bep121984[jtwc_ep] = LALA[cphc] = UNNAMED[td9636] = bep121984[atcf]
1984238N18137  ,               ,bwp141984 ,bwp141984[jtwc_wp] = JUNE[tokyo] = JUNE[cma] = JUNE[hko] = UNNAMED[td9636]
1984239N08146  ,               ,bwp131984 ,bwp131984[jtwc_wp] = IKE[tokyo] = IKE[cma] = IKE[hko] = UNNAMED[td9636]
1984239N16246  ,               ,bep131984 ,LOWELL[hurdat_epa] = bep131984[jtwc_ep] = UNNAMED[td9636] = bep131984[atcf]
1984242N11309  ,               ,bal061984 ,ARTHUR[hurdat_atl] = bal061984[atcf]
1984244N13319  ,               ,bal071984 ,BERTHA[hurdat_atl] = bal071984[atcf]
1984244N37293  ,               ,bal081984 ,CESAR[hurdat_atl] = bal081984[atcf]
1984248N27180  ,               ,bcp021984 ,MOKE[hurdat_epa] = MOKE[cphc] = UNNAMED[td9636] = bcp021984[atcf]
1984250N17256  ,               ,bep141984 ,MARIE[hurdat_epa] = bep141984[jtwc_ep] = UNNAMED[td9636] = bep141984[atcf]
1984251N21264  ,               ,bal091984 ,UNNAMED[hurdat_atl] = bal091984[atcf]
1984253N29283  ,               ,bal101984 ,DIANA[hurdat_atl] = bal101984[atcf]
1984255N25173  ,               ,bwp151984 ,bwp151984[jtwc_wp] = KELLY[tokyo] = KELLY[cma] = KELLY[hko] = UNNAMED[td9636]
1984258N20264  ,               ,bal111984 ,EDOUARD[hurdat_atl] = bal111984[atcf]
1984259N19245  ,               ,bep151984 ,NORBERT[hurdat_epa] = bep151984[jtwc_ep] = UNNAMED[td9636] = bep151984[atcf]
1984260N14339  ,               ,bal121984 ,FRAN[hurdat_atl] = bal121984[atcf]
1984261N29295  ,               ,bal131984 ,GUSTAV[hurdat_atl] = bal131984[atcf]
1984262N14259  ,               ,bep161984 ,ODILE[hurdat_epa] = bep161984[jtwc_ep] = UNNAMED[td9636] = bep161984[atcf]
1984267N18120  ,               ,bwp161984 ,bwp161984[jtwc_wp] = LYNN[tokyo] = LYNN[cma] = LYNN[hko] = UNNAMED[td9636]
1984267N31302  ,               ,bal141984 ,HORTENSE[hurdat_atl] = bal141984[atcf]
1984270N13262  ,               ,bep171984 ,POLO[hurdat_epa] = bep171984[jtwc_ep] = UNNAMED[td9636] = bep171984[atcf]
1984270N19141  ,               ,bwp181984 ,bwp181984[jtwc_wp] = NINA[tokyo] = NINA[cma] = NINA[hko] = UNNAMED[td9636]
1984270N22147  ,               ,bwp171984 ,bwp171984[jtwc_wp] = MAURY[tokyo] = MAURY[cma] = MAURY[hko] = UNNAMED[td9636]
1984270N23287  ,               ,bal151984 ,ISIDORE[hurdat_atl] = bal151984[atcf]
1984277N07151  ,               ,bwp191984 ,bwp191984[jtwc_wp] = OGDEN[tokyo] = OGDEN[cma] = OGDEN[hko] = UNNAMED[td9636]
1984281N13146  ,               ,bwp201984 ,bwp201984[jtwc_wp] = PHYLLIS[tokyo] = PHYLLIS[cma] = PHYLLIS[hko] = UNNAMED[td9636]
1984281N24291  ,               ,bal161984 ,JOSEPHINE[hurdat_atl] = bal161984[atcf]
1984282N11263  ,               ,bep181984 ,RACHEL[hurdat_epa] = bep181984[jtwc_ep] = UNNAMED[td9636] = bep181984[atcf]
1984283N09139  ,               ,bwp211984 ,bwp211984[jtwc_wp] = ROY[tokyo] = ROY[cma] = ROY[hko] = UNNAMED[td9636]
1984284N11116  ,               ,bwp221984 ,bwp221984[jtwc_wp] = SUSAN[tokyo] = SUSAN[cma] = SUSAN[hko] = UNNAMED[td9636]
1984285N17089  ,               ,bio021984 ,bio021984[jtwc_io] = UNNAMED[newdelhi] = UNNAMED[td9636]
1984290N06153  ,               ,multiple  ,bwp231984[jtwc_wp] = THAD[cma] = THAD[hko] = UNNAMED[td9636] = UNNAMED[td9636] = bwp241984[jtwc_wp] = THAD[tokyo]
1984291N13130  ,               ,bwp261984 ,UNNAMED[cma] = bwp261984[jtwc_wp] = WARREN[tokyo] = WARREN[cma] = WARREN[hko] = UNNAMED[td9636]
1984292N08151  ,               ,none      ,UNNAMED[td9636]
1984294N04163  ,               ,bwp251984 ,bwp251984[jtwc_wp] = VANESSA[tokyo] = VANESSA[cma] = VANESSA[hko] = UNNAMED[td9636]
1984299N18127  ,               ,none      ,UNNAMED[cma]
1984299N26289  ,               ,bal171984 ,UNNAMED[hurdat_atl] = bal171984[atcf]
1984302N00149  ,               ,bwp271984 ,bwp271984[jtwc_wp] = AGNES[tokyo] = AGNES[cma] = AGNES[hko] = UNNAMED[td9636]
1984305N13262  ,               ,bep191984 ,SIMON[hurdat_epa] = bep191984[jtwc_ep] = UNNAMED[td9636] = bep191984[atcf]
1984311N15291  ,               ,bal181984 ,KLAUS[hurdat_atl] = bal181984[atcf]
1984313N14154  ,               ,bwp281984 ,bwp281984[jtwc_wp] = BILL[tokyo] = BILL[cma] = BILL[hko] = UNNAMED[td9636]
1984314N09088  ,               ,bio031984 ,bio031984[jtwc_io] = UNNAMED[newdelhi] = UNNAMED[td9636]
1984314S08081  ,               ,bsh011985 ,bsh011985[jtwc_sh] = HSK0185[neumann]
1984317N04164  ,               ,bwp291984 ,bwp291984[jtwc_wp] = CLARA[tokyo] = CLARA[cma] = CLARA[hko] = UNNAMED[td9636]
1984325S15052  ,               ,none      ,ANETY[reunion] = UNNAMED[td9636]
1984329N27281  ,               ,bal191984 ,UNNAMED[hurdat_atl] = bal191984[atcf]
1984332N08086  ,               ,bio041984 ,bio041984[jtwc_io] = UNNAMED[newdelhi] = UNNAMED[newdelhi] = UNNAMED[td9636]
1984336N05156  ,               ,bwp301984 ,bwp301984[jtwc_wp] = DOYLE[tokyo] = DOYLE[cma] = DOYLE[hko] = UNNAMED[td9636]
1984337S11082  ,               ,bsh021985 ,bsh021985[jtwc_sh] = BOBALAHY[reunion] = UNNAMED[td9636] = BOBALAHY[neumann]
1984339S05102  ,               ,bsh031985 ,bsh031985[jtwc_sh] = EMMA[bom] = UNNAMED[td9636] = EMMA[neumann]
1984343S10132  ,               ,bsh041985 ,bsh041985[jtwc_sh] = HSK0485[neumann]
1984348N35300  ,               ,bal201984 ,LILI[hurdat_atl] = bal201984[atcf]
1984355S16129  ,               ,bsh051985 ,bsh051985[jtwc_sh] = FRANK[bom] = UNNAMED[td9636] = FRANK[neumann]
1984361S08178  ,               ,bsh071985 ,bsh071985[jtwc_sh] = CYC[wellington] = UNNAMED[td9636] = HSK0785[neumann]
1984361S12146  ,               ,bsh061985 ,bsh061985[jtwc_sh] = MONICA[bom] = MONICA[wellington] = UNNAMED[td9636] = MONICA[neumann]
1984362S11165  ,               ,bsh081985 ,bsh081985[jtwc_sh] = HSK0885[neumann]
1985004N04131  ,               ,bwp021985 ,bwp021985[jtwc_wp] = FABIAN[tokyo] = FABIAN[cma] = FABIAN(1)[hko] = UNNAMED[td9636]
1985005N04157  ,               ,bwp011985 ,bwp011985[jtwc_wp] = ELSIE[tokyo] = ELSIE[cma] = ELSIE[hko] = UNNAMED[td9636]
1985009S11072  ,               ,bsh101985 ,bsh101985[jtwc_sh] = CELESTINA[reunion] = UNNAMED[td9636] = CELESTINA[neumann]
1985009S12182  ,               ,bsh091985 ,bsh091985[jtwc_sh] = DRENA[wellington] = UNNAMED[td9636] = DRENA[neumann]
1985012S11085  ,               ,bsh121985 ,bsh121985[jtwc_sh] = UNNAMED[td9636] = HSK1285[neumann]
1985012S16161  ,               ,bsh111985 ,bsh111985[jtwc_sh] = ERIC[wellington] = UNNAMED[td9636] = ERIC[neumann]
1985013N11131  ,               ,none      ,FABIAN(2)[hko]
1985014S16151  ,               ,bsh131985 ,bsh131985[jtwc_sh] = NIGEL[bom] = NIGEL[wellington] = UNNAMED[td9636] = NIGEL[neumann]
1985017S15146  ,               ,bsh141985 ,bsh141985[jtwc_sh] = ODETTE[bom] = ODETTE[wellington] = UNNAMED[td9636] = ODETTE[neumann]
1985025S09073  ,               ,bsh161985 ,bsh161985[jtwc_sh] = DITRA[reunion] = UNNAMED[td9636] = DITRA[neumann]
1985025S15203  ,               ,bsh151985 ,bsh151985[jtwc_sh] = FREDA[wellington] = UNNAMED[td9636] = FREDA[neumann]
1985026S16126  ,               ,bsh171985 ,bsh171985[jtwc_sh] = GERTIE[bom] = UNNAMED[td9636] = GERTIE[neumann]
1985033S12157  ,               ,bsh181985 ,bsh181985[jtwc_sh] = UNNAMED[td9636] = HSK1885[neumann]
1985034S12082  ,               ,bsh191985 ,bsh191985[jtwc_sh] = ESITERA[reunion] = UNNAMED[td9636] = ESITERA[neumann]
1985040S17054  ,               ,none      ,ESITERA[reunion] = UNNAMED[td9636]
1985041S14129  ,               ,bsh201985 ,bsh201985[jtwc_sh] = HUBERT[bom] = UNNAMED[td9636] = HUBERT[neumann]
1985042S08101  ,               ,bsh221985 ,bsh221985[jtwc_sh] = ISOBEL[bom] = UNNAMED[td9636] = ISOBEL[neumann]
1985042S18060  ,               ,bsh211985 ,bsh211985[jtwc_sh] = GERIMENA[reunion] = UNNAMED[td9636] = GERIMENA[neumann]
1985043S16042  ,               ,bsh231985 ,bsh231985[jtwc_sh] = FELIKSA[reunion] = UNNAMED[td9636] = FELISKA[neumann]
1985046S09128  ,               ,bsh241985 ,bsh241985[jtwc_sh] = JACOB[bom] = UNNAMED[td9636] = JACOB[neumann]
1985049S12143  ,               ,bsh261985 ,bsh261985[jtwc_sh] = PIERRE[bom] = UNNAMED[td9636] = PIERRE[neumann]
1985050S12076  ,               ,bsh251985 ,bsh251985[jtwc_sh] = HSK2585[neumann]
1985051S11135  ,               ,none      ,REBECCA[bom] = UNNAMED[td9636] = REBECCA[neumann]
1985060S11112  ,               ,bsh281985 ,bsh281985[jtwc_sh] = KIRSTY[bom] = UNNAMED[td9636] = KIRSTY[neumann]
1985062S15170  ,               ,bsh271985 ,bsh271985[jtwc_sh] = GAVIN[wellington] = UNNAMED[td9636] = GAVIN[neumann]
1985065S09118  ,               ,bsh291985 ,bsh291985[jtwc_sh] = LINDSAY[bom] = UNNAMED[td9636] = LINDSAY[neumann]
1985070S17175  ,               ,bsh301985 ,bsh301985[jtwc_sh] = HINA[wellington] = UNNAMED[td9636] = HINA[neumann]
1985078S14138  ,               ,bsh311985 ,bsh311985[jtwc_sh] = SANDY[bom] = UNNAMED[td9636] = SANDY[neumann]
1985086S13152  ,               ,bsh321985 ,bsh321985[jtwc_sh] = TANYA[bom] = UNNAMED[td9636] = TANYA[neumann]
1985097S09076  ,               ,bsh331985 ,bsh331985[jtwc_sh] = HELISAONIN[reunion] = UNNAMED[td9636] = HELISAONINA[neumann]
1985100S07104  ,               ,bsh351985 ,bsh351985[jtwc_sh] = MARGOT[bom] = UNNAMED[td9636] = MARGOT[neumann]
1985101S10136  ,               ,bsh341985 ,bsh341985[jtwc_sh] = GRETEL[bom] = UNNAMED[td9636] = GRETEL[neumann]
1985110N12127  ,               ,none      ,UNNAMED[cma] = TD0422[hko]
1985136N07129  ,               ,bwp031985 ,bwp031985[jtwc_wp] = GAY[tokyo] = GAY[cma] = GAY[hko] = UNNAMED[td9636]
1985142N16089  ,               ,bio011985 ,bio011985[jtwc_io] = UNNAMED[newdelhi] = UNNAMED[td9636]
1985148N15067  ,               ,bio021985 ,bio021985[jtwc_io] = UNNAMED[newdelhi] = UNNAMED[td9636]
1985157N16259  ,               ,bep011985 ,ANDRES[hurdat_epa] = bep011985[jtwc_ep] = UNNAMED[td9636] = bep011985[atcf]
1985158N10267  ,               ,bep021985 ,BLANCA[hurdat_epa] = bep021985[jtwc_ep] = UNNAMED[td9636] = bep021985[atcf]
1985159N09241  ,               ,bep031985 ,CARLOS[hurdat_epa] = bep031985[jtwc_ep] = UNNAMED[td9636] = bep031985[atcf]
1985162N05154  ,               ,bwp051985 ,bwp051985[jtwc_wp] = HAL[tokyo] = HAL[cma] = HAL[hko] = UNNAMED[td9636]
1985166N19111  ,               ,bwp041985 ,bwp041985[jtwc_wp] = UNNAMED[tokyo] = UNNAMED[cma] = TD0617[hko] = UNNAMED[td9636]
1985168N05156  ,               ,bwp061985 ,bwp061985[jtwc_wp] = IRMA[tokyo] = IRMA[cma] = IRMA[hko] = UNNAMED[td9636]
1985168N22122  ,               ,none      ,UNNAMED[cma]
1985177N10258  ,               ,bep041985 ,DOLORES[hurdat_epa] = bep041985[jtwc_ep] = UNNAMED[td9636] = bep041985[atcf]
1985178N10236  ,               ,bep051985 ,ENRIQUE[hurdat_epa] = bep051985[jtwc_ep] = ENRIQUE[cphc] = UNNAMED[td9636] = bep051985[atcf]
1985179N21115  ,               ,none      ,UNNAMED[cma]
1985183N08136  ,               ,none      ,UNNAMED[cma] = TD0704[hko]
1985184N15258  ,               ,bep061985 ,FEFA[hurdat_epa] = bep061985[jtwc_ep] = UNNAMED[td9636] = bep061985[atcf]
1985189N12260  ,               ,bep071985 ,GUILLERMO[hurdat_epa] = bep071985[jtwc_ep] = UNNAMED[td9636] = bep071985[atcf]
1985197N29296  ,               ,bal011985 ,ANA[hurdat_atl] = bal011985[atcf]
1985199N08143  ,               ,bwp071985 ,bwp071985[jtwc_wp] = JEFF[tokyo] = JEFF[cma] = JEFF[hko] = UNNAMED[td9636]
1985199N18248  ,               ,bep081985 ,HILDA[hurdat_epa] = bep081985[jtwc_ep] = UNNAMED[td9636] = bep081985[atcf]
1985201N12256  ,               ,bep101985 ,JIMENA[hurdat_epa] = bep101985[jtwc_ep] = UNNAMED[td9636] = bep101985[atcf]
1985202N13226  ,               ,bep091985 ,IGNACIO[hurdat_epa] = bep091985[jtwc_ep] = IGNACIO[cphc] = UNNAMED[td9636] = bep091985[atcf]
1985202N26275  ,               ,bal021985 ,BOB[hurdat_atl] = bal021985[atcf]
1985210N14257  ,               ,bep111985 ,KEVIN[hurdat_epa] = bep111985[jtwc_ep] = UNNAMED[td9636] = bep111985[atcf]
1985211N12237  ,               ,bep121985 ,LINDA[hurdat_epa] = bep121985[jtwc_ep] = LINDA[cphc] = UNNAMED[td9636] = bep121985[atcf]
1985212N22148  ,               ,bwp081985 ,bwp081985[jtwc_wp] = KIT[tokyo] = KIT[cma] = KIT[hko] = UNNAMED[td9636]
1985213N20088  ,               ,none      ,UNNAMED[newdelhi]
1985217N30075  ,               ,none      ,UNNAMED[newdelhi]
1985218N21088  ,               ,none      ,UNNAMED[newdelhi]
1985219N14254  ,               ,bep131985 ,MARTY[hurdat_epa] = bep131985[jtwc_ep] = UNNAMED[td9636] = bep131985[atcf]
1985220N18128  ,               ,bwp091985 ,bwp091985[jtwc_wp] = LEE[tokyo] = LEE[cma] = LEE[hko] = UNNAMED[td9636]
1985221N18111  ,               ,none      ,UNNAMED[cma]
1985222N32280  ,               ,bal031985 ,CLAUDETTE[hurdat_atl] = bal031985[atcf]
1985224N18279  ,               ,bal041985 ,DANNY[hurdat_atl] = bal041985[atcf]
1985226N19088  ,               ,none      ,UNNAMED[newdelhi]
1985226N23126  ,               ,bwp101985 ,bwp101985[jtwc_wp] = MAMIE[tokyo] = MIMIE[cma] = MAMIE[hko] = UNNAMED[td9636]
1985227N16149  ,               ,bwp111985 ,bwp111985[jtwc_wp] = NELSON[tokyo] = NELSON[cma] = NELSON[hko] = UNNAMED[td9636]
1985231N16142  ,               ,bwp121985 ,bwp121985[jtwc_wp] = ODESSA[tokyo] = ODESSA[cma] = ODESSA[hko] = UNNAMED[td9636]
1985231N25121  ,               ,none      ,UNNAMED[cma]
1985232N16248  ,               ,bep141985 ,NORA[hurdat_epa] = bep141985[jtwc_ep] = UNNAMED[td9636] = bep141985[atcf]
1985233N15196  ,               ,none      ,ONE-C[cphc]
1985234N13258  ,               ,bep151985 ,OLAF[hurdat_epa] = bep151985[jtwc_ep] = UNNAMED[td9636] = bep151985[atcf]
1985236N23125  ,               ,bwp131985 ,bwp131985[jtwc_wp] = PAT[tokyo] = PAT[cma] = PAT[hko] = UNNAMED[td9636]
1985237N21130  ,               ,bwp141985 ,bwp141985[jtwc_wp] = RUBY[tokyo] = RUBY[cma] = RUBY[hko] = UNNAMED[td9636]
1985240N08148  ,               ,bwp161985 ,bwp161985[jtwc_wp] = TESS[tokyo] = TESS[cma] = TESS[hko] = UNNAMED[td9636]
1985240N09198  ,               ,bwp151985 ,bwp151985[jtwc_wp] = SKIP[tokyo] = TWO-C / TROPICAL STORM SKIP[cphc] = SKIP[cma] = SKIP[hko] = UNNAMED[td9636]
1985240N16256  ,               ,bep161985 ,PAULINE[hurdat_epa] = bep161985[jtwc_ep] = PAULINE[cphc] = UNNAMED[td9636] = bep161985[atcf]
1985240N20286  ,               ,bal051985 ,ELENA[hurdat_atl] = bal051985[atcf]
1985244N14254  ,               ,bep171985 ,RICK[hurdat_epa] = bep171985[jtwc_ep] = RICK[cphc] = UNNAMED[td9636] = bep171985[atcf]
1985244N27124  ,               ,none      ,UNNAMED[cma]
1985249N13265  ,               ,bep181985 ,SANDRA[hurdat_epa] = bep181985[jtwc_ep] = UNNAMED[td9636] = bep181985[atcf]
1985252N20333  ,               ,bal061985 ,UNNAMED[hurdat_atl] = bal061985[atcf]
1985255N12300  ,               ,bal071985 ,UNNAMED[hurdat_atl] = bal071985[atcf]
1985256N13146  ,               ,bwp171985 ,bwp171985[jtwc_wp] = VAL[tokyo] = VAL[cma] = VAL[hko] = UNNAMED[td9636]
1985259N12262  ,               ,bep191985 ,TERRY[hurdat_epa] = bep191985[jtwc_ep] = UNNAMED[td9636] = bep191985[atcf]
1985259N24289  ,               ,bal081985 ,FABIAN[hurdat_atl] = bal081985[atcf]
1985260N13115  ,               ,bwp181985 ,bwp181985[jtwc_wp] = WINONA[tokyo] = WINONA[cma] = WINONA[hko] = UNNAMED[td9636]
1985260N13336  ,               ,bal091985 ,GLORIA[hurdat_atl] = bal091985[atcf]
1985261N13243  ,               ,bep201985 ,VIVIAN[hurdat_epa] = bep201985[jtwc_ep] = UNNAMED[td9636] = bep201985[atcf]
1985262N18090  ,               ,none      ,UNNAMED[newdelhi]
1985265N30286  ,               ,bal101985 ,HENRI[hurdat_atl] = bal101985[atcf]
1985265S10080  ,               ,bsh011986 ,bsh011986[jtwc_sh] = HSK0186[neumann]
1985266N25077  ,               ,none      ,UNNAMED[newdelhi]
1985267N08133  ,               ,none      ,ANDY[tokyo]
1985268N03161  ,               ,bwp201985 ,bwp201985[jtwc_wp] = BRENDA[tokyo] = BRENDAN[cma] = BRENDA[hko] = UNNAMED[td9636]
1985268N16126  ,               ,bwp191985 ,bwp191985[jtwc_wp] = ANDY[tokyo] = ANDY[cma] = ANDY[hko] = UNNAMED[td9636]
1985274N14084  ,               ,none      ,UNNAMED[newdelhi]
1985279N20072  ,               ,none      ,UNNAMED[newdelhi]
1985280N15254  ,               ,bep211985 ,WALDO[hurdat_epa] = bep211985[jtwc_ep] = UNNAMED[td9636] = bep211985[atcf]
1985280N18291  ,               ,bal111985 ,ISABEL[hurdat_atl] = bal111985[atcf]
1985281N02144  ,               ,bwp221985 ,bwp221985[jtwc_wp] = CECIL[tokyo] = CECIL[cma] = CECIL[hko] = UNNAMED[td9636]
1985282N12090  ,               ,bio031985 ,bio031985[jtwc_io] = UNNAMED[newdelhi] = UNNAMED[td9636]
1985283N07115  ,               ,none      ,UNNAMED[cma]
1985284N05159  ,               ,bwp211985 ,bwp211985[jtwc_wp] = DOT[tokyo] = DOT[cma] = DOT[hko] = UNNAMED[td9636]
1985286N05162  ,               ,bwp231985 ,bwp231985[jtwc_wp] = ELLIS[tokyo] = ELLIS[cma] = ELLIS[hko] = UNNAMED[td9636]
1985287N13093  ,               ,bio041985 ,bio041985[jtwc_io] = UNNAMED[newdelhi] = UNNAMED[td9636]
1985294N10122  ,               ,bwp241985 ,bwp241985[jtwc_wp] = FAYE[tokyo] = FAYE[cma] = FAYE[hko] = UNNAMED[td9636]
1985297N10201  ,               ,bcp011985 ,NELE[hurdat_epa] = bcp011985[jtwc_cp] = NELE[cphc] = UNNAMED[td9636] = bcp011985[atcf]
1985298N12249  ,               ,bep221985 ,XINA[hurdat_epa] = bep221985[jtwc_ep] = UNNAMED[td9636] = bep221985[atcf]
1985299N25270  ,               ,bal121985 ,JUAN[hurdat_atl] = bal121985[atcf]
1985316N13081  ,               ,none      ,UNNAMED[newdelhi]
1985317N12082  ,               ,bio051985 ,bio051985[jtwc_io] = UNNAMED[newdelhi] = UNNAMED[td9636]
1985320N21296  ,               ,bal131985 ,KATE[hurdat_atl] = bal131985[atcf]
1985323N05107  ,               ,bwp251985 ,bwp251985[jtwc_wp] = GORDON[tokyo] = GORDON[cma] = GORDON[hko] = UNNAMED[td9636]
1985329S09104  ,               ,bsh021986 ,bsh021986[jtwc_sh] = NICHOLAS[bom] = UNNAMED[td9636] = NICHOLAS[neumann]
1985342N11283  ,               ,bal141985 ,UNNAMED[hurdat_atl] = bal141985[atcf]
1985343N04090  ,               ,bio061985 ,bio061985[jtwc_io] = UNNAMED[newdelhi] = UNNAMED[td9636]
1985346S12145  ,               ,bsh031986 ,bsh031986[jtwc_sh] = UNNAMED[td9636] = HSK0386[neumann]
1985347N07155  ,               ,bwp271985 ,bwp271985[jtwc_wp] = HOPE[tokyo] = HOPE[cma] = HOPE[hko] = UNNAMED[td9636]
1985347N09114  ,               ,bwp261985 ,bwp261985[jtwc_wp] = IRVING[tokyo] = IRVING[cma] = IRVING[hko] = UNNAMED[td9636]
1985356S20040  ,               ,none      ,ALIFREDY[reunion] = UNNAMED[td9636] = ALIFREDY[neumann]
1986005S15043  ,               ,bsh041986 ,bsh041986[jtwc_sh] = BEROBIA[reunion] = UNNAMED[td9636] = BEROBIA[neumann] = HSK0886[neumann]
1986006N03087  ,               ,bio011986 ,bio011986[jtwc_io] = UNNAMED[newdelhi] = UNNAMED[td9636]
1986007S07080  ,               ,bsh051986 ,bsh051986[jtwc_sh] = DELIFINA[reunion] = UNNAMED[td9636] = DELIFINA[neumann]
1986007S09098  ,               ,bsh071986 ,bsh071986[jtwc_sh] = OPHELIA[bom] = UNNAMED[td9636] = OPHELIA[neumann]
1986007S11055  ,               ,bsh061986 ,bsh061986[jtwc_sh] = COSTA[reunion] = UNNAMED[td9636] = COSTA[neumann]
1986009S22040  ,               ,none      ,HSK0886[neumann]
1986011S12130  ,               ,bsh081986 ,bsh081986[jtwc_sh] = UNNAMED[td9636] = HSK1086[neumann]
1986017S12131  ,               ,bsh091986 ,bsh091986[jtwc_sh] = HECTOR[bom] = UNNAMED[td9636] = HECTOR[neumann]
1986018S14108  ,               ,bsh101986 ,bsh101986[jtwc_sh] = PANCHO[bom] = UNNAMED[td9636] = PANCHO[neumann]
1986021S16140  ,               ,bsh111986 ,bsh111986[jtwc_sh] = VERNON[bom] = VERNON[wellington] = UNNAMED[td9636] = VERNON[neumann]
1986027S13145  ,               ,bsh121986 ,bsh121986[jtwc_sh] = WINIFRED[bom] = WINIFRED[wellington] = UNNAMED[td9636] = WINIFRED[neumann]
1986028N04158  ,               ,none      ,UNNAMED[td9636]
1986029N04152  ,               ,bwp011986 ,bwp011986[jtwc_wp] = JUDY[tokyo] = JUDY[cma] = JUDY[hko] = UNNAMED[td9636]
1986029S13069  ,               ,bsh131986 ,bsh131986[jtwc_sh] = ERINESTA[reunion] = UNNAMED[td9636] = ERINESTA[neumann]
1986036S10082  ,               ,bsh141986 ,bsh141986[jtwc_sh] = FILOMENA[reunion] = UNNAMED[td9636] = FILOMENA[neumann]
1986036S16187  ,               ,bsh151986 ,bsh151986[jtwc_sh] = IMA[wellington] = UNNAMED[td9636] = IMA[neumann]
1986036S19216  ,               ,bsh161986 ,bsh161986[jtwc_sh] = JUNE[wellington] = UNNAMED[td9636] = JUNE[neumann]
1986038S13158  ,               ,bsh171986 ,bsh171986[jtwc_sh] = KELI[wellington] = UNNAMED[td9636] = KELI[neumann]
1986048S16116  ,               ,bsh181986 ,bsh181986[jtwc_sh] = RHONDA[bom] = UNNAMED[td9636] = RHONDA[neumann]
1986049S18043  ,               ,bsh191986 ,bsh191986[jtwc_sh] = GISTA[reunion] = UNNAMED[td9636] = GISTA[neumann]
1986052S13114  ,               ,bsh201986 ,bsh201986[jtwc_sh] = SELWYN[bom] = UNNAMED[td9636] = SELWYN[neumann]
1986056S09130  ,               ,bsh211986 ,bsh211986[jtwc_sh] = TIFFANY[bom] = UNNAMED[td9636] = TIFFANY[neumann]
1986060S16158  ,               ,bsh231986 ,bsh231986[jtwc_sh] = LUSI[wellington] = UNNAMED[td9636] = LUSI[neumann]
1986061S13124  ,               ,bsh221986 ,bsh221986[jtwc_sh] = VICTOR[bom] = UNNAMED[td9636] = VICTOR[neumann]
1986062S15150  ,               ,bsh241986 ,bsh241986[jtwc_sh] = ALFRED[bom] = ALFRED[wellington] = UNNAMED[td9636] = ALFRED[neumann]
1986067S11080  ,               ,bsh251986 ,bsh251986[jtwc_sh] = HONORININA[reunion] = UNNAMED[td9636] = HONORININA[neumann]
1986070S13082  ,               ,bsh261986 ,bsh261986[jtwc_sh] = IARIMA[reunion] = UNNAMED[td9636] = IARIMA[neumann]
1986085S13091  ,               ,bsh271986 ,bsh271986[jtwc_sh] = JEFOTRA[reunion] = UNNAMED[td9636] = JEFOTRA[neumann]
1986094N06138  ,               ,none      ,UNNAMED[cma]
1986095S11105  ,               ,bsh281986 ,bsh281986[jtwc_sh] = ALISON[bom] = KRISOSTOMA[reunion] = UNNAMED[td9636] = UNNAMED[td9636] = ALISON/KRISO[neumann]
1986099S12168  ,               ,bsh291986 ,bsh291986[jtwc_sh] = MARTIN[wellington] = UNNAMED[td9636] = MARTIN[neumann]
1986103S19089  ,               ,none      ,KRISOSTOMA[reunion]
1986105S12174  ,               ,bsh301986 ,bsh301986[jtwc_sh] = HSK3286[neumann]
1986111S08156  ,               ,bsh311986 ,bsh311986[jtwc_sh] = MANU[bom] = MANU[wellington] = UNNAMED[td9636] = MANU[neumann]
1986112N02152  ,               ,bwp021986 ,bwp021986[jtwc_wp] = KEN[tokyo] = KEN[cma] = KEN[hko] = UNNAMED[td9636]
1986124S05090  ,               ,bsh321986 ,bsh321986[jtwc_sh] = BILLY-LILA[bom] = LILA[reunion] = UNNAMED[td9636] = UNNAMED[td9636] = BILLY/LILA[neumann]
1986129S12094  ,               ,none      ,LILA[reunion]
1986130S15088  ,               ,none      ,LILA[reunion]
1986134N08149  ,               ,bwp031986 ,bwp031986[jtwc_wp] = LOLA[tokyo] = LOLA[cma] = LOLA[hko] = UNNAMED[td9636]
1986135S07160  ,               ,bsh331986 ,bsh331986[jtwc_sh] = NAMU[bom] = NAMU[wellington] = UNNAMED[td9636] = NAMU[neumann]
1986136N18114  ,               ,bwp041986 ,bwp041986[jtwc_wp] = MAC[tokyo] = MAC[cma] = MAC[hko] = UNNAMED[td9636]
1986142N13253  ,               ,bep011986 ,AGATHA[hurdat_epa] = bep011986[jtwc_ep] = UNNAMED[td9636] = bep011986[atcf]
1986156N26284  ,               ,bal011986 ,ANDREW[hurdat_atl] = bal011986[atcf]
1986169N07152  ,               ,bwp051986 ,bwp051986[jtwc_wp] = NANCY[tokyo] = NANCY[cma] = NANCY[hko] = UNNAMED[td9636]
1986169N09247  ,               ,bep021986 ,BLAS[hurdat_epa] = bep021986[jtwc_ep] = UNNAMED[td9636] = bep021986[atcf]
1986172N04161  ,               ,bwp061986 ,bwp061986[jtwc_wp] = OWEN[tokyo] = OWEN[cma] = OWEN[hko] = UNNAMED[td9636]
1986175N18112  ,               ,none      ,UNNAMED[cma]
1986175N26273  ,               ,bal021986 ,BONNIE[hurdat_atl] = bal021986[atcf]
1986176N11262  ,               ,bep031986 ,CELIA[hurdat_epa] = bep031986[jtwc_ep] = UNNAMED[td9636] = bep031986[atcf]
1986179N11175  ,               ,bwp071986 ,bwp071986[jtwc_wp] = PEGGY[tokyo] = PEGGY[cma] = PEGGY[hko] = UNNAMED[td9636]
1986185N14256  ,               ,bep041986 ,DARBY[hurdat_epa] = bep041986[jtwc_ep] = bep041986[atcf]
1986190N11162  ,               ,bwp081986 ,bwp081986[jtwc_wp] = ROGER[tokyo] = ROGER[cma] = ROGER[hko] = UNNAMED[td9636]
1986198N10245  ,               ,bep051986 ,ESTELLE[hurdat_epa] = bep051986[jtwc_ep] = ESTELLE[cphc] = UNNAMED[td9636] = bep051986[atcf]
1986200N17111  ,               ,none      ,UNNAMED[tokyo] = UNNAMED[cma]
1986205N24305  ,               ,bal031986 ,UNNAMED[hurdat_atl] = bal031986[atcf]
1986206N11265  ,               ,bep061986 ,FRANK[hurdat_epa] = bep061986[jtwc_ep] = FRANK[cphc] = UNNAMED[td9636] = bep061986[atcf]
1986206N23127  ,               ,none      ,UNNAMED[cma]
1986209N12213  ,               ,none      ,ONE-C[cphc]
1986209N13139  ,               ,bwp091986 ,bwp091986[jtwc_wp] = SARAH[tokyo] = SARAH[cma] = SARAH(1)[hko] = SARAH(2)[hko] = UNNAMED[td9636]
1986211N12219  ,               ,none      ,TEN-E[cphc]
1986212S08085  ,               ,bsh011987 ,bsh011987[jtwc_sh] = UNNAMED[td9636] = HSK0187[neumann]
1986214N09234  ,               ,multiple  ,GEORGETTE[hurdat_epa] = bep071986[jtwc_ep] = GEORGETTE[cphc] = UNNAMED[td9636] = UNNAMED[td9636] = bep071986[atcf] = bwp101986[jtwc_wp] = GEORGETTE[tokyo] = GEORGETTE[cma] = GEORGETTE[hko]
1986216N24267  ,               ,bal041986 ,UNNAMED[hurdat_atl] = bal041986[atcf]
1986221N15115  ,               ,none      ,UNNAMED[cma] = (NAMELESS)(-)1[cma] = TD0809[hko]
1986221N17163  ,               ,bwp111986 ,bwp111986[jtwc_wp] = TIP[tokyo] = TIP[cma] = TIP[hko] = UNNAMED[td9636]
1986221N22070  ,               ,none      ,UNNAMED[newdelhi]
1986223N18088  ,               ,none      ,UNNAMED[newdelhi]
1986225N17134  ,               ,multiple  ,bwp121986[jtwc_wp] = VERA[tokyo] = VERA[cma] = VERA[hko] = UNNAMED[td9636] = UNNAMED[td9636] = bwp141986[jtwc_wp]
1986226N30276  ,               ,bal051986 ,CHARLEY[hurdat_atl] = bal051986[atcf]
1986228N19120  ,               ,bwp131986 ,bwp131986[jtwc_wp] = WAYNE[tokyo] = WAYNE[cma] = WAYNE[hko] = UNNAMED[td9636]
1986229N17256  ,               ,bep081986 ,HOWARD[hurdat_epa] = bep081986[jtwc_ep] = UNNAMED[td9636] = bep081986[atcf]
1986229N18130  ,               ,bwp121986 ,bwp121986[jtwc_wp]
1986231N21088  ,               ,none      ,UNNAMED[newdelhi]
1986232N15246  ,               ,bep091986 ,ISIS[hurdat_epa] = bep091986[jtwc_ep] = UNNAMED[td9636] = bep091986[atcf]
1986233N10263  ,               ,bep101986 ,JAVIER[hurdat_epa] = bep101986[jtwc_ep] = UNNAMED[td9636] = bep101986[atcf]
1986240N24160  ,               ,none      ,UNNAMED[tokyo] = UNNAMED[cma] = TD0902[hko]
1986241N18248  ,               ,bep111986 ,KAY[hurdat_epa] = bep111986[jtwc_ep] = UNNAMED[td9636] = bep111986[atcf]
1986243N13326  ,               ,bal061986 ,UNNAMED[hurdat_atl] = bal061986[atcf]
1986245N18274  ,               ,bal071986 ,UNNAMED[hurdat_atl] = bal071986[atcf]
1986250N11308  ,               ,bal081986 ,DANIELLE[hurdat_atl] = bal081986[atcf]
1986252N06153  ,               ,bwp151986 ,bwp151986[jtwc_wp] = ABBY[tokyo] = ABBY[cma] = ABBY[hko] = UNNAMED[td9636]
1986254N22309  ,               ,bal091986 ,EARL[hurdat_atl] = bal091986[atcf]
1986257N14230  ,               ,bep121986 ,LESTER[hurdat_epa] = bep121986[jtwc_ep] = LESTER[cphc] = UNNAMED[td9636] = bep121986[atcf]
1986259N07170  ,               ,bwp161986 ,bwp161986[jtwc_wp] = BEN[tokyo] = BEN[cma] = BEN[hko] = UNNAMED[td9636]
1986259N13256  ,               ,bep131986 ,MADELINE[hurdat_epa] = bep131986[jtwc_ep] = UNNAMED[td9636] = bep131986[atcf]
1986262N12266  ,               ,bep141986 ,NEWTON[hurdat_epa] = bep141986[jtwc_ep] = UNNAMED[td9636] = bep141986[atcf]
1986264N12221  ,               ,bep151986 ,ORLENE[hurdat_epa] = bep151986[jtwc_ep] = ORLENE[cphc] = UNNAMED[td9636] = bep151986[atcf]
1986267N21088  ,               ,none      ,UNNAMED[newdelhi]
1986270N05178  ,               ,bwp171986 ,bwp171986[jtwc_wp] = CARMEN[tokyo] = CARMEN[cma] = CARMEN[hko] = UNNAMED[td9636]
1986271N12267  ,               ,bep161986 ,PAINE[hurdat_epa] = bep161986[jtwc_ep] = UNNAMED[td9636] = bep161986[atcf]
1986275N10134  ,               ,bwp181986 ,bwp181986[jtwc_wp] = DOM[tokyo] = DOM[cma] = DOM[hko] = UNNAMED[td9636]
1986276N07177  ,               ,bwp191986 ,bwp191986[jtwc_wp] = ELLEN[tokyo] = ELLEN[cma] = ELLEN[hko] = UNNAMED[td9636]
1986283N10179  ,               ,bwp201986 ,bwp201986[jtwc_wp] = FORREST[tokyo] = FORREST[cma] = FORREST[hko] = UNNAMED[td9636]
1986287N09141  ,               ,bwp211986 ,bwp211986[jtwc_wp] = GEORGIA[tokyo] = GEORGIA[cma] = GEORGIA[hko] = UNNAMED[td9636]
1986289N10267  ,               ,bep171986 ,ROSLYN[hurdat_epa] = bep171986[jtwc_ep] = UNNAMED[td9636] = bep171986[atcf]
1986302N05178  ,               ,bwp221986 ,bwp221986[jtwc_wp] = HERBERT[tokyo] = HERBERT[cma] = HERBERT[hko] = UNNAMED[td9636]
1986308N11090  ,               ,bio021986 ,bio021986[jtwc_io] = UNNAMED[newdelhi] = UNNAMED[td9636]
1986309N07162  ,               ,bwp231986 ,bwp231986[jtwc_wp] = IDA[tokyo] = IDA[cma] = IDA[hko] = UNNAMED[td9636]
1986311N12072  ,               ,bio031986 ,bio031986[jtwc_io] = UNNAMED[newdelhi] = UNNAMED[td9636]
1986316N06146  ,               ,bwp241986 ,bwp241986[jtwc_wp] = JOE[tokyo] = JOE[cma] = JOE[hko] = UNNAMED[td9636]
1986323N23297  ,               ,bal101986 ,FRANCES[hurdat_atl] = bal101986[atcf]
1986325S10171  ,               ,bsh021987 ,bsh021987[jtwc_sh] = OSEA[wellington] = UNNAMED[td9636] = OSEA[neumann]
1986328N08110  ,               ,none      ,TD1124[hko]
1986330N05173  ,               ,bwp251986 ,bwp251986[jtwc_wp] = KIM[tokyo] = KIM[cma] = KIM[hko] = UNNAMED[td9636]
1986333N04179  ,               ,bwp261986 ,bwp261986[jtwc_wp] = LEX[tokyo] = LEX[cma] = LEX[hko] = UNNAMED[td9636]
1986334N06113  ,               ,none      ,UNNAMED[cma]
1986343N05176  ,               ,bwp271986 ,bwp271986[jtwc_wp] = MARGE[tokyo] = MARGE[cma] = MARGE[hko] = UNNAMED[td9636]
1986346S12173  ,               ,bsh031987 ,bsh031987[jtwc_sh] = PATSY[wellington] = UNNAMED[td9636] = PATSY[neumann]
1986353N03178  ,               ,bwp281986 ,bwp281986[jtwc_wp] = NORRIS[tokyo] = NORRIS[cma] = NORRIS[hko] = UNNAMED[td9636]
1986356S07183  ,               ,bsh041987 ,bsh041987[jtwc_sh] = RAJA[wellington] = UNNAMED[td9636] = RAJA[neumann]
1986360S13195  ,               ,bsh051987 ,bsh051987[jtwc_sh] = SALLY[wellington] = UNNAMED[td9636] = SALLY[neumann]
1987001S14055  ,               ,none      ,UNNAMED[td9636]
1987006S06076  ,               ,bsh061987 ,bsh061987[jtwc_sh] = UNNAMED[td9636] = HSK0687[neumann]
1987007N06162  ,               ,bwp011987 ,bwp011987[jtwc_wp] = ORCHID[tokyo] = ORCHID[cma] = ORCHID[hko] = UNNAMED[td9636]
1987009S08095  ,               ,bsh071987 ,bsh071987[jtwc_sh] = UNNAMED[td9636] = HSK0787[neumann]
1987015S09187  ,               ,bsh081987 ,bsh081987[jtwc_sh] = TUSI[wellington] = UNNAMED[td9636] = TUSI[neumann]
1987015S16125  ,               ,bsh101987 ,bsh101987[jtwc_sh] = CONNIE[bom] = UNNAMED[td9636] = CONNIE[neumann]
1987016S13066  ,               ,bsh091987 ,bsh091987[jtwc_sh] = ALININA[reunion] = UNNAMED[td9636] = ALININA[neumann]
1987019S12140  ,               ,bsh111987 ,bsh111987[jtwc_sh] = IRMA[bom] = UNNAMED[td9636] = IRMA[neumann]
1987030N06089  ,               ,bio011987 ,bio011987[jtwc_io] = UNNAMED[newdelhi] = UNNAMED[td9636]
1987031S15124  ,               ,bsh121987 ,bsh121987[jtwc_sh] = DAMIEN[bom] = UNNAMED[td9636] = DAMIEN[neumann]
1987034S16187  ,               ,bsh131987 ,bsh131987[jtwc_sh] = UNNAMED[td9636] = HSK1387[neumann]
1987035S12160  ,               ,bsh141987 ,bsh141987[jtwc_sh] = UMA[wellington] = UNNAMED[td9636] = UMA[neumann] = VELI[neumann] = VELI[wellington]
1987036S12140  ,               ,bsh151987 ,bsh151987[jtwc_sh] = JASON[bom] = UNNAMED[td9636] = JASON[neumann]
1987036S15066  ,               ,none      ,BEMAZAVA[reunion] = UNNAMED[td9636] = BEMAZAVA[neumann]
1987037S14152  ,               ,none      ,VELI[neumann] = VELI[wellington]
1987040S19051  ,               ,bsh171987 ,bsh171987[jtwc_sh] = CLOTILDA[reunion] = UNNAMED[td9636] = CLOTILDA[neumann]
1987040S19174  ,               ,bsh161987 ,bsh161987[jtwc_sh] = UNNAMED[td9636]
1987053S15127  ,               ,bsh181987 ,bsh181987[jtwc_sh] = ELSIE[bom] = UNNAMED[td9636] = ELSIE[neumann]
1987058S10173  ,               ,bsh201987 ,bsh201987[jtwc_sh] = WINI[wellington] = UNNAMED[td9636] = WINI[neumann]
1987059S12196  ,               ,bsh191987 ,bsh191987[jtwc_sh] = UNNAMED[wellington] = UNNAMED[td9636] = HSK2087[neumann]
1987062S13072  ,               ,bsh211987 ,bsh211987[jtwc_sh] = DAODO[reunion] = UNNAMED[td9636] = DAODO[neumann]
1987065S11164  ,               ,bsh221987 ,bsh221987[jtwc_sh] = YALI[wellington] = UNNAMED[td9636] = YALI[neumann]
1987093N05155  ,               ,bwp021987 ,bwp021987[jtwc_wp] = PERCY[tokyo] = PERCY[cma] = PERCY[hko] = UNNAMED[td9636]
1987096S11144  ,               ,bsh231987 ,bsh231987[jtwc_sh] = KAY[bom] = UNNAMED[td9636] = KAY[neumann]
1987110S07073  ,               ,bsh261987 ,bsh261987[jtwc_sh] = UNNAMED[td9636] = HSK2787[neumann]
1987110S10179  ,               ,bsh251987 ,bsh251987[jtwc_sh] = ZUMAN[wellington] = UNNAMED[td9636] = ZUMAN[neumann]
1987110S27050  ,               ,bsh241987 ,bsh241987[jtwc_sh] = ELIZABETA[reunion] = UNNAMED[td9636] = ELIZABETA[neumann]
1987140S08170  ,               ,bsh271987 ,bsh271987[jtwc_sh] = BLANCH[bom] = BLANCH(E)[wellington] = UNNAMED[td9636] = BLANCH[neumann]
1987145N21292  ,               ,bal011987 ,UNNAMED[hurdat_atl] = bal011987[atcf]
1987150N13095  ,               ,bio021987 ,bio021987[jtwc_io] = UNNAMED[newdelhi] = UNNAMED[td9636]
1987155N16061  ,               ,bio031987 ,bio031987[jtwc_io] = UNNAMED[td9636]
1987159N12264  ,               ,bep011987 ,ADRIAN[hurdat_epa] = bep011987[jtwc_ep] = UNNAMED[td9636] = bep011987[atcf]
1987168N17118  ,               ,bwp031987 ,bwp031987[jtwc_wp] = RUTH[tokyo] = RUTH[cma] = RUTH[hko] = UNNAMED[td9636]
1987168N22122  ,               ,none      ,UNNAMED[cma]
1987176N10150  ,               ,bwp041987 ,bwp041987[jtwc_wp] = SPERRY[tokyo] = SPERRY[cma] = SPERRY[hko] = UNNAMED[td9636]
1987176S08087  ,               ,bsh281987 ,bsh281987[jtwc_sh] = UNNAMED[td9636] = HSK2987[neumann]
1987185N13244  ,               ,bep021987 ,BEATRIZ[hurdat_epa] = bep021987[jtwc_ep] = UNNAMED[td9636] = bep021987[atcf]
1987187N13258  ,               ,bep031987 ,CALVIN[hurdat_epa] = bep031987[jtwc_ep] = UNNAMED[td9636] = bep031987[atcf]
1987188N10151  ,               ,bwp051987 ,bwp051987[jtwc_wp] = THELMA[tokyo] = THELMA[cma] = THELMA[hko] = UNNAMED[td9636]
1987196N09146  ,               ,bwp061987 ,bwp061987[jtwc_wp] = VERNON[tokyo] = VERNON[cma] = VERNON[hko] = UNNAMED[td9636]
1987196N15258  ,               ,bep041987 ,DORA[hurdat_epa] = bep041987[jtwc_ep] = UNNAMED[td9636] = bep041987[atcf]
1987200N04191  ,               ,bwp071987 ,bwp071987[jtwc_wp] = WYNNE[tokyo] = WYNNE[cma] = WYNNE[hko] = UNNAMED[td9636]
1987202N09144  ,               ,bwp081987 ,bwp081987[jtwc_wp] = ALEX[tokyo] = ALEX[cma] = ALEX[hko] = UNNAMED[td9636]
1987203N11263  ,               ,bep051987 ,EUGENE[hurdat_epa] = bep051987[jtwc_ep] = UNNAMED[td9636] = bep051987[atcf]
1987205N12229  ,               ,bep061987 ,FERNANDA[hurdat_epa] = bep061987[jtwc_ep] = FERNANDA[cphc] = UNNAMED[td9636] = bep061987[atcf]
1987209N12259  ,               ,bep071987 ,GREG[hurdat_epa] = bep071987[jtwc_ep] = UNNAMED[td9636] = bep071987[atcf]
1987213N11268  ,               ,bep081987 ,HILARY[hurdat_epa] = bep081987[jtwc_ep] = UNNAMED[td9636] = bep081987[atcf]
1987216N10270  ,               ,bep091987 ,IRWIN[hurdat_epa] = bep091987[jtwc_ep] = UNNAMED[td9636] = bep091987[atcf]
1987219N08134  ,               ,bwp091987 ,bwp091987[jtwc_wp] = BETTY[tokyo] = BETTY[cma] = BETTY[hko] = UNNAMED[td9636]
1987219N08155  ,               ,bwp101987 ,bwp101987[jtwc_wp] = CARY[tokyo] = CARY[cma] = CARY[hko] = UNNAMED[td9636]
1987220N34283  ,               ,bal021987 ,ARLENE[hurdat_atl] = bal021987[atcf]
1987222N26266  ,               ,bal031987 ,UNNAMED[hurdat_atl] = bal031987[atcf]
1987222N27145  ,               ,none      ,UNNAMED[tokyo] = UNNAMED[cma] = TD0810[hko]
1987225N13313  ,               ,bal041987 ,UNNAMED[hurdat_atl] = bal041987[atcf]
1987226N13241  ,               ,bep101987 ,JOVA[hurdat_epa] = bep101987[jtwc_ep] = JOVA[cphc] = UNNAMED[td9636] = bep101987[atcf]
1987230N15340  ,               ,bal051987 ,BRET[hurdat_atl] = bal051987[atcf]
1987230N25136  ,               ,none      ,UNNAMED[cma]
1987231N10159  ,               ,bwp111987 ,bwp111987[jtwc_wp] = DINAH[tokyo] = DINAH[cma] = DINAH[hko] = UNNAMED[td9636]
1987232N07173  ,               ,bwp121987 ,bwp121987[jtwc_wp] = ED(1)[hko] = ED(2)[hko] = UNNAMED[td9636]
1987238N10213  ,               ,bcp011987 ,OKA[hurdat_epa] = bcp011987[jtwc_cp] = OKA[cphc] = UNNAMED[td9636] = bcp011987[atcf]
1987238N24090  ,               ,none      ,UNNAMED[newdelhi]
1987241N10241  ,               ,bep111987 ,KNUT[hurdat_epa] = bep111987[jtwc_ep] = UNNAMED[td9636] = bep111987[atcf]
1987242N13257  ,               ,bep121987 ,LIDIA[hurdat_epa] = bep121987[jtwc_ep] = UNNAMED[td9636] = bep121987[atcf]
1987243N14328  ,               ,bal061987 ,UNNAMED[hurdat_atl] = bal061987[atcf]
1987244N11177  ,               ,bwp151987 ,bwp151987[jtwc_wp] = HOLLY[tokyo] = HOLLY[cma] = HOLLY[hko] = UNNAMED[td9636]
1987245N15133  ,               ,bwp141987 ,bwp141987[jtwc_wp] = GERALD[tokyo] = GERALD[cma] = GERALD[hko] = UNNAMED[td9636]
1987245N17120  ,               ,none      ,UNNAMED[cma]
1987247N09150  ,               ,bwp131987 ,bwp131987[jtwc_wp] = FREDA[tokyo] = FREDA[cma] = FREDA[hko] = UNNAMED[td9636]
1987249N13297  ,               ,bal081987 ,UNNAMED[hurdat_atl] = bal081987[atcf]
1987249N15329  ,               ,bal071987 ,CINDY[hurdat_atl] = bal071987[atcf]
1987250N29282  ,               ,bal091987 ,UNNAMED[hurdat_atl] = bal091987[atcf]
1987252N11342  ,               ,bal101987 ,DENNIS[hurdat_atl] = bal101987[atcf]
1987253N11260  ,               ,bep131987 ,MAX[hurdat_epa] = bep131987[jtwc_ep] = UNNAMED[td9636] = bep131987[atcf]
1987255N23086  ,               ,none      ,UNNAMED[newdelhi]
1987257N14306  ,               ,bal111987 ,UNNAMED[hurdat_atl] = bal111987[atcf]
1987258N15253  ,               ,bep141987 ,NORMA[hurdat_epa] = bep141987[jtwc_ep] = UNNAMED[td9636] = bep141987[atcf]
1987258N23082  ,               ,none      ,UNNAMED[newdelhi]
1987263N10241  ,               ,bep151987 ,OTIS[hurdat_epa] = bep151987[jtwc_ep] = UNNAMED[td9636] = bep151987[atcf]
1987263N10309  ,               ,bal121987 ,EMILY[hurdat_atl] = bal121987[atcf]
1987264N10190  ,               ,multiple  ,PEKE[hurdat_epa] = bcp021987[jtwc_cp] = bwp161987[jtwc_wp] = PEKE[tokyo] = PEKE[cphc] = PEKE[cma] = PEKE[hko] = UNNAMED[td9636] = bcp021987[atcf]
1987266N16148  ,               ,bwp171987 ,bwp171987[jtwc_wp] = IAN[tokyo] = IAN[cma] = IAN[hko] = UNNAMED[td9636]
1987267N17163  ,               ,bwp181987 ,bwp181987[jtwc_wp] = TD0925[hko] = UNNAMED[td9636]
1987270N15160  ,               ,bwp191987 ,bwp191987[jtwc_wp] = JUNE[tokyo] = JUNE[cma] = JUNE[hko] = UNNAMED[td9636]
1987274N21249  ,               ,bep161987 ,PILAR[hurdat_epa] = bep161987[jtwc_ep] = UNNAMED[td9636] = bep161987[atcf]
1987279N12256  ,               ,bep171987 ,RAMON[hurdat_epa] = bep171987[jtwc_ep] = UNNAMED[td9636] = bep171987[atcf]
1987282N12137  ,               ,bwp201987 ,bwp201987[jtwc_wp] = KELLY[tokyo] = KELLY[cma] = KELLY[hko] = UNNAMED[td9636]
1987282N15277  ,               ,bal131987 ,FLOYD[hurdat_atl] = bal131987[atcf]
1987287N12089  ,               ,bio041987 ,bio041987[jtwc_io] = UNNAMED[newdelhi] = UNNAMED[td9636]
1987288N13168  ,               ,bwp211987 ,bwp211987[jtwc_wp] = LYNN[tokyo] = LYNN[cma] = LYNN[hko] = UNNAMED[td9636]
1987300N10239  ,               ,bep181987 ,SELMA[hurdat_epa] = bep181987[jtwc_ep] = UNNAMED[td9636] = bep181987[atcf]
1987303N06088  ,               ,bio051987 ,bio051987[jtwc_io] = UNNAMED[newdelhi] = UNNAMED[td9636]
1987304S04086  ,               ,bsh011988 ,bsh011988[jtwc_sh] = UNNAMED[td9636] = HSK0188[neumann]
1987305N17283  ,               ,bal141987 ,UNNAMED[hurdat_atl] = bal141987[atcf]
1987311N10148  ,               ,bwp221987 ,bwp221987[jtwc_wp] = MAURY[tokyo] = MAURY[cma] = MAURY(1)[hko] = MAURY(2)[hko] = UNNAMED[td9636]
1987312N09095  ,               ,bio061987 ,bio061987[jtwc_io] = UNNAMED[newdelhi] = UNNAMED[td9636]
1987320N03171  ,               ,bwp231987 ,bwp231987[jtwc_wp] = NINA[tokyo] = NINA[cma] = NINA[hko] = UNNAMED[td9636]
1987325N13126  ,               ,bwp241987 ,bwp241987[jtwc_wp] = OGDEN[cma] = OGDEN[hko] = UNNAMED[td9636]
1987325S06050  ,               ,bsh021988 ,bsh021988[jtwc_sh] = UNNAMED[td9636] = HSK0288[neumann]
1987336N10085  ,               ,bio071987 ,bio071987[jtwc_io] = UNNAMED[td9636]
1987340S07095  ,               ,bsh031988 ,bsh031988[jtwc_sh] = ARINY[reunion] = UNNAMED[td9636] = ARINY[neumann]
1987343N05154  ,               ,bwp251987 ,bwp251987[jtwc_wp] = PHYLLIS[tokyo] = PHYLLIS[cma] = PHYLLIS[hko] = UNNAMED[td9636]
1987351N09086  ,               ,bio081987 ,bio081987[jtwc_io] = UNNAMED[newdelhi] = UNNAMED[td9636]
1987353S08177  ,               ,bsh041988 ,bsh041988[jtwc_sh] = UNNAMED[td9636] = HSK0488[neumann]
1987358S10070  ,               ,bsh051988 ,bsh051988[jtwc_sh] = BENANDRO[reunion] = UNNAMED[td9636] = BENANDRO[neumann]
1988003S12171  ,               ,bsh061988 ,bsh061988[jtwc_sh] = AGI[bom] = AGI[wellington] = UNNAMED[td9636] = AGI[neumann]
1988005N03174  ,               ,bwp011988 ,bwp011988[jtwc_wp] = ROY[tokyo] = ROY[cma] = ROY[hko] = UNNAMED[td9636]
1988006S05182  ,               ,bsh071988 ,bsh071988[jtwc_sh] = ANNE[wellington] = UNNAMED[td9636] = ANNE[neumann]
1988012S11061  ,               ,bsh081988 ,bsh081988[jtwc_sh] = CALIDERA[reunion] = UNNAMED[td9636] = CALIDERO[neumann]
1988019S24044  ,               ,none      ,CALIDERA[reunion]
1988021S12080  ,               ,bsh091988 ,bsh091988[jtwc_sh] = DOAZA[reunion] = UNNAMED[td9636] = DOAZA[neumann]
1988028S07100  ,               ,bsh101988 ,bsh101988[jtwc_sh] = FREDERIC[bom] = UNNAMED[td9636] = FREDERIC[neumann]
1988037S13109  ,               ,bsh111988 ,bsh111988[jtwc_sh] = GWENDA[bom] = EZENINA[reunion] = UNNAMED[td9636] = GWENDA/EZENI[neumann]
1988050S13155  ,               ,bsh121988 ,bsh121988[jtwc_sh] = CHARLIE[bom] = CHARLIE[wellington] = UNNAMED[td9636] = CHARLIE[neumann]
1988055S10051  ,               ,bsh141988 ,bsh141988[jtwc_sh] = FILAO[reunion] = UNNAMED[td9636] = FILAO[neumann]
1988055S10180  ,               ,bsh131988 ,bsh131988[jtwc_sh] = BOLA[wellington] = UNNAMED[td9636] = BOLA[neumann]
1988058S19198  ,               ,bsh151988 ,bsh151988[jtwc_sh] = CILLA[wellington] = UNNAMED[td9636] = CILLA[neumann]
1988072S08088  ,               ,bsh161988 ,bsh161988[jtwc_sh] = GASITAO[reunion] = UNNAMED[td9636] = GASITAO[neumann]
1988076S14056  ,               ,multiple  ,bsh171988[jtwc_sh] = HELY[reunion] = UNNAMED[td9636] = UNNAMED[td9636] = HELY[neumann] = bsh181988[jtwc_sh]
1988082S13063  ,               ,none      ,UNNAMED[td9636]
1988089S17048  ,               ,bsh181988 ,UNNAMED[td9636] = bsh181988[jtwc_sh]
1988100S15171  ,               ,bsh191988 ,bsh191988[jtwc_sh] = DOVI[wellington] = UNNAMED[td9636] = DOVI[neumann]
1988107S28175  ,               ,none      ,DOVI[wellington]
1988125S10071  ,               ,bsh201988 ,bsh201988[jtwc_sh] = IARISENA[reunion] = UNNAMED[td9636] = IARISENA[neumann]
1988138S07092  ,               ,bsh211988 ,bsh211988[jtwc_sh] = HERBIE[bom] = UNNAMED[td9636] = HERBIE[neumann]
1988150N19119  ,               ,bwp021988 ,bwp021988[jtwc_wp] = SUSAN[tokyo] = SUSAN[cma] = SUSAN[hko] = UNNAMED[td9636]
1988153N20275  ,               ,bal131988 ,UNNAMED[hurdat_atl] = bal131988[atcf]
1988156N18128  ,               ,bwp031988 ,bwp031988[jtwc_wp] = UNNAMED[tokyo] = UNNAMED[cma] = TS0604[hko] = UNNAMED[td9636]
1988160N14074  ,               ,bio011988 ,bio011988[jtwc_io] = UNNAMED[newdelhi] = UNNAMED[td9636]
1988161N21089  ,               ,none      ,UNNAMED[newdelhi]
1988168N13248  ,               ,bep141988 ,UNNAMED[hurdat_epa] = bep141988[atcf]
1988169N14259  ,               ,bep011988 ,ALETTA[hurdat_epa] = bep011988[jtwc_ep] = UNNAMED[td9636] = bep011988[atcf]
1988170N05141  ,               ,bwp041988 ,bwp041988[jtwc_wp] = THAD[tokyo] = THAD[cma] = THAD[hko] = UNNAMED[td9636]
1988173N12268  ,               ,bep021988 ,BUD[hurdat_epa] = bep021988[jtwc_ep] = UNNAMED[td9636] = bep021988[atcf]
1988177N07137  ,               ,bwp051988 ,bwp051988[jtwc_wp] = VANESSA[tokyo] = VANESSA[cma] = VANESSA[hko] = UNNAMED[td9636]
1988184N19251  ,               ,bep151988 ,UNNAMED[hurdat_epa] = bep151988[atcf]
1988187N23133  ,               ,none      ,UNNAMED[cma]
1988191N13256  ,               ,bep031988 ,CARLOTTA[hurdat_epa] = bep031988[jtwc_ep] = UNNAMED[td9636] = bep031988[atcf]
1988193N09149  ,               ,bwp061988 ,bwp061988[jtwc_wp] = WARREN[tokyo] = WARREN[cma] = WARREN[hko] = UNNAMED[td9636]
1988199N18086  ,               ,none      ,UNNAMED[newdelhi]
1988202N15248  ,               ,bep041988 ,DANIEL[hurdat_epa] = bep041988[jtwc_ep] = UNNAMED[td9636] = bep041988[atcf]
1988208N27135  ,               ,bwp071988 ,bwp071988[jtwc_wp] = AGNES[tokyo] = AGNES[cma] = AGNES[hko] = UNNAMED[td9636]
1988210N14251  ,               ,bep051988 ,EMILIA[hurdat_epa] = bep051988[jtwc_ep] = UNNAMED[td9636] = bep051988[atcf]
1988211N12239  ,               ,bep061988 ,FABIO[hurdat_epa] = bep061988[jtwc_ep] = FABIO[cphc] = UNNAMED[td9636] = bep061988[atcf]
1988211N15225  ,               ,bep071988 ,GILMA[hurdat_epa] = bep071988[jtwc_ep] = GILMA[cphc] = UNNAMED[td9636] = bep071988[atcf]
1988211N18230  ,               ,bep161988 ,UNNAMED[hurdat_epa] = bep161988[atcf]
1988213N11262  ,               ,bep081988 ,HECTOR[hurdat_epa] = bep081988[jtwc_ep] = HECTOR[cphc] = UNNAMED[td9636] = bep081988[atcf]
1988213N20134  ,               ,none      ,UNNAMED[tokyo] = UNNAMED[cma]
1988214N18116  ,               ,none      ,UNNAMED[cma]
1988215N22090  ,               ,none      ,UNNAMED[newdelhi]
1988218N13264  ,               ,bep091988 ,IVA[hurdat_epa] = bep091988[jtwc_ep] = UNNAMED[td9636] = bep091988[atcf]
1988218N21128  ,               ,bwp081988 ,bwp081988[jtwc_wp] = BILL[tokyo] = BILL[cma] = BILL[hko] = UNNAMED[td9636]
1988219N27175  ,               ,bwp091988 ,bwp091988[jtwc_wp] = CLARA[tokyo] = CLARA[cma] = CLARA[hko] = UNNAMED[td9636]
1988219N32283  ,               ,bal011988 ,ALBERTO[hurdat_atl] = bal011988[atcf]
1988220N25140  ,               ,none      ,UNNAMED[cma]
1988221N30270  ,               ,bal021988 ,BERYL[hurdat_atl] = bal021988[atcf]
1988226N22173  ,               ,bwp101988 ,bwp101988[jtwc_wp] = DOYLE[tokyo] = DOYLE[cma] = DOYLE[hko] = UNNAMED[td9636]
1988226N25286  ,               ,bal141988 ,UNNAMED[hurdat_atl] = bal141988[atcf]
1988226N26127  ,               ,none      ,UNNAMED[tokyo] = UNNAMED[cma]
1988227N18250  ,               ,bep171988 ,UNNAMED[hurdat_epa] = bep171988[atcf]
1988227N24123  ,               ,none      ,UNNAMED[tokyo]
1988230N18254  ,               ,bep101988 ,JOHN[hurdat_epa] = bep101988[jtwc_ep] = UNNAMED[td9636] = bep101988[atcf]
1988234N13299  ,               ,bal161988 ,UNNAMED[hurdat_atl] = bal161988[atcf]
1988234N13339  ,               ,bal151988 ,UNNAMED[hurdat_atl] = bal151988[atcf]
1988235N15317  ,               ,bal031988 ,CHRIS[hurdat_atl] = bal031988[atcf]
1988237N23154  ,               ,bwp111988 ,bwp111988[jtwc_wp] = ELSIE[tokyo] = ELSIE[cma] = ELSIE(1)[hko] = ELSIE(2)[hko] = UNNAMED[td9636]
1988237N30143  ,               ,bwp121988 ,bwp121988[jtwc_wp] = FABIAN[tokyo] = FABIAN[cma] = FABIAN[hko] = UNNAMED[td9636]
1988240N15248  ,               ,bep181988 ,UNNAMED[hurdat_epa] = bep181988[atcf]
1988242N12215  ,               ,bcp011988 ,ULEKI[hurdat_epa] = bcp011988[jtwc_cp] = ULEKI[tokyo] = ULEKI[cphc] = ULEKI[cma] = ULEKI[hko] = UNNAMED[td9636] = bcp011988[atcf]
1988242N13262  ,               ,bep111988 ,KRISTY[hurdat_epa] = bep111988[jtwc_ep] = UNNAMED[td9636] = bep111988[atcf]
1988245N20269  ,               ,bal041988 ,DEBBY[hurdat_atl] = bal041988[atcf]
1988246N26133  ,               ,bwp131988 ,bwp131988[jtwc_wp] = GAY[tokyo] = GAY[cma] = GAY[hko] = UNNAMED[td9636]
1988247N33300  ,               ,bal051988 ,ERNESTO[hurdat_atl] = bal051988[atcf]
1988248N28267  ,               ,bal171988 ,UNNAMED[hurdat_atl] = bal171988[atcf]
1988249N18163  ,               ,bwp141988 ,bwp141988[jtwc_wp] = HAL[tokyo] = HAL[cma] = HAL[hko] = UNNAMED[td9636]
1988251N13343  ,               ,bal061988 ,UNNAMED[hurdat_atl] = bal061988[atcf]
1988251N23268  ,               ,bal071988 ,FLORENCE[hurdat_atl] = bal071988[atcf]
1988253N12306  ,               ,bal081988 ,GILBERT[hurdat_atl] = bal081988[atcf]
1988255N15132  ,               ,bwp161988 ,bwp161988[jtwc_wp] = JEFF[tokyo] = JEFF[cma] = JEFF[hko] = UNNAMED[td9636]
1988255N21159  ,               ,bwp151988 ,bwp151988[jtwc_wp] = IRMA[tokyo] = IRMA[cma] = IRMA[hko] = UNNAMED[td9636]
1988257N16252  ,               ,bep191988 ,UNNAMED[hurdat_epa] = bep191988[atcf]
1988260N15157  ,               ,bwp181988 ,bwp181988[jtwc_wp] = LEE[tokyo] = LEE[cma] = LEE[hko] = UNNAMED[td9636]
1988263N15126  ,               ,bwp171988 ,bwp171988[jtwc_wp] = KIT[tokyo] = KIT[cma] = KIT[hko] = UNNAMED[td9636]
1988263N18115  ,               ,bwp191988 ,bwp191988[jtwc_wp] = MAMIE[tokyo] = MIMIE[cma] = MAMIE[hko] = UNNAMED[td9636]
1988264N13328  ,               ,bal091988 ,HELENE[hurdat_atl] = bal091988[atcf]
1988265N12218  ,               ,bcp021988 ,WILA[hurdat_epa] = bcp021988[jtwc_cp] = WILA[cphc] = UNNAMED[td9636] = bcp021988[atcf]
1988265N13263  ,               ,bep121988 ,LANE[hurdat_epa] = bep121988[jtwc_ep] = UNNAMED[td9636] = bep121988[atcf]
1988271N16125  ,               ,none      ,UNNAMED[cma] = TD0930[hko]
1988272N12339  ,               ,bal181988 ,UNNAMED[hurdat_atl] = bal181988[atcf]
1988273N09315  ,               ,bal101988 ,ISAAC[hurdat_atl] = bal101988[atcf]
1988274N12142  ,               ,bwp201988 ,bwp201988[jtwc_wp] = NELSON[tokyo] = NELSON[cma] = NELSON[hko] = UNNAMED[td9636]
1988275N18085  ,               ,none      ,UNNAMED[newdelhi]
1988282N15118  ,               ,none      ,UNNAMED[tokyo] = UNNAMED[cma] = TS1007[hko]
1988282N17153  ,               ,bwp211988 ,bwp211988[jtwc_wp] = ODESSA[tokyo] = ODESSA[cma] = ODESSA[hko] = UNNAMED[td9636]
1988285N09318  ,               ,multiple  ,JOAN[hurdat_atl] = MIRIAM[hurdat_epa] = bep131988[jtwc_ep] = UNNAMED[td9636] = bal111988[atcf] = bep131988[atcf]
1988285N18251  ,               ,bep201988 ,UNNAMED[hurdat_epa] = bep201988[atcf]
1988288N14115  ,               ,none      ,UNNAMED[cma]
1988290N08145  ,               ,bwp221988 ,bwp221988[jtwc_wp] = PAT[tokyo] = PAT[cma] = PAT[hko] = UNNAMED[td9636]
1988291N15095  ,               ,bio021988 ,bio021988[jtwc_io] = UNNAMED[newdelhi] = UNNAMED[td9636]
1988294N13287  ,               ,bal191988 ,UNNAMED[hurdat_atl] = bal191988[atcf]
1988295N10138  ,               ,bwp231988 ,bwp231988[jtwc_wp] = RUBY[tokyo] = RUBY[cma] = RUBY[hko] = UNNAMED[td9636]
1988304S08077  ,               ,bsh011989 ,bsh011989[jtwc_sh] = ADELININA[reunion] = UNNAMED[td9636] = ADELININA[neumann]
1988306N15130  ,               ,bwp251988 ,bwp251988[jtwc_wp] = UNNAMED[td9636]
1988307N09131  ,               ,bwp251988 ,bwp251988[jtwc_wp] = TESS[tokyo] = TESS[cma] = TESS[hko] = UNNAMED[td9636]
1988308N09140  ,               ,bwp241988 ,bwp241988[jtwc_wp] = SKIP[tokyo] = SKIP[cma] = SKIP[hko] = UNNAMED[td9636]
1988310S08100  ,               ,bsh021989 ,bsh021989[jtwc_sh] = BARISAONA[bom] = BARISAONA[reunion] = UNNAMED[td9636] = BARISAONA[neumann]
1988319N08090  ,               ,bio031988 ,bio031988[jtwc_io] = UNNAMED[td9636]
1988320N10087  ,               ,none      ,UNNAMED[newdelhi]
1988323N15286  ,               ,bal121988 ,KEITH[hurdat_atl] = bal121988[atcf]
1988327N06100  ,               ,bio041988 ,bio041988[jtwc_io] = UNNAMED[newdelhi] = UNNAMED[td9636]
1988341N08090  ,               ,bio051988 ,bio051988[jtwc_io] = UNNAMED[newdelhi] = UNNAMED[td9636]
1988347S12128  ,               ,bsh031989 ,bsh031989[jtwc_sh] = ILONA[bom] = UNNAMED[td9636] = ILONA[neumann]
1988352S14166  ,               ,none      ,ESETA[wellington] = ESETA[neumann]
1988356N05142  ,               ,bwp261988 ,bwp261988[jtwc_wp] = VAL[tokyo] = VAL[cma] = VAL[hko] = UNNAMED[td9636]
1988364S17148  ,               ,bsh041989 ,bsh041989[jtwc_sh] = DELILAH[bom] = DELILAH[wellington] = UNNAMED[td9636] = DELILAH[neumann]
1989002S14192  ,               ,none      ,FILI[wellington] = FILI[neumann]
1989006S13184  ,               ,bsh051989 ,bsh051989[jtwc_sh] = GINA[wellington] = UNNAMED[td9636] = GINA[neumann]
1989006S15044  ,               ,bsh061989 ,bsh061989[jtwc_sh] = CALASANJY[reunion] = UNNAMED[td9636] = CALASANJY[neumann]
1989010N16212  ,               ,bwp011989 ,bwp011989[jtwc_wp] = WINONA[tokyo] = WINONA[cphc] = WINONA[cma] = WINONA[hko] = UNNAMED[td9636]
1989010S15063  ,               ,none      ,DONA[reunion] = UNNAMED[td9636] = DONA[neumann]
1989018S10082  ,               ,bsh071989 ,bsh071989[jtwc_sh] = EDME[reunion] = UNNAMED[td9636] = EDME[neumann]
1989023S08103  ,               ,none      ,JOHN[bom] = JOHN[neumann]
1989024S11064  ,               ,bsh081989 ,bsh081989[jtwc_sh] = FIRINGA[reunion] = UNNAMED[td9636] = FIRINGA[neumann]
1989026N11127  ,               ,none      ,UNNAMED[cma]
1989035S11106  ,               ,bsh091989 ,bsh091989[jtwc_sh] = KIRRILY[bom] = UNNAMED[td9636] = KIRRILY[neumann]
1989037S16164  ,               ,bsh101989 ,bsh101989[jtwc_sh] = HARRY[bom] = HARRY[wellington] = UNNAMED[td9636] = HARRY[neumann]
1989042S23178  ,               ,none      ,UNNAMED[wellington] = UNNAMED[neumann]
1989044S12102  ,               ,bsh111989 ,bsh111989[jtwc_sh] = LEON[bom] = HANITRA[reunion] = UNNAMED[td9636] = LEON/HANITRA[neumann]
1989047S13079  ,               ,bsh121989 ,bsh121989[jtwc_sh] = GIZELA[reunion] = UNNAMED[td9636] = GIZELA[neumann]
1989052S27233  ,               ,bsh141989 ,bsh141989[jtwc_sh] = HINANO[wellington] = UNNAMED[td9636] = HINANO[neumann]
1989053S14210  ,               ,bsh151989 ,bsh151989[jtwc_sh] = JUDY[wellington] = UNNAMED[td9636] = JUDY[neumann]
1989053S15170  ,               ,bsh131989 ,bsh131989[jtwc_sh] = IVY[wellington] = UNNAMED[td9636] = IVY[neumann]
1989054S17117  ,               ,bsh161989 ,bsh161989[jtwc_sh] = UNNAMED[td9636] = HSK2189[neumann]
1989056S23039  ,               ,none      ,IANA[reunion] = UNNAMED[td9636] = IANA[neumann]
1989060S09097  ,               ,bsh171989 ,bsh171989[jtwc_sh] = MARCIA[bom] = UNNAMED[td9636] = MARCIA[neumann]
1989067S17041  ,               ,bsh181989 ,bsh181989[jtwc_sh] = UNNAMED[td9636] = HSK2489[neumann]
1989080S16066  ,               ,bsh191989 ,bsh191989[jtwc_sh] = JINABO[reunion] = UNNAMED[td9636] = JINARO[neumann]
1989084S18122  ,               ,bsh201989 ,bsh201989[jtwc_sh] = NED[bom] = UNNAMED[td9636] = NED[neumann]
1989086S08081  ,               ,bsh211989 ,bsh211989[jtwc_sh] = UNNAMED[td9636] = KRISY[neumann]
1989087S11073  ,               ,bsh211989 ,bsh211989[jtwc_sh] = KRISY[reunion] = UNNAMED[td9636] = KRISY[neumann]
1989088S15187  ,               ,bsh221989 ,bsh221989[jtwc_sh] = KERRY[wellington] = UNNAMED[td9636] = KERRY[neumann]
1989089S11158  ,               ,bsh231989 ,bsh231989[jtwc_sh] = AIVU[bom] = AIVU[wellington] = UNNAMED[td9636] = AIVU[neumann]
1989094S05086  ,               ,bsh241989 ,UNNAMED[td9636] = LEZISSY[neumann] = bsh241989[jtwc_sh] = LEZISSY[reunion]
1989096S13159  ,               ,bsh251989 ,bsh251989[jtwc_sh] = LILI[wellington] = UNNAMED[td9636] = LILI[neumann]
1989103N07154  ,               ,bwp021989 ,bwp021989[jtwc_wp] = ANDY[tokyo] = ANDY[cma] = ANDY[hko] = UNNAMED[td9636]
1989106S11128  ,               ,bsh261989 ,bsh261989[jtwc_sh] = ORSON[bom] = UNNAMED[td9636] = ORSON[neumann]
1989122S09162  ,               ,bsh271989 ,bsh271989[jtwc_sh] = MEENA[bom] = MEENA[wellington] = UNNAMED[td9636] = MEENA[neumann]
1989126S13178  ,               ,bsh281989 ,bsh281989[jtwc_sh] = ERNIE[bom] = ERNIE[wellington] = UNNAMED[td9636] = ERNIE[neumann]
1989134N07138  ,               ,bwp031989 ,bwp031989[jtwc_wp] = BRENDA[tokyo] = BRENDA[cma] = BRENDA[hko] = UNNAMED[td9636]
1989142N11114  ,               ,bwp041989 ,bwp041989[jtwc_wp] = CECIL[tokyo] = CECIL[cma] = CECIL[hko] = UNNAMED[td9636]
1989143N17090  ,               ,bio011989 ,bio011989[jtwc_io] = UNNAMED[newdelhi] = UNNAMED[td9636]
1989150N09257  ,               ,bep011989 ,ADOLPH[hurdat_epa] = bep011989[jtwc_ep] = UNNAMED[td9636] = bep011989[atcf]
1989153N04144  ,               ,bwp051989 ,bwp051989[jtwc_wp] = DOT[tokyo] = DOT[cma] = DOT[hko] = UNNAMED[td9636]
1989159N17072  ,               ,bio021989 ,bio021989[jtwc_io] = UNNAMED[newdelhi] = UNNAMED[td9636]
1989163N20088  ,               ,none      ,UNNAMED[newdelhi]
1989165N11255  ,               ,bep021989 ,BARBARA[hurdat_epa] = bep021989[jtwc_ep] = UNNAMED[td9636] = bep021989[atcf]
1989167N21266  ,               ,bal011989 ,UNNAMED[hurdat_atl] = bal011989[atcf]
1989169N13265  ,               ,bep031989 ,COSME[hurdat_epa] = bep031989[jtwc_ep] = UNNAMED[td9636] = bep031989[atcf]
1989169N16142  ,               ,bwp061989 ,bwp061989[jtwc_wp] = ELLIS[tokyo] = ELLIS[cma] = ELLIS[hko] = UNNAMED[td9636]
1989171N11088  ,               ,none      ,UNNAMED[newdelhi]
1989176N14114  ,               ,none      ,UNNAMED[cma]
1989176N27264  ,               ,bal021989 ,ALLISON[hurdat_atl] = bal021989[atcf]
1989187N15132  ,               ,bwp071989 ,bwp071989[jtwc_wp] = FAYE[tokyo] = FAYE[cma] = FAYE[hko] = UNNAMED[td9636]
1989189S07088  ,               ,bsh011990 ,bsh011990[jtwc_sh] = HSK0190[neumann]
1989190N08231  ,               ,bep041989 ,UNNAMED[hurdat_epa] = bep041989[jtwc_ep] = bep041989[atcf]
1989190N09240  ,               ,bep051989 ,UNNAMED[hurdat_epa] = bep051989[jtwc_ep] = bep051989[atcf]
1989190N13261  ,               ,bep061989 ,DALILIA[hurdat_epa] = bep061989[jtwc_ep] = DALILIA[cphc] = UNNAMED[td9636] = bep061989[atcf]
1989190N20160  ,               ,bwp081989 ,bwp081989[jtwc_wp] = GORDON[tokyo] = GORDON[cma] = GORDON[hko] = UNNAMED[td9636]
1989191N13322  ,               ,bal031989 ,BARRY[hurdat_atl] = bal031989[atcf]
1989193N13220  ,               ,none      ,FOUR-E[cphc]
1989194N13149  ,               ,bwp091989 ,bwp091989[jtwc_wp] = HOPE[tokyo] = HOPE[cma] = HOPE[hko] = UNNAMED[td9636]
1989194S06095  ,               ,bsh021990 ,bsh021990[jtwc_sh] = HSK0290[neumann]
1989195N10219  ,               ,none      ,FIVE-E[cphc]
1989196N14250  ,               ,bep071989 ,UNNAMED[hurdat_epa] = bep071989[jtwc_ep] = bep071989[atcf]
1989199N05139  ,               ,bwp101989 ,bwp101989[jtwc_wp] = IRVING[tokyo] = IRVING[cma] = IRVING[hko] = UNNAMED[td9636]
1989200N12236  ,               ,bep081989 ,ERICK[hurdat_epa] = bep081989[jtwc_ep] = UNNAMED[td9636] = bep081989[atcf]
1989201N11145  ,               ,bwp111989 ,bwp111989[jtwc_wp] = JUDY[tokyo] = JUDY[cma] = JUDY[hko] = UNNAMED[td9636]
1989203N18086  ,               ,none      ,UNNAMED[newdelhi]
1989205N13260  ,               ,bep091989 ,FLOSSIE[hurdat_epa] = bep091989[jtwc_ep] = UNNAMED[td9636] = bep091989[atcf]
1989208N20133  ,               ,bwp121989 ,bwp121989[jtwc_wp] = UNNAMED[cma] = UNNAMED[td9636]
1989209N22130  ,               ,bwp131989 ,bwp131989[jtwc_wp] = KEN/LOLA[tokyo] = KEN[cma] = KEN-LOLA[hko] = UNNAMED[td9636]
1989210N14259  ,               ,bep101989 ,GIL[hurdat_epa] = bep101989[jtwc_ep] = UNNAMED[td9636] = bep101989[atcf]
1989211N24153  ,               ,bwp151989 ,bwp151989[jtwc_wp] = MAC[tokyo] = MAC[cma] = MAC[hko] = UNNAMED[td9636]
1989212N15318  ,               ,bal051989 ,DEAN[hurdat_atl] = bal051989[atcf]
1989212N23270  ,               ,bal041989 ,CHANTAL[hurdat_atl] = bal041989[atcf]
1989216N06159  ,               ,bwp161989 ,bwp161989[jtwc_wp] = OWEN[tokyo] = OWEN[cma] = OWEN[hko] = UNNAMED[td9636]
1989221N10149  ,               ,bwp171989 ,bwp171989[jtwc_wp] = NANCY[tokyo] = NANCY[cma] = NANCY[hko] = UNNAMED[td9636]
1989221N16339  ,               ,bal061989 ,UNNAMED[hurdat_atl] = bal061989[atcf]
1989221N17115  ,               ,none      ,UNNAMED[cma]
1989227N12236  ,               ,multiple  ,HENRIETTE[hurdat_epa] = bep121989[jtwc_ep] = UNNAMED[td9636] = bep111989[atcf]
1989227N13261  ,               ,multiple  ,ISMAEL[hurdat_epa] = bep111989[jtwc_ep] = ISMAEL[cphc] = UNNAMED[td9636] = bep121989[atcf]
1989227N16145  ,               ,bwp181989 ,bwp181989[jtwc_wp] = PEGGY[tokyo] = PEGGY[cma] = PEGGY[hko] = UNNAMED[td9636]
1989228N17086  ,               ,none      ,UNNAMED[newdelhi]
1989228N29127  ,               ,bwp191989 ,bwp191989[jtwc_wp] = UNNAMED[cma] = TS0817[hko] = UNNAMED[td9636]
1989230N14338  ,               ,bal071989 ,ERIN[hurdat_atl] = bal071989[atcf]
1989230N17137  ,               ,none      ,UNNAMED[cma]
1989231N22154  ,               ,none      ,UNNAMED[cma]
1989234N16244  ,               ,bep131989 ,JULIETTE[hurdat_epa] = bep131989[jtwc_ep] = UNNAMED[td9636] = bep131989[atcf]
1989235N22146  ,               ,bwp211989 ,bwp211989[jtwc_wp] = UNNAMED[tokyo] = UNNAMED[cma] = TS0826[hko] = UNNAMED[td9636]
1989235N26122  ,               ,bwp201989 ,bwp201989[jtwc_wp] = ROGER[tokyo] = 1 6 ROGER[cma] = ROGER[hko] = UNNAMED[td9636]
1989238N17339  ,               ,bal081989 ,FELIX[hurdat_atl] = bal081989[atcf]
1989238N22253  ,               ,bep141989 ,KIKO[hurdat_epa] = bep141989[jtwc_ep] = UNNAMED[td9636] = bep141989[atcf]
1989239N13312  ,               ,bal091989 ,UNNAMED[hurdat_atl] = bal091989[atcf]
1989240N14256  ,               ,bep151989 ,LORENA[hurdat_epa] = bep151989[jtwc_ep] = UNNAMED[td9636] = bep151989[atcf]
1989241N13265  ,               ,bep161989 ,MANUEL[hurdat_epa] = bep161989[jtwc_ep] = UNNAMED[td9636] = bep161989[atcf]
1989243N12339  ,               ,bal101989 ,GABRIELLE[hurdat_atl] = bal101989[atcf]
1989246N14263  ,               ,bep171989 ,NARDA[hurdat_epa] = bep171989[jtwc_ep] = UNNAMED[td9636] = bep171989[atcf]
1989246N16159  ,               ,bwp221989 ,bwp221989[jtwc_wp] = SARAH[tokyo] = SARAH[cma] = SARAH(-)1[cma] = SARAH[hko] = UNNAMED[td9636]
1989250N17148  ,               ,bwp231989 ,bwp231989[jtwc_wp] = TIP[tokyo] = TIP[cma] = TIP[hko] = UNNAMED[td9636]
1989252N11260  ,               ,bep181989 ,OCTAVE[hurdat_epa] = bep181989[jtwc_ep] = UNNAMED[td9636] = bep181989[atcf]
1989254N13340  ,               ,bal111989 ,HUGO[hurdat_atl] = bal111989[atcf]
1989254N17145  ,               ,bwp241989 ,bwp241989[jtwc_wp] = VERA[tokyo] = VERA[cma] = VERA[hko] = UNNAMED[td9636]
1989259N20126  ,               ,bwp251989 ,bwp251989[jtwc_wp] = WAYNE[tokyo] = WAYNE[cma] = WAYNE[hko] = UNNAMED[td9636]
1989260N11316  ,               ,bal121989 ,IRIS[hurdat_atl] = bal121989[atcf]
1989260N13264  ,               ,bep191989 ,PRISCILLA[hurdat_epa] = bep191989[jtwc_ep] = UNNAMED[td9636] = bep191989[atcf]
1989265S05085  ,               ,bsh031990 ,bsh031990[jtwc_sh] = HSK0390[neumann]
1989268N14261  ,               ,bep211989 ,RAYMOND[hurdat_epa] = bep211989[jtwc_ep] = UNNAMED[td9636] = bep211989[atcf]
1989271N12142  ,               ,bwp261989 ,bwp261989[jtwc_wp] = ANGELA[tokyo] = ANGELA[cma] = ANGELA[hko] = UNNAMED[td9636]
1989271N14168  ,               ,bwp281989 ,bwp281989[jtwc_wp] = COLLEEN[tokyo] = COLLEN[cma] = COLLEEN[hko] = UNNAMED[td9636]
1989272N18120  ,               ,bwp271989 ,bwp271989[jtwc_wp] = BRIAN[tokyo] = BRIAN[cma] = BRIAN[hko] = UNNAMED[td9636]
1989275N12317  ,               ,bal131989 ,UNNAMED[hurdat_atl] = bal131989[atcf]
1989277N13257  ,               ,bep221989 ,UNNAMED[hurdat_epa] = bep221989[jtwc_ep] = bep221989[atcf]
1989279N07151  ,               ,bwp291989 ,bwp291989[jtwc_wp] = DAN[tokyo] = DAN[cma] = DAN[hko] = UNNAMED[td9636]
1989284S08080  ,               ,bsh041990 ,bsh041990[jtwc_sh] = HSK0490[neumann]
1989286N14137  ,               ,bwp301989 ,bwp301989[jtwc_wp] = ELSIE[tokyo] = ELSIE[cma] = ELSIE[hko] = UNNAMED[td9636]
1989286N19268  ,               ,bal141989 ,JERRY[hurdat_atl] = bal141989[atcf]
1989289N16243  ,               ,bep241989 ,UNNAMED[hurdat_epa] = bep241989[jtwc_ep] = bep241989[atcf]
1989290N18090  ,               ,none      ,UNNAMED[newdelhi]
1989291N05158  ,               ,bwp311989 ,bwp311989[jtwc_wp] = FORREST[tokyo] = FORREST[cma] = FORREST[hko] = UNNAMED[td9636]
1989302S05079  ,               ,bsh051990 ,bsh051990[jtwc_sh] = HSK0590[neumann]
1989305N07105  ,               ,bwp321989 ,bwp321989[jtwc_wp] = GAY[tokyo] = UNNAMED[newdelhi] = GAY[hko] = UNNAMED[td9636]
1989309S07100  ,               ,bsh061990 ,bsh061990[jtwc_sh] = PEDRO[bom] = PEDRO[neumann]
1989314N10152  ,               ,bwp331989 ,bwp331989[jtwc_wp] = HUNT[tokyo] = HUNT[cma] = HUNT[hko] = UNNAMED[td9636]
1989315N11084  ,               ,none      ,UNNAMED[newdelhi]
1989321N11085  ,               ,none      ,UNNAMED[newdelhi]
1989324N17174  ,               ,bwp341989 ,bwp341989[jtwc_wp] = IRMA[tokyo] = IRMA[cma] = IRMA[hko] = UNNAMED[td9636]
1989333N17276  ,               ,bal151989 ,KAREN[hurdat_atl] = bal151989[atcf]
1989335N05162  ,               ,bwp351989 ,bwp351989[jtwc_wp] = UNNAMED[cma] = TD1207[hko] = UNNAMED[td9636]
1989342N13137  ,               ,none      ,UNNAMED[cma]
1989346S10133  ,               ,bsh071990 ,bsh071990[jtwc_sh] = FELICITY[bom] = FELICITY[wellington] = FELICITY[neumann]
1989349S08065  ,               ,bsh081990 ,bsh081990[jtwc_sh] = ALIBERA[reunion] = ALIBERA[neumann]
1989354N05155  ,               ,bwp361989 ,bwp361989[jtwc_wp] = JACK[tokyo] = JACK[cma] = JACK[hko] = UNNAMED[td9636]
1989364S05095  ,               ,bsh091990 ,bsh091990[jtwc_sh] = BAOMAVO[reunion] = BAOMAVO[neumann]
1990005S13112  ,               ,none      ,ROSITA[bom] = ROSITA[neumann]
1990008N01172  ,               ,bwp011990 ,bwp011990[jtwc_wp] = KORYN[tokyo] = KORYN[cma] = KORYN[hko]
1990008S27086  ,               ,none      ,BAOMAVO[reunion]
1990012S12131  ,               ,bsh101990 ,bsh101990[jtwc_sh] = SAM[bom] = SAM[neumann]
1990024S14117  ,               ,bsh111990 ,bsh111990[jtwc_sh] = TINA[bom] = TINA[neumann]
1990027S18156  ,               ,bsh121990 ,bsh121990[jtwc_sh] = NANCY[bom] = NANCY[wellington] = NANCY[neumann]
1990028S10183  ,               ,bsh131990 ,bsh131990[jtwc_sh] = OFA[wellington] = OFA[neumann]
1990031S09070  ,               ,bsh151990 ,bsh151990[jtwc_sh] = DETY[reunion] = DETY[neumann]
1990032S11059  ,               ,bsh141990 ,bsh141990[jtwc_sh] = CEZERA[reunion] = CEZERA[neumann]
1990043S09206  ,               ,bsh161990 ,bsh161990[jtwc_sh] = PENI[wellington] = PENI[neumann]
1990056S11125  ,               ,bsh171990 ,bsh171990[jtwc_sh] = VINCENT[bom] = VINCENT[neumann]
1990058S16075  ,               ,bsh181990 ,bsh181990[jtwc_sh] = EDISOANA[reunion] = EDISOANA[neumann]
1990059S13135  ,               ,bsh191990 ,bsh191990[jtwc_sh] = GREG[bom] = GREG[neumann]
1990060S15170  ,               ,bsh211990 ,bsh211990[jtwc_sh] = HILDA[bom] = HILDA[wellington] = HILDA[neumann]
1990062S13091  ,               ,multiple  ,bsh201990[jtwc_sh] = WALTER[bom] = WALTER[neumann] = GREGOARA[neumann] = bsh231990[jtwc_sh] = GREGOARA[reunion]
1990065S07083  ,               ,bsh221990 ,bsh221990[jtwc_sh] = FELANA[reunion] = FELANA[neumann]
1990073S13170  ,               ,bsh251990 ,bsh251990[jtwc_sh] = IVOR[bom] = IVOR[wellington] = IVOR[neumann]
1990074S12115  ,               ,bsh241990 ,bsh241990[jtwc_sh] = ALEX[bom] = ALEX[neumann]
1990075S09176  ,               ,none      ,RAE[wellington]
1990076S12165  ,               ,bsh261990 ,bsh261990[jtwc_sh] = RAE[wellington] = RAE[neumann]
1990101S07048  ,               ,bsh271990 ,bsh271990[jtwc_sh] = HANTA[reunion] = HANTA[neumann]
1990102S11092  ,               ,bsh281990 ,bsh281990[jtwc_sh] = BESSI[bom] = BESSI[neumann]
1990108N09087  ,               ,bio011990 ,bio011990[jtwc_io]
1990117N04152  ,               ,bwp021990 ,bwp021990[jtwc_wp] = LEWIS[tokyo] = LEWIS[cma] = LEWIS[hko]
1990124N09088  ,               ,bio021990 ,bio021990[jtwc_io] = UNNAMED[newdelhi]
1990129N05138  ,               ,bwp031990 ,bwp031990[jtwc_wp] = MARIAN[tokyo] = MARIAN[cma] = MARIAN[hko]
1990130S03081  ,               ,bsh291990 ,bsh291990[jtwc_sh] = IKONJO[reunion] = IKONJO[neumann]
1990133N09259  ,               ,bep011990 ,ALMA[hurdat_epa] = bep011990[jtwc_ep] = bep011990[atcf]
1990140N09122  ,               ,none      ,UNNAMED[cma]
1990144N16114  ,               ,none      ,UNNAMED[cma]
1990145N19276  ,               ,bal011990 ,UNNAMED[hurdat_atl] = bal011990[atcf]
1990154N11260  ,               ,bep021990 ,BORIS[hurdat_epa] = bep021990[jtwc_ep] = bep021990[atcf]
1990160N12250  ,               ,bep031990 ,CRISTINA[hurdat_epa] = bep031990[jtwc_ep] = bep031990[atcf]
1990163N08133  ,               ,bwp051990 ,bwp051990[jtwc_wp] = NATHAN[tokyo] = NATHAN[cma] = NATHAN[hko]
1990164N14112  ,               ,bwp041990 ,bwp041990[jtwc_wp] = UNNAMED[cma] = TD0614[hko]
1990164N21089  ,               ,none      ,UNNAMED[newdelhi]
1990166N06141  ,               ,bwp061990 ,bwp061990[jtwc_wp] = OFELIA[tokyo] = OFELIA[cma] = OFELIA[hko]
1990170N13260  ,               ,bep041990 ,DOUGLAS[hurdat_epa] = bep041990[jtwc_ep] = bep041990[atcf]
1990171N11148  ,               ,bwp071990 ,bwp071990[jtwc_wp] = PERCY[tokyo] = PERCY[cma] = PERCY[hko]
1990177N14257  ,               ,bep051990 ,ELIDA[hurdat_epa] = bep051990[jtwc_ep] = bep051990[atcf]
1990180N09159  ,               ,bwp081990 ,bwp081990[jtwc_wp] = ROBYN[tokyo] = ROBYN[cma] = ROBYN[hko]
1990181N10259  ,               ,bep061990 ,UNNAMED[hurdat_epa] = bep061990[jtwc_ep] = bep061990[atcf]
1990187N13258  ,               ,bep071990 ,FAUSTO[hurdat_epa] = bep071990[jtwc_ep] = bep071990[atcf]
1990191N10266  ,               ,bep081990 ,GENEVIEVE[hurdat_epa] = bep081990[jtwc_ep] = bep081990[atcf]
1990201N12254  ,               ,bep091990 ,HERNAN[hurdat_epa] = bep091990[jtwc_ep] = bep091990[atcf]
1990202N10264  ,               ,bep101990 ,ISELLE[hurdat_epa] = bep101990[jtwc_ep] = bep101990[atcf]
1990202N13130  ,               ,bwp101990 ,bwp101990[jtwc_wp] = TASHA[tokyo] = UNNAMED[cma] = TASHA[cma] = TASHA[hko]
1990202N14110  ,               ,none      ,UNNAMED[cma]
1990203N09318  ,               ,bal021990 ,ARTHUR[hurdat_atl] = bal021990[atcf]
1990205N13231  ,               ,bep111990 ,UNNAMED[hurdat_epa] = bep111990[jtwc_ep] = bep111990[atcf]
1990205N16141  ,               ,bwp091990 ,bwp091990[jtwc_wp] = STEVE[tokyo] = STEVE[cma] = STEVE[hko]
1990206N29154  ,               ,none      ,UNNAMED[cma]
1990206N34285  ,               ,bal031990 ,BERTHA[hurdat_atl] = bal031990[atcf]
1990208N18132  ,               ,bwp111990 ,bwp111990[jtwc_wp] = VERNON[tokyo] = VERNON[cma] = VERNON[hko]
1990212N10338  ,               ,bal041990 ,CESAR[hurdat_atl] = bal041990[atcf]
1990215N38337  ,               ,bal061990 ,EDOUARD[hurdat_atl] = bal061990[atcf]
1990216N13281  ,               ,bal051990 ,DIANA[hurdat_atl] = bal051990[atcf]
1990216N29125  ,               ,bwp121990 ,bwp121990[jtwc_wp] = WINONA[tokyo] = WINONA[cma] = WINONA[hko]
1990219N10214  ,               ,bcp011990 ,AKA[hurdat_epa] = bcp011990[jtwc_cp] = AKA[tokyo] = AKA[cphc] = AKA[cma] = AKA[hko] = bcp011990[atcf]
1990221N07162  ,               ,bwp131990 ,bwp131990[jtwc_wp] = YANCY[tokyo] = YANCY[cma] = YANCY[hko]
1990222N11219  ,               ,bcp021990 ,bcp021990[jtwc_cp] = TWO-C[cphc]
1990224N09328  ,               ,bal071990 ,FRAN[hurdat_atl] = bal071990[atcf]
1990226N19088  ,               ,none      ,UNNAMED[newdelhi]
1990228N15141  ,               ,bwp141990 ,bwp141990[jtwc_wp] = ZOLA[tokyo] = ZOLA[cma] = ZOLA[hko]
1990229N11249  ,               ,bep121990 ,UNNAMED[hurdat_epa] = bep121990[jtwc_ep] = bep121990[atcf]
1990229N11261  ,               ,bep131990 ,JULIO[hurdat_epa] = bep131990[jtwc_ep] = bep131990[atcf]
1990232N13141  ,               ,bwp161990 ,bwp161990[jtwc_wp] = BECKY[tokyo] = BECKY[cma] = BECKY[hko]
1990232N22089  ,               ,none      ,UNNAMED[newdelhi]
1990234N14248  ,               ,bep141990 ,KENNA[hurdat_epa] = bep141990[jtwc_ep] = bep141990[atcf]
1990235N10152  ,               ,bwp151990 ,bwp151990[jtwc_wp] = ABE[tokyo] = ABE[cma] = ABE[hko]
1990236N13314  ,               ,bal081990 ,GUSTAV[hurdat_atl] = bal081990[atcf]
1990236N14264  ,               ,bep151990 ,LOWELL[hurdat_epa] = bep151990[jtwc_ep] = bep151990[atcf]
1990237N13325  ,               ,bal091990 ,HORTENSE[hurdat_atl] = bal091990[atcf]
1990245N16149  ,               ,bwp171990 ,bwp171990[jtwc_wp] = DOT[tokyo] = DOT[cma] = DOT(-)1[cma] = DOT[hko]
1990245N20123  ,               ,bwp181990 ,bwp181990[jtwc_wp] = CECIL[cma] = CECIL[hko]
1990246N23089  ,               ,none      ,UNNAMED[newdelhi]
1990247N07337  ,               ,bal101990 ,ISIDORE[hurdat_atl] = bal101990[atcf]
1990250N13157  ,               ,bwp191990 ,bwp191990[jtwc_wp] = ED[tokyo] = ED[cma] = ED[hko]
1990251N06171  ,               ,bwp201990 ,bwp201990[jtwc_wp] = FLO[tokyo] = FLO[cma] = FLO[hko]
1990251N12238  ,               ,bep161990 ,MARIE[hurdat_epa] = bep161990[jtwc_ep] = MARIE[cphc] = bep161990[atcf]
1990253N12248  ,               ,bep171990 ,NORBERT[hurdat_epa] = bep171990[jtwc_ep] = bep171990[atcf]
1990253N13258  ,               ,bep181990 ,UNNAMED[hurdat_epa] = bep181990[jtwc_ep] = bep181990[atcf]
1990254N24114  ,               ,none      ,DOT(-)2[cma]
1990261N12141  ,               ,bwp211990 ,bwp211990[jtwc_wp] = GENE[tokyo] = GENE[cma] = GENE[hko]
1990262N15315  ,               ,bal111990 ,UNNAMED[hurdat_atl] = bal111990[atcf]
1990262S07074  ,               ,bsh011991 ,bsh011991[jtwc_sh] = HSK0191[neumann]
1990264N14328  ,               ,bal121990 ,JOSEPHINE[hurdat_atl] = bal121990[atcf]
1990267N13252  ,               ,bep191990 ,ODILE[hurdat_epa] = bep191990[jtwc_ep] = bep191990[atcf]
1990270N13261  ,               ,bep211990 ,RACHEL[hurdat_epa] = bep211990[jtwc_ep] = bep211990[atcf]
1990271N13153  ,               ,bwp221990 ,bwp221990[jtwc_wp] = HATTIE[tokyo] = HATTIE[cma] = HATTIE[hko]
1990272N10223  ,               ,bep201990 ,POLO[hurdat_epa] = bep201990[jtwc_ep] = POLO[cphc] = bep201990[atcf]
1990272N11121  ,               ,bwp231990 ,bwp231990[jtwc_wp] = IRA[tokyo] = IRA[cma] = IRA[hko]
1990277N16301  ,               ,bal131990 ,KLAUS[hurdat_atl] = bal131990[atcf]
1990279N36316  ,               ,bal141990 ,LILI[hurdat_atl] = bal141990[atcf]
1990280N18091  ,               ,none      ,UNNAMED[newdelhi]
1990282N15250  ,               ,bep221990 ,SIMON[hurdat_epa] = bep221990[jtwc_ep] = bep221990[atcf]
1990283N15129  ,               ,bwp241990 ,bwp241990[jtwc_wp] = JEANA[cma] = JEANA[hko]
1990283N23281  ,               ,bal151990 ,MARCO[hurdat_atl] = bal151990[atcf]
1990287N13156  ,               ,bwp251990 ,bwp251990[jtwc_wp] = KYLE[tokyo] = KYLE[cma] = KYLE[hko]
1990288N15118  ,               ,bwp261990 ,bwp261990[jtwc_wp] = LOLA[tokyo] = LOLA[cma] = LOLA[hko]
1990288S08074  ,               ,bsh021991 ,bsh021991[jtwc_sh] = HSK0291[neumann]
1990289N10261  ,               ,bep231990 ,TRUDY[hurdat_epa] = bep231990[jtwc_ep] = bep231990[atcf]
1990289N22300  ,               ,bal161990 ,NANA[hurdat_atl] = bal161990[atcf]
1990295N11261  ,               ,bep241990 ,VANCE[hurdat_epa] = bep241990[jtwc_ep] = bep241990[atcf]
1990304N08092  ,               ,bio031990 ,bio031990[jtwc_io] = UNNAMED[newdelhi]
1990309N08167  ,               ,bwp291990 ,bwp291990[jtwc_wp] = PAGE[tokyo] = PAGE[cma] = PAGE[hko]
1990310N07152  ,               ,bwp271990 ,bwp271990[jtwc_wp] = MIKE[tokyo] = MIKE[cma] = MIKE[hko]
1990312N12121  ,               ,bwp281990 ,bwp281990[jtwc_wp] = NELL[tokyo] = NELL[cma] = NELL[hko]
1990318N14082  ,               ,none      ,UNNAMED[newdelhi]
1990319N07197  ,               ,bwp301990 ,bwp301990[jtwc_wp] = OWEN[tokyo] = OWEN[cma] = OWEN[hko]
1990320N15076  ,               ,none      ,UNNAMED[newdelhi]
1990327S07175  ,               ,bsh031991 ,bsh031991[jtwc_sh] = SINA[wellington] = SINA[neumann]
1990334S08078  ,               ,bsh041991 ,bsh041991[jtwc_sh] = A29091[reunion] = HSK0491[neumann]
1990343S10128  ,               ,bsh051991 ,bsh051991[jtwc_sh] = LAURENCE[bom] = LAURENCE[neumann]
1990347N05173  ,               ,bwp311990 ,bwp311990[jtwc_wp] = RUSS[tokyo] = RUSS[cma] = RUSS[hko]
1990348N04087  ,               ,bio041990 ,bio041990[jtwc_io] = UNNAMED[newdelhi]
1990350S11165  ,               ,bsh061991 ,bsh061991[jtwc_sh] = JOY[bom] = JOY[wellington] = JOY[neumann]
1991008S09078  ,               ,bsh071991 ,bsh071991[jtwc_sh] = ALISON[reunion] = ALISON[neumann]
1991013S04096  ,               ,bsh081991 ,bsh081991[jtwc_sh] = BELLA[reunion] = BELLA[neumann]
1991015N02087  ,               ,bio011991 ,bio011991[jtwc_io]
1991046S15122  ,               ,bsh091991 ,bsh091991[jtwc_sh] = CHRIS[bom] = CHRIS[neumann]
1991046S18150  ,               ,bsh111991 ,bsh111991[jtwc_sh] = DAPHNE[bom] = DAPHNE[neumann]
1991047S16041  ,               ,bsh101991 ,bsh101991[jtwc_sh] = CYNTHIA[reunion] = CYNTHIA[neumann]
1991053S21040  ,               ,bsh121991 ,bsh121991[jtwc_sh] = DEBRA[reunion] = DEBRA[neumann]
1991055S12142  ,               ,bsh131991 ,bsh131991[jtwc_sh] = KELVIN[bom] = KELVIN[wellington] = KELVIN[neumann]
1991057S10087  ,               ,bsh141991 ,bsh141991[jtwc_sh] = ELMA[bom] = ELMA[reunion] = ELMA[neumann]
1991062N04156  ,               ,bwp011991 ,bwp011991[jtwc_wp] = SHARON[tokyo] = SHARON[cma] = SHARON[hko]
1991062S09168  ,               ,bsh151991 ,bsh151991[jtwc_sh] = HSK1691[neumann]
1991074S11158  ,               ,bsh161991 ,bsh161991[jtwc_sh] = HSK1791[neumann]
1991077N03165  ,               ,bwp021991 ,bwp021991[jtwc_wp] = TIM[tokyo] = TIM[cma] = TIM[hko]
1991080S06092  ,               ,bsh171991 ,bsh171991[jtwc_sh] = FATIMA[reunion] = FATIMA[neumann]
1991083S11100  ,               ,bsh181991 ,bsh181991[jtwc_sh] = ERROL[bom] = ERROL[neumann]
1991089S18052  ,               ,none      ,G19091[reunion]
1991099S10132  ,               ,bsh191991 ,bsh191991[jtwc_sh] = MARIAN[bom] = MARIAN[neumann]
1991105S12103  ,               ,bsh201991 ,bsh201991[jtwc_sh] = FIFI[bom] = FIFI[neumann]
1991111N04145  ,               ,bwp031991 ,bwp031991[jtwc_wp] = VANESSA[tokyo] = VANESSA[cma] = VANESSA[hko]
1991113N10091  ,               ,bio021991 ,bio021991[jtwc_io] = UNNAMED[newdelhi]
1991124N05152  ,               ,bwp041991 ,bwp041991[jtwc_wp] = WALT[tokyo] = WALT[cma] = WALT[hko]
1991124S08154  ,               ,bsh211991 ,bsh211991[jtwc_sh] = LISA[bom] = LISA[wellington] = LISA[neumann]
1991136N11238  ,               ,bep011991 ,ANDRES[hurdat_epa] = bep011991[jtwc_ep] = bep011991[atcf]
1991150N14091  ,               ,bio031991 ,bio031991[jtwc_io] = UNNAMED[newdelhi]
1991156S07084  ,               ,bsh221991 ,bsh221991[jtwc_sh] = GRITELLE[reunion] = GRITELLE[neumann]
1991163N11128  ,               ,bwp051991 ,bwp051991[jtwc_wp] = YUNYA[tokyo] = YUNYA[cma] = YUNYA[hko]
1991165N11143  ,               ,none      ,UNNAMED[cma]
1991166N10257  ,               ,bep021991 ,BLANCA[hurdat_epa] = bep021991[jtwc_ep] = bep021991[atcf]
1991168N11265  ,               ,bep031991 ,CARLOS[hurdat_epa] = bep031991[jtwc_ep] = bep031991[atcf]
1991174N13259  ,               ,bep041991 ,DELORES[hurdat_epa] = bep041991[jtwc_ep] = bep041991[atcf]
1991180N13267  ,               ,bep051991 ,UNNAMED[hurdat_epa] = bep051991[jtwc_ep] = bep051991[atcf]
1991181N26282  ,               ,bal011991 ,ANA[hurdat_atl] = bal011991[atcf]
1991187N06139  ,               ,bwp061991 ,bwp061991[jtwc_wp] = ZEKE[tokyo] = ZEKE[cma] = ZEKE[hko]
1991187N23264  ,               ,bal021991 ,UNNAMED[hurdat_atl] = bal021991[atcf]
1991194N11147  ,               ,bwp071991 ,bwp071991[jtwc_wp] = AMY[tokyo] = AMY[cma] = AMY[hko]
1991196N06153  ,               ,bwp081991 ,bwp081991[jtwc_wp] = BRENDAN[tokyo] = BRENDAN[cma] = BRENDAN[hko]
1991197N09248  ,               ,bep061991 ,ENRIQUE[hurdat_epa] = bep061991[jtwc_ep] = ENRIQUE[cphc] = bep061991[atcf]
1991200N05157  ,               ,bwp091991 ,bwp091991[jtwc_wp] = CAITLIN[tokyo] = CAITLIN[cma] = CAITLIN[hko]
1991207N20105  ,               ,none      ,BRENDAN(-)1[cma]
1991208N20090  ,               ,none      ,UNNAMED[newdelhi]
1991210N11253  ,               ,bep071991 ,FEFA[hurdat_epa] = bep071991[jtwc_ep] = FEFA[cphc] = bep071991[atcf]
1991216N12262  ,               ,bep081991 ,GUILLERMO[hurdat_epa] = bep081991[jtwc_ep] = bep081991[atcf]
1991219N25165  ,               ,bwp101991 ,bwp101991[jtwc_wp] = DOUG[cma] = DOUG[hko]
1991220N10133  ,               ,bwp121991 ,bwp121991[jtwc_wp] = FRED[tokyo] = FRED[cma] = FRED[hko]
1991220N13258  ,               ,bep091991 ,HILDA[hurdat_epa] = bep091991[jtwc_ep] = bep091991[atcf]
1991220N20160  ,               ,bwp111991 ,bwp111991[jtwc_wp] = ELLIE[tokyo] = ELLIE[cma] = ELLIE[hko]
1991223N19162  ,               ,bwp131991 ,bwp131991[jtwc_wp]
1991226N18159  ,               ,bwp141991 ,bwp141991[jtwc_wp] = GLADYS[tokyo] = GLADYS[cma] = GLADYS[hko]
1991228N26286  ,               ,bal031991 ,BOB[hurdat_atl] = bal031991[atcf]
1991233N22147  ,               ,bwp151991 ,bwp151991[jtwc_wp] = UNNAMED[tokyo] = UNNAMED[cma] = TD0827[hko]
1991234N20089  ,               ,none      ,UNNAMED[newdelhi]
1991237N15337  ,               ,bal041991 ,UNNAMED[hurdat_atl] = bal041991[atcf]
1991239N20133  ,               ,bwp161991 ,bwp161991[jtwc_wp] = HARRY[tokyo] = HARRY[cma] = HARRY[hko]
1991241N11329  ,               ,bal051991 ,UNNAMED[hurdat_atl] = bal051991[atcf]
1991243N05172  ,               ,bwp171991 ,bwp171991[jtwc_wp] = IVY[tokyo] = IVY[cma] = IVY[hko]
1991244N19126  ,               ,bwp181991 ,bwp181991[jtwc_wp] = JOEL[tokyo] = JOEL[cma] = JOEL[hko]
1991248N27304  ,               ,bal061991 ,CLAUDETTE[hurdat_atl] = bal061991[atcf]
1991250N10334  ,               ,bal071991 ,DANNY[hurdat_atl] = bal071991[atcf]
1991251N12138  ,               ,bwp191991 ,bwp191991[jtwc_wp] = KINNA[tokyo] = KINNA[cma] = KINNA[hko]
1991252N24311  ,               ,bal081991 ,ERIKA[hurdat_atl] = bal081991[atcf]
1991253S09080  ,               ,bsh011992 ,bsh011992[jtwc_sh] = HSK0192[neumann]
1991256N13171  ,               ,bwp211991 ,bwp211991[jtwc_wp] = MIREILLE[tokyo] = MIREILLE[cma] = MIREILLE[hko]
1991256N14148  ,               ,bwp201991 ,bwp201991[jtwc_wp] = LUKE[tokyo] = LUKE[cma] = LUKE[hko]
1991256N17253  ,               ,bep101991 ,UNNAMED[hurdat_epa] = bep101991[jtwc_ep] = bep101991[atcf]
1991257N16130  ,               ,bwp221991 ,bwp221991[jtwc_wp] = NAT[tokyo] = NAT[cma] = NAT[hko]
1991259N14258  ,               ,bep111991 ,IGNACIO[hurdat_epa] = bep111991[jtwc_ep] = bep111991[atcf]
1991264N10260  ,               ,bep121991 ,JIMENA[hurdat_epa] = bep121991[jtwc_ep] = bep121991[atcf]
1991264N15084  ,               ,none      ,UNNAMED[newdelhi]
1991268N12264  ,               ,bep131991 ,KEVIN[hurdat_epa] = bep131991[jtwc_ep] = KEVIN[cphc] = bep131991[atcf]
1991274N08164  ,               ,bwp241991 ,bwp241991[jtwc_wp] = PAT[tokyo] = PAT[cma] = PAT[hko]
1991274N14149  ,               ,bwp231991 ,bwp231991[jtwc_wp] = ORCHID[tokyo] = ORCHID[cma] = ORCHID[hko]
1991277N13251  ,               ,bep141991 ,LINDA[hurdat_epa] = bep141991[jtwc_ep] = bep141991[atcf]
1991281N12265  ,               ,bep151991 ,MARTY[hurdat_epa] = bep151991[jtwc_ep] = bep151991[atcf]
1991285N15090  ,               ,none      ,UNNAMED[newdelhi]
1991285S08064  ,               ,bsh021992 ,bsh021992[jtwc_sh] = A29192[reunion] = HSK0292[neumann]
1991288N19274  ,               ,bal091991 ,FABIAN[hurdat_atl] = bal091991[atcf]
1991289N06156  ,               ,bwp251991 ,bwp251991[jtwc_wp] = RUTH[tokyo] = RUTH[cma] = RUTH[hko]
1991290S10077  ,               ,none      ,A39192[reunion]
1991298N13318  ,               ,bal101991 ,UNNAMED[hurdat_atl] = bal101991[atcf]
1991299N27295  ,               ,bal111991 ,GRACE[hurdat_atl] = bal111991[atcf]
1991300N06149  ,               ,bwp271991 ,bwp271991[jtwc_wp]
1991301N08173  ,               ,bwp261991 ,bwp261991[jtwc_wp] = SETH[tokyo] = SETH[cma] = SETH[hko]
1991301N10083  ,               ,none      ,UNNAMED[newdelhi]
1991302N44301  ,               ,bal121991 ,UNNAMED[hurdat_atl] = bal121991[atcf]
1991304N08140  ,               ,bwp271991 ,bwp271991[jtwc_wp] = THELMA[tokyo] = THELMA[cma] = THELMA[hko]
1991307N06177  ,               ,bwp281991 ,bwp281991[jtwc_wp] = VERNE[tokyo] = VERNE[cma] = VERNE[hko]
1991311N10256  ,               ,bep161991 ,NORA[hurdat_epa] = bep161991[jtwc_ep] = bep161991[atcf]
1991313N10095  ,               ,bio041991 ,bio041991[jtwc_io] = UNNAMED[newdelhi]
1991317N09141  ,               ,bwp291991 ,bwp291991[jtwc_wp] = WILDA[tokyo] = WILDA[cma] = WILDA[hko]
1991317S07164  ,               ,bsh031992 ,bsh031992[jtwc_sh] = TIA[wellington] = TIA[neumann]
1991320N06171  ,               ,bwp301991 ,bwp301991[jtwc_wp] = YURI[tokyo] = YURI[cma] = YURI[hko]
1991324S08074  ,               ,bsh041992 ,bsh041992[jtwc_sh] = A49192[reunion] = HSK0491[neumann]
1991329N04181  ,               ,bwp311991 ,bwp311991[jtwc_wp] = ZELDA[tokyo] = ZELDA[cma] = ZELDA[hko]
1991335S04095  ,               ,bsh051992 ,bsh051992[jtwc_sh] = GRAHAM[bom] = GRAHAM[neumann]
1991338S08181  ,               ,bsh061992 ,bsh061992[jtwc_sh] = VAL[wellington] = VAL[neumann]
1991339S10203  ,               ,bsh071992 ,bsh071992[jtwc_sh] = WASA[wellington] = WASA[neumann]
1991348S23218  ,               ,bsh081992 ,bsh081992[jtwc_sh] = ARTHUR[wellington] = ARTHUR[neumann]
1991352S08066  ,               ,bsh091992 ,bsh091992[jtwc_sh] = ALEXANDRA[reunion] = ALEXANDRA[neumann]
1991360S13058  ,               ,bsh101992 ,bsh101992[jtwc_sh] = BRYNA[reunion] = BRYNA[neumann]
1992003N03176  ,               ,bwp011992 ,bwp011992[jtwc_wp] = AXEL[tokyo] = AXEL[cma] = AXEL[hko]
1992005S07172  ,               ,bsh111992 ,bsh111992[jtwc_sh] = BETSY[bom] = BETSY[wellington] = BETSY[neumann]
1992006S13134  ,               ,bsh121992 ,bsh121992[jtwc_sh] = MARK[bom] = MARK[neumann]
1992017S12198  ,               ,bsh131992 ,bsh131992[jtwc_sh] = HSK1392[neumann]
1992027N05206  ,               ,bcp011992 ,EKEKA[hurdat_epa] = bcp011992[jtwc_cp] = EKEKA[tokyo] = EKEKA[cphc] = EKEKA[cma] = EKEKA[hko] = bcp011992[atcf]
1992036S11212  ,               ,bsh141992 ,bsh141992[jtwc_sh] = CLIFF[wellington] = CLIFF[neumann]
1992039S14063  ,               ,bsh151992 ,bsh151992[jtwc_sh] = CELESTA[reunion] = CELESTA[neumann]
1992044S09181  ,               ,bsh171992 ,bsh171992[jtwc_sh] = DAMAN[bom] = DAMAN[wellington] = DAMAN[neumann]
1992044S14128  ,               ,bsh161992 ,bsh161992[jtwc_sh] = HSK1692[neumann]
1992048S18067  ,               ,bsh191992 ,bsh191992[jtwc_sh] = DAVILIA[reunion] = DAVILIA[neumann]
1992050S19155  ,               ,bsh181992 ,bsh181992[jtwc_sh] = HSK1892[neumann]
1992054S14044  ,               ,none      ,ELIZABETHA[reunion] = ELIZABETA[neumann] = ELIZABETA[neumann]
1992055S11086  ,               ,bsh221992 ,bsh221992[jtwc_sh] = FARIDA[reunion] = FARIDA[neumann]
1992055S12119  ,               ,bsh231992 ,bsh231992[jtwc_sh] = IAN[bom] = IAN[neumann]
1992055S13169  ,               ,bsh211992 ,bsh211992[jtwc_sh] = ESAU[bom] = ESAU[wellington] = ESAU[neumann]
1992055S17053  ,               ,none      ,GERDA[reunion]
1992056S11102  ,               ,bsh201992 ,bsh201992[jtwc_sh] = HARRIET[bom] = HEATHER[reunion] = HARRIET/HEAT[neumann]
1992057S17052  ,               ,none      ,H19192[reunion]
1992058S15060  ,               ,bsh241992 ,bsh241992[jtwc_sh] = GERDA[reunion] = H19192[reunion] = GERDA[neumann]
1992060S18061  ,               ,none      ,GERDA[reunion]
1992061S19061  ,               ,none      ,H19192[reunion]
1992064S10184  ,               ,bsh251992 ,bsh251992[jtwc_sh] = FRAN[bom] = FRAN[wellington] = FRAN[neumann]
1992074S12185  ,               ,bsh261992 ,bsh261992[jtwc_sh] = GENE[wellington] = GENE[neumann]
1992084S10212  ,               ,bsh271992 ,bsh271992[jtwc_sh] = HETTIE[wellington] = HETTIE[neumann]
1992088N05188  ,               ,bcp021992 ,HALI[hurdat_epa] = bcp021992[jtwc_cp] = HALI[cphc] = bcp021992[atcf]
1992088S23215  ,               ,none      ,HETTIE[wellington]
1992096S05101  ,               ,bsh291992 ,bsh291992[jtwc_sh] = JANE[bom] = IRNA[reunion] = JANE/IRNA[neumann]
1992096S08132  ,               ,bsh281992 ,bsh281992[jtwc_sh] = NEVILLE[bom] = NEVILLE[neumann]
1992113N24301  ,               ,bal011992 ,UNNAMED[hurdat_atl] = bal011992[atcf]
1992118S11179  ,               ,bsh301992 ,bsh301992[jtwc_sh] = INNIS[wellington] = INNIS[neumann]
1992136N10090  ,               ,bio011992 ,bio011992[jtwc_io] = UNNAMED[newdelhi]
1992154N11258  ,               ,bep011992 ,AGATHA[hurdat_epa] = bep011992[jtwc_ep] = bep011992[atcf]
1992155N10070  ,               ,bio021992 ,bio021992[jtwc_io] = UNNAMED[newdelhi]
1992167N12088  ,               ,bio031992 ,bio031992[jtwc_io]
1992169N14246  ,               ,bep021992 ,UNNAMED[hurdat_epa] = bep021992[jtwc_ep] = bep021992[atcf]
1992172N07144  ,               ,bwp021992 ,bwp021992[jtwc_wp] = BOBBIE[tokyo] = BOBBIE[cma] = BOBBIE[hko]
1992174N13126  ,               ,bwp031992 ,bwp031992[jtwc_wp] = CHUCK[tokyo] = CHUCK[cma] = CHUCK[hko]
1992175N12269  ,               ,bep041992 ,CELIA[hurdat_epa] = bep041992[jtwc_ep] = bep041992[atcf]
1992175N16249  ,               ,bep031992 ,BLAS[hurdat_epa] = bep031992[jtwc_ep] = bep031992[atcf]
1992176N06145  ,               ,bwp041992 ,bwp041992[jtwc_wp] = DEANNA[cma] = DEANNA[hko]
1992178N25275  ,               ,bal021992 ,UNNAMED[hurdat_atl] = bal021992[atcf]
1992185N13265  ,               ,bep051992 ,DARBY[hurdat_epa] = bep051992[jtwc_ep] = bep051992[atcf]
1992188N07156  ,               ,bwp051992 ,bwp051992[jtwc_wp] = ELI[tokyo] = ELI[cma] = ELI[hko]
1992191N12252  ,               ,bep061992 ,ESTELLE[hurdat_epa] = bep061992[jtwc_ep] = bep061992[atcf]
1992194N07140  ,               ,bwp061992 ,bwp061992[jtwc_wp] = FAYE[tokyo] = FAYE[cma] = FAYE[hko]
1992195N14254  ,               ,bep071992 ,FRANK[hurdat_epa] = bep071992[jtwc_ep] = FRANK[cphc] = bep071992[atcf]
1992197N11266  ,               ,bep081992 ,GEORGETTE[hurdat_epa] = bep081992[jtwc_ep] = GEORGETTE[cphc] = bep081992[atcf]
1992198N13135  ,               ,bwp071992 ,bwp071992[jtwc_wp] = GARY[tokyo] = GARY[cma] = GARY[hko]
1992206N25161  ,               ,bwp081992 ,bwp081992[jtwc_wp] = HELEN[tokyo] = HELEN[cma] = HELEN[hko]
1992207N18090  ,               ,bio041992 ,bio041992[jtwc_io]
1992207N29298  ,               ,bal031992 ,UNNAMED[hurdat_atl] = bal031992[atcf]
1992208N13246  ,               ,bep091992 ,HOWARD[hurdat_epa] = bep091992[jtwc_ep] = bep091992[atcf]
1992210N14254  ,               ,bep101992 ,ISIS[hurdat_epa] = bep101992[jtwc_ep] = bep101992[atcf]
1992211N39164  ,               ,bwp081992 ,bwp081992[jtwc_wp]
1992212N05154  ,               ,bwp101992 ,bwp101992[jtwc_wp] = JANIS[tokyo] = JANIS[cma] = JANIS[hko]
1992212N20135  ,               ,bwp091992 ,bwp091992[jtwc_wp] = IRVING[tokyo] = IRVING[cma] = IRVING[hko]
1992213N12256  ,               ,bep111992 ,JAVIER[hurdat_epa] = bep111992[jtwc_ep] = JAVIER[cphc] = bep111992[atcf]
1992216N06182  ,               ,bwp111992 ,bwp111992[jtwc_wp] = KENT[tokyo] = KENT[cma] = KENT[hko]
1992223N15236  ,               ,bep121992 ,UNNAMED[hurdat_epa] = bep121992[jtwc_ep] = bep121992[atcf]
1992227N13130  ,               ,bwp121992 ,bwp121992[jtwc_wp] = LOIS[tokyo] = LOIS[cma] = LOIS[hko]
1992227N17112  ,               ,bwp131992 ,bwp131992[jtwc_wp] = MARK[tokyo] = MARK[cma] = MARK[hko]
1992229N24162  ,               ,bwp141992 ,bwp141992[jtwc_wp] = NINA[tokyo] = NINA[cma] = NINA[hko]
1992230N11325  ,               ,bal041992 ,ANDREW[hurdat_atl] = bal041992[atcf]
1992231N19249  ,               ,bep131992 ,KAY[hurdat_epa] = bep131992[jtwc_ep] = bep131992[atcf]
1992233N07173  ,               ,bwp151992 ,bwp151992[jtwc_wp]
1992233N16254  ,               ,bep141992 ,LESTER[hurdat_epa] = bep141992[jtwc_ep] = bep141992[atcf]
1992236N07159  ,               ,bwp151992 ,bwp151992[jtwc_wp] = OMAR[tokyo] = OMAR[cma] = OMAR[hko]
1992237N14144  ,               ,bwp161992 ,bwp161992[jtwc_wp] = POLLY[tokyo] = POLLY[cma] = POLLY(-)1[cma] = POLLY(2)[hko] = POLLY(3)[hko]
1992239N19135  ,               ,none      ,POLLY(1)[hko]
1992241N11253  ,               ,bep161992 ,NEWTON[hurdat_epa] = bep161992[jtwc_ep] = bep161992[atcf]
1992241N13237  ,               ,bep151992 ,MADELINE[hurdat_epa] = bep151992[jtwc_ep] = bep151992[atcf]
1992242N13166  ,               ,bwp171992 ,bwp171992[jtwc_wp] = RYAN[tokyo] = RYAN[cma] = RYAN[hko]
1992246N36121  ,               ,none      ,POLLY(-)1[cma]
1992247N10258  ,               ,bep171992 ,ORLENE[hurdat_epa] = bep171992[jtwc_ep] = ORLENE[cphc] = bep171992[atcf]
1992248N19166  ,               ,bwp181992 ,bwp181992[jtwc_wp] = SIBYL[tokyo] = SIBYL[cma] = SIBYL[hko]
1992249N12229  ,               ,bep181992 ,INIKI[hurdat_epa] = bep181992[jtwc_ep] = INIKI[cphc] = bep181992[atcf]
1992255N19247  ,               ,bep191992 ,PAINE[hurdat_epa] = bep191992[jtwc_ep] = bep191992[atcf]
1992258N17249  ,               ,bep201992 ,ROSLYN[hurdat_epa] = bep201992[jtwc_ep] = ROSLYN[cphc] = bep201992[atcf]
1992259N11159  ,               ,bwp191992 ,bwp191992[jtwc_wp] = TED[tokyo] = TED[cma] = TED[hko]
1992261N15116  ,               ,none      ,UNNAMED[cma]
1992262N10262  ,               ,bep221992 ,TINA[hurdat_epa] = bep221992[jtwc_ep] = TINA[cphc] = bep221992[atcf]
1992262N17252  ,               ,bep211992 ,SEYMOUR[hurdat_epa] = bep211992[jtwc_ep] = bep211992[atcf]
1992262N34301  ,               ,bal051992 ,BONNIE[hurdat_atl] = bal051992[atcf]
1992263N05175  ,               ,bwp201992 ,bwp201992[jtwc_wp] = VAL[tokyo] = VAL[cma] = VAL[hko]
1992265N18099  ,               ,bio051992 ,bio051992[jtwc_io]
1992266N30327  ,               ,bal061992 ,CHARLEY[hurdat_atl] = bal061992[atcf]
1992267N33285  ,               ,bal071992 ,DANIELLE[hurdat_atl] = bal071992[atcf]
1992268N11193  ,               ,bwp211992 ,bwp211992[jtwc_wp] = WARD[tokyo] = WARD[cma] = WARD[hko]
1992269S05087  ,               ,bsh011993 ,bsh011993[jtwc_sh] = AVIONA[reunion] = AVIONA[neumann]
1992270N11325  ,               ,bal081992 ,UNNAMED[hurdat_atl] = bal081992[atcf]
1992271N26291  ,               ,bal091992 ,EARL[hurdat_atl] = bal091992[atcf]
1992273N12077  ,               ,bio061992 ,bio061992[jtwc_io] = UNNAMED[newdelhi]
1992275N14260  ,               ,bep231992 ,VIRGIL[hurdat_epa] = bep231992[jtwc_ep] = bep231992[atcf]
1992277N16140  ,               ,bwp231992 ,bwp231992[jtwc_wp] = YVETTE[tokyo] = YVETTE[cma] = YVETTE[hko]
1992279N08175  ,               ,bwp221992 ,bwp221992[jtwc_wp] = ZACK[tokyo] = ZACK[cma] = ZACK[hko]
1992279N10097  ,               ,bio071992 ,bio071992[jtwc_io]
1992281N11263  ,               ,bep241992 ,WINIFRED[hurdat_epa] = bep241992[jtwc_ep] = bep241992[atcf]
1992286N12115  ,               ,bwp241992 ,bwp241992[jtwc_wp] = ANGELA[tokyo] = ANGELA[cma] = ANGELA[hko]
1992288N10089  ,               ,bio081992 ,bio081992[jtwc_io] = UNNAMED[newdelhi]
1992288N10253  ,               ,bep251992 ,XAVIER[hurdat_epa] = bep251992[jtwc_ep] = bep251992[atcf]
1992289N08135  ,               ,bwp261992 ,bwp261992[jtwc_wp] = COLLEEN[tokyo] = COLLEEN[cma] = COLLEEN[hko]
1992289N09171  ,               ,bwp251992 ,bwp251992[jtwc_wp] = BRIAN[tokyo] = BRIAN[cma] = BRIAN[hko]
1992290N11253  ,               ,bep261992 ,YOLANDA[hurdat_epa] = bep261992[jtwc_ep] = YOLANDA[cphc] = bep261992[atcf]
1992292S09083  ,               ,bsh021993 ,bsh021993[jtwc_sh] = BABIE[reunion] = BABIE[neumann]
1992297N26299  ,               ,bal101992 ,FRANCES[hurdat_atl] = bal101992[atcf]
1992298N10188  ,               ,bwp271992 ,bwp271992[jtwc_wp] = DAN[tokyo] = DAN[cma] = DAN[hko]
1992300N13249  ,               ,bep271992 ,ZEKE[hurdat_epa] = bep271992[jtwc_ep] = bep271992[atcf]
1992302N06150  ,               ,bwp281992 ,bwp281992[jtwc_wp] = ELSIE[tokyo] = ELSIE[cma] = ELSIE[hko]
1992304N18178  ,               ,bwp291992 ,bwp291992[jtwc_wp]
1992306N12093  ,               ,bio091992 ,bio091992[jtwc_io] = UNNAMED[newdelhi]
1992311N06107  ,               ,bio101992 ,bio101992[jtwc_io] = UNNAMED[newdelhi]
1992314N08141  ,               ,bwp301992 ,bwp301992[jtwc_wp] = FORREST[tokyo] = FARREST[cma] = UNNAMED[newdelhi] = FORREST[hko]
1992318N06182  ,               ,bwp311992 ,bwp311992[jtwc_wp] = GAY[tokyo] = GAY[cma] = GAY[hko]
1992318N11160  ,               ,bwp321992 ,bwp321992[jtwc_wp] = HUNT[tokyo] = HUNT[cma] = HUNT[hko]
1992327N11206  ,               ,bcp031992 ,UNNAMED[hurdat_epa] = bcp031992[jtwc_cp] = 3-C[cphc] = bcp031992[atcf]
1992331S11082  ,               ,bsh041993 ,bsh041993[jtwc_sh] = C19293[reunion] = HSK0493[neumann]
1992335N03077  ,               ,bio111992 ,bio111992[jtwc_io]
1992338S04173  ,               ,bsh031993 ,bsh031993[jtwc_sh] = JONI[nadi] = JONI[wellington] = JONI[neumann]
1992352S11100  ,               ,bsh051993 ,bsh051993[jtwc_sh] = KEN[bom] = KEN[neumann]
1992354N03075  ,               ,bio121992 ,bio121992[jtwc_io]
1992357S13143  ,               ,bsh061993 ,bsh061993[jtwc_sh] = NINA[bom] = NINA[nadi] = NINA[wellington] = NINA[neumann]
1992358S07161  ,               ,bsh071993 ,KINA[wellington] = KINA[neumann] = bsh071993[jtwc_sh]
1992361S23039  ,               ,none      ,C39293[reunion]
1993002S17196  ,               ,bsh081993 ,bsh081993[jtwc_sh] = HSK0893[neumann]
1993011S12214  ,               ,bsh091993 ,bsh091993[jtwc_sh] = HSK0993[neumann]
1993012S09074  ,               ,bsh101993 ,bsh101993[jtwc_sh] = COLINA[reunion] = COLINA[neumann]
1993016S06091  ,               ,bsh121993 ,bsh121993[jtwc_sh] = EDWINA[reunion] = EDWINA[neumann]
1993016S16042  ,               ,bsh111993 ,bsh111993[jtwc_sh] = DESSILIA[reunion] = DESSILIA[neumann]
1993023S14120  ,               ,bsh131993 ,bsh131993[jtwc_sh] = LENA[bom] = LENA[neumann]
1993025S12136  ,               ,bsh141993 ,bsh141993[jtwc_sh] = HSK1493[neumann]
1993029S11178  ,               ,bsh151993 ,bsh151993[jtwc_sh] = LIN[wellington] = LIN[neumann]
1993034S12151  ,               ,bsh161993 ,bsh161993[jtwc_sh] = OLIVER[bom] = OLIVER[nadi] = OLIVER[wellington] = OLIVER[neumann]
1993034S14191  ,               ,bsh171993 ,bsh171993[jtwc_sh] = MICK[wellington] = MICK[neumann]
1993041S16052  ,               ,bsh191993 ,bsh191993[jtwc_sh] = FINELLA[reunion] = FINELLA[neumann]
1993043S11193  ,               ,bsh181993 ,bsh181993[jtwc_sh] = NISHA[wellington] = NISHA[neumann]
1993045S13170  ,               ,bsh201993 ,bsh201993[jtwc_sh] = OLI[wellington] = OLI[neumann]
1993051S14046  ,               ,none      ,GRACIA[reunion] = GRACIA[neumann]
1993053S12161  ,               ,bsh211993 ,bsh211993[jtwc_sh] = POLLY[bom] = POLLY[nadi] = POLLY[wellington] = POLLY[neumann]
1993056S21051  ,               ,none      ,H19293[reunion]
1993059N05136  ,               ,bwp011993 ,bwp011993[jtwc_wp]
1993059S20052  ,               ,none      ,HUTELLE[reunion] = HUTELLE[neumann]
1993061S14042  ,               ,none      ,IONIA[reunion] = IONIA[neumann]
1993064N03174  ,               ,bwp021993 ,bwp021993[jtwc_wp] = IRMA[tokyo] = IRMA[cma] = IRMA[hko]
1993069S08164  ,               ,bsh221993 ,bsh221993[jtwc_sh] = ROGER[bom] = ROGER[nadi] = ROGER[wellington] = ROGER[neumann]
1993083S12181  ,               ,bsh231993 ,bsh231993[jtwc_sh] = PREMA[wellington] = PREMA[neumann]
1993091S13092  ,               ,bsh241993 ,bsh241993[jtwc_sh] = JOURDANNE[reunion] = JOURDANNE[neumann]
1993096N08148  ,               ,bwp031993 ,bwp031993[jtwc_wp]
1993096S11101  ,               ,bsh251993 ,bsh251993[jtwc_sh] = MONTY[bom] = MONTY[neumann]
1993105N06165  ,               ,bwp041993 ,bwp041993[jtwc_wp] = UNNAMED[cma]
1993120S10075  ,               ,bsh261993 ,bsh261993[jtwc_sh] = KONITA[reunion] = KONITA[neumann]
1993131S04158  ,               ,bsh271993 ,bsh271993[jtwc_sh] = ADEL[bom] = ADEL[wellington] = ADEL[neumann]
1993134N04160  ,               ,bwp051993 ,bwp051993[jtwc_wp] = JACK[hko]
1993152N22276  ,               ,bal011993 ,UNNAMED[hurdat_atl] = bal011993[atcf]
1993162N10245  ,               ,bep011993 ,ADRIAN[hurdat_epa] = bep011993[jtwc_ep] = bep011993[atcf]
1993164N04160  ,               ,bwp061993 ,bwp061993[jtwc_wp] = KORYN[tokyo] = KORYN[cma] = KORYN[hko]
1993166N06131  ,               ,bwp071993 ,bwp071993[jtwc_wp] = UNNAMED[cma]
1993169N13265  ,               ,bep021993 ,BEATRIZ[hurdat_epa] = bep021993[jtwc_ep] = bep021993[atcf]
1993169N21268  ,               ,bal021993 ,ARLENE[hurdat_atl] = bal021993[atcf]
1993178N14265  ,               ,bep031993 ,UNNAMED[hurdat_epa] = bep031993[jtwc_ep] = bep031993[atcf]
1993185N09137  ,               ,bwp081993 ,bwp081993[jtwc_wp] = LEWIS[tokyo] = LEWIS[cma] = LEWIS[hko]
1993186N13262  ,               ,bep041993 ,CALVIN[hurdat_epa] = bep041993[jtwc_ep] = bep041993[atcf]
1993193N08144  ,               ,bwp091993 ,bwp091993[jtwc_wp] = MARIAN[cma] = MARIAN[hko]
1993196N11241  ,               ,bep051993 ,DORA[hurdat_epa] = bep051993[jtwc_ep] = DORA[cphc] = bep051993[atcf]
1993197N11247  ,               ,bep061993 ,EUGENE[hurdat_epa] = bep061993[jtwc_ep] = EUGENE[cphc] = bep061993[atcf]
1993199N10156  ,               ,bwp101993 ,bwp101993[jtwc_wp] = NATHAN[tokyo] = NATHAN[cma] = NATHAN[hko]
1993205N15137  ,               ,bwp111993 ,bwp111993[jtwc_wp] = OFELIA[tokyo] = OFELIA[cma] = OFELIA[hko]
1993207N19130  ,               ,bwp121993 ,bwp121993[jtwc_wp] = PERCY[tokyo] = PERCY[cma] = PERCY[hko]
1993211N07161  ,               ,bwp131993 ,bwp131993[jtwc_wp] = ROBYN[tokyo] = ROBYN[cma] = ROBYN[hko]
1993215N08154  ,               ,bwp141993 ,bwp141993[jtwc_wp] = STEVE[tokyo] = STEVE[cma] = STEVE[hko]
1993217N10320  ,               ,bal031993 ,BRET[hurdat_atl] = bal031993[atcf]
1993221N12216  ,               ,bcp011993 ,KEONI[hurdat_epa] = bcp011993[jtwc_cp] = KEONI[tokyo] = KEONI[cphc] = KEONI[cma] = KEONI[hko] = bcp011993[atcf]
1993221N13256  ,               ,bep071993 ,FERNANDA[hurdat_epa] = bep071993[jtwc_ep] = FERNANDA[cphc] = bep071993[atcf]
1993223N07185  ,               ,bwp151993 ,bwp151993[jtwc_wp]
1993224N07153  ,               ,bwp161993 ,bwp161993[jtwc_wp] = TASHA[tokyo] = TASHA[cma] = TASHA[hko]
1993227N14301  ,               ,bal041993 ,CINDY[hurdat_atl] = bal041993[atcf]
1993227N15258  ,               ,bep081993 ,GREG[hurdat_epa] = bep081993[jtwc_ep] = GREG[cphc] = bep081993[atcf]
1993229N10159  ,               ,bwp171993 ,bwp171993[jtwc_wp] = VERNON[tokyo] = VERNON[cma] = VERNON[hko]
1993229N13265  ,               ,bep091993 ,HILARY[hurdat_epa] = bep091993[jtwc_ep] = bep091993[atcf]
1993231N09134  ,               ,bwp181993 ,bwp181993[jtwc_wp] = WINONA[tokyo] = WINONA[cma] = WINONA[hko]
1993233N13260  ,               ,bep101993 ,IRWIN[hurdat_epa] = bep101993[jtwc_ep] = bep101993[atcf]
1993235N20307  ,               ,bal051993 ,EMILY[hurdat_atl] = bal051993[atcf]
1993236N14329  ,               ,bal061993 ,DENNIS[hurdat_atl] = bal061993[atcf]
1993240N17142  ,               ,bwp191993 ,bwp191993[jtwc_wp] = YANCY[tokyo] = YANCY[cma] = YANCY[hko]
1993241N14264  ,               ,bep111993 ,JOVA[hurdat_epa] = bep111993[jtwc_ep] = bep111993[atcf]
1993246N16129  ,               ,bwp201993 ,bwp201993[jtwc_wp] = ZOLA[tokyo] = ZOLA[cma] = ZOLA[hko]
1993249N12253  ,               ,bep121993 ,KENNETH[hurdat_epa] = bep121993[jtwc_ep] = bep121993[atcf]
1993250N17119  ,               ,bwp211993 ,bwp211993[jtwc_wp] = ABE[tokyo] = ABE[cma] = ABE[hko]
1993251N25293  ,               ,bal071993 ,FLOYD[hurdat_atl] = bal071993[atcf]
1993252N11265  ,               ,bep131993 ,LIDIA[hurdat_epa] = bep131993[jtwc_ep] = bep131993[atcf]
1993253N06150  ,               ,bwp221993 ,bwp221993[jtwc_wp] = BECKY[tokyo] = BECKY[cma] = BECKY[hko]
1993258N11279  ,               ,multiple  ,GERT[hurdat_atl] = UNNAMED[hurdat_epa] = bep141993[jtwc_ep] = bal081993[atcf] = bep141993[atcf]
1993261N11131  ,               ,bwp241993 ,bwp241993[jtwc_wp] = DOT[tokyo] = DOT[cma] = DOT[hko]
1993262N27298  ,               ,bal091993 ,HARVEY[hurdat_atl] = bal091993[atcf]
1993263N11168  ,               ,bwp231993 ,bwp231993[jtwc_wp] = CECIL[tokyo] = CECIL[cma] = CECIL[hko]
1993270N07153  ,               ,bwp251993 ,bwp251993[jtwc_wp] = ED[tokyo] = ED[cma] = ED[hko]
1993271N14134  ,               ,bwp261993 ,bwp261993[jtwc_wp] = FLO[tokyo] = FLO[cma] = FLO[hko]
1993273N11245  ,               ,bep151993 ,MAX[hurdat_epa] = bep151993[jtwc_ep] = bep151993[atcf]
1993273N30297  ,               ,bal101993 ,UNNAMED[hurdat_atl] = bal101993[atcf]
1993275N04159  ,               ,bwp271993 ,bwp271993[jtwc_wp] = GENE[tokyo] = GENE[cma] = GENE[hko]
1993276N13249  ,               ,bep161993 ,NORMA[hurdat_epa] = bep161993[jtwc_ep] = bep161993[atcf]
1993279N12114  ,               ,bwp281993 ,bwp281993[jtwc_wp] = UNNAMED[cma] = TD[hko]
1993285N12192  ,               ,bwp291993 ,bwp291993[jtwc_wp] = HATTIE[tokyo] = HATTIE[cma] = HATTIE[hko]
1993285N16239  ,               ,bep171993 ,UNNAMED[hurdat_epa] = bep171993[jtwc_ep] = bep171993[atcf]
1993298N11154  ,               ,bwp301993 ,bwp301993[jtwc_wp] = IRA[tokyo] = IRA[cma] = IRA[hko]
1993306N10168  ,               ,bwp311993 ,bwp311993[jtwc_wp] = JEANA[tokyo] = JEANA[cma] = JEANA[hko]
1993309N06072  ,               ,bio011993 ,bio011993[jtwc_io]
1993312N06079  ,               ,none      ,UNNAMED[newdelhi]
1993312S06080  ,               ,bsh011994 ,bsh011994[jtwc_sh] = ALEXINA[reunion] = ALEXINA[neumann]
1993316N09177  ,               ,bwp331993 ,bwp331993[jtwc_wp]
1993316N11070  ,               ,bio011993 ,bio011993[jtwc_io] = UNNAMED[newdelhi] = UNNAMED[newdelhi]
1993317N08149  ,               ,bwp321993 ,bwp321993[jtwc_wp]
1993322N09137  ,               ,bwp341993 ,bwp341993[jtwc_wp] = KYLE[tokyo] = KYLE[cma] = KYLE[hko]
1993327S07093  ,               ,bsh021994 ,bsh021994[jtwc_sh] = BETTINA[reunion] = BETTINA[neumann]
1993331N05172  ,               ,bwp351993 ,bwp351993[jtwc_wp] = LOLA[tokyo] = LOLA[cma] = LOLA[hko]
1993331N07108  ,               ,bio021993 ,bio021993[jtwc_io] = UNNAMED[newdelhi]
1993336N05164  ,               ,bwp361993 ,bwp361993[jtwc_wp] = MANNY[tokyo] = MANNY[cma] = MANNY[hko]
1993345S08083  ,               ,bsh031994 ,bsh031994[jtwc_sh] = CECILIA[reunion] = CECILIA[neumann]
1993348S13120  ,               ,bsh041994 ,bsh041994[jtwc_sh] = NAOMI[bom] = NAOMI[neumann]
1993353N05159  ,               ,bwp371993 ,bwp371993[jtwc_wp] = NELL[tokyo] = NELL[cma] = NELL[hko]
1993353N09084  ,               ,none      ,UNNAMED[newdelhi]
1993360S04171  ,               ,bsh051994 ,bsh051994[jtwc_sh] = REWA[bom] = REWA[wellington] = REWA[neumann]
1993362S12130  ,               ,bsh061994 ,bsh061994[jtwc_sh] = OSCAR[bom] = OSCAR[neumann]
1994001N05156  ,               ,bwp011994 ,bwp011994[jtwc_wp] = TD0104[hko]
1994006S18182  ,               ,bsh071994 ,bsh071994[jtwc_sh] = HSK0794[neumann]
1994007S16056  ,               ,bsh081994 ,bsh081994[jtwc_sh] = DAISY[reunion] = DAISY[neumann]
1994010S17124  ,               ,bsh091994 ,bsh091994[jtwc_sh] = PEARL[bom] = FARAH[reunion] = PEARL/FARAH[neumann]
1994012S09075  ,               ,bsh101994 ,bsh101994[jtwc_sh] = EDMEA[reunion] = EDMEA[neumann]
1994019S17174  ,               ,bsh111994 ,bsh111994[jtwc_sh] = SARAH[nadi] = SARAH[wellington] = SARAH[neumann]
1994022S12113  ,               ,bsh121994 ,bsh121994[jtwc_sh] = QUENTON[bom] = QUENTON[neumann]
1994026S11078  ,               ,bsh131994 ,bsh131994[jtwc_sh] = GERALDA[reunion] = GERALDA[neumann]
1994028S11136  ,               ,bsh141994 ,bsh141994[jtwc_sh] = SADIE[bom] = SADIE[neumann]
1994036S09075  ,               ,bsh151994 ,bsh151994[jtwc_sh] = HOLLANDA[reunion] = HOLLANDA[neumann]
1994037S12095  ,               ,bsh161994 ,bsh161994[jtwc_sh] = IVY[reunion] = IVY[neumann]
1994047S16124  ,               ,bsh171994 ,bsh171994[jtwc_sh] = HSK1894[neumann]
1994047S17041  ,               ,none      ,JULITA[reunion] = JULITA[neumann]
1994053S08155  ,               ,bsh181994 ,bsh181994[jtwc_sh] = THEODORE[bom] = THEODORE[nadi] = THEODORE[wellington] = THEODORE[neumann]
1994064S13099  ,               ,bsh201994 ,bsh201994[jtwc_sh] = LITANNE[reunion] = LITANNE[neumann]
1994064S15052  ,               ,bsh191994 ,bsh191994[jtwc_sh] = KELVINA[reunion] = KELVINA[neumann]
1994067S14109  ,               ,bsh211994 ,bsh211994[jtwc_sh] = MARIOLA[reunion] = MARIOLA[neumann]
1994071S10119  ,               ,bsh221994 ,bsh221994[jtwc_sh] = SHARON[bom] = SHARON[neumann]
1994076S14078  ,               ,bsh231994 ,bsh231994[jtwc_sh] = NADIA[reunion] = NADIA[neumann]
1994078N06096  ,               ,bio011994 ,bio011994[jtwc_io]
1994078S06184  ,               ,bsh241994 ,bsh241994[jtwc_sh] = THOMAS[nadi] = TOMAS[wellington] = TOMAS[neumann]
1994081S11154  ,               ,bsh251994 ,bsh251994[jtwc_sh] = USHA[wellington] = USHA[neumann]
1994086S08092  ,               ,bsh261994 ,bsh261994[jtwc_sh] = ODILLE[reunion] = ODILLE[neumann]
1994087S10115  ,               ,bsh271994 ,bsh271994[jtwc_sh] = TIM[bom] = TIM[neumann]
1994088N09148  ,               ,bwp021994 ,bwp021994[jtwc_wp] = OWEN[tokyo] = OWEN[cma] = OWEN[hko]
1994095S08129  ,               ,bsh281994 ,bsh281994[jtwc_sh] = VIVIENNE[bom] = VIVIENNE[neumann]
1994110S08160  ,               ,bsh291994 ,bsh291994[jtwc_sh] = HSK3094[neumann]
1994116S05095  ,               ,bsh301994 ,bsh301994[jtwc_sh] = WILLY[bom] = WILLY[neumann]
1994117N07096  ,               ,bio021994 ,bio021994[jtwc_io] = UNNAMED[newdelhi]
1994128N04155  ,               ,bwp031994 ,bwp031994[jtwc_wp] = PAGE[tokyo] = PAGE[cma] = PAGE[hko]
1994134N05161  ,               ,bwp041994 ,bwp041994[jtwc_wp] = TD0525[hko]
1994153N19113  ,               ,bwp051994 ,bwp051994[jtwc_wp] = RUSS[tokyo] = RUSS[cma] = RUSS(-)1[cma] = RUSS[hko]
1994157N17074  ,               ,bio031994 ,bio031994[jtwc_io] = UNNAMED[newdelhi]
1994169N06152  ,               ,bwp061994 ,bwp061994[jtwc_wp] = SHARON[tokyo] = SHARON[cma] = SHARON[hko]
1994169N13240  ,               ,bep011994 ,ALETTA[hurdat_epa] = bep011994[jtwc_ep] = bep011994[atcf]
1994178N16248  ,               ,bep021994 ,BUD[hurdat_epa] = bep021994[jtwc_ep] = bep021994[atcf]
1994180N12255  ,               ,bep031994 ,CARLOTTA[hurdat_epa] = bep031994[jtwc_ep] = bep031994[atcf]
1994181N17137  ,               ,bwp071994 ,bwp071994[jtwc_wp] = UNNAMED[cma] = TD0702[hko]
1994181N22276  ,               ,bal011994 ,ALBERTO[hurdat_atl] = bal011994[atcf]
1994186N09139  ,               ,bwp081994 ,bwp081994[jtwc_wp] = TIM[tokyo] = TIM[cma] = TIM[hko]
1994189N16117  ,               ,bwp091994 ,bwp091994[jtwc_wp] = VANESSA[tokyo] = VANESSA[cma] = VANESSA[hko]
1994190N13239  ,               ,bep041994 ,DANIEL[hurdat_epa] = bep041994[jtwc_ep] = DANIEL[cphc] = bep041994[atcf]
1994191N08141  ,               ,bwp121994 ,bwp121994[jtwc_wp] = ZEKE[tokyo] = ZEKE[cma] = ZEKE[hko]
1994192N05139  ,               ,bwp101994 ,bwp101994[jtwc_wp] = WALT[tokyo] = WALT[cma] = WALT[hko]
1994197N09229  ,               ,bep051994 ,EMILIA[hurdat_epa] = bep051994[jtwc_ep] = EMILIA[cphc] = bep051994[atcf]
1994197N14115  ,               ,bwp111994 ,bwp111994[jtwc_wp] = YUNYA[tokyo] = YUNYA[cma] = YUNYA[hko]
1994199N20106  ,               ,none      ,UNNAMED[cma]
1994200N13235  ,               ,bep061994 ,FABIO[hurdat_epa] = bep061994[jtwc_ep] = FABIO[cphc] = bep061994[atcf]
1994201N32281  ,               ,bal021994 ,UNNAMED[hurdat_atl] = bal021994[atcf]
1994202N11238  ,               ,bep071994 ,GILMA[hurdat_epa] = bep071994[jtwc_ep] = GILMA[cphc] = bep071994[atcf]
1994205N13148  ,               ,bwp131994 ,bwp131994[jtwc_wp] = UNNAMED[cma] = TD0725[hko]
1994206N14131  ,               ,bwp141994 ,bwp141994[jtwc_wp] = BRENDAN[tokyo] = BRENDAN[cma] = BRENDAN[hko]
1994206N22107  ,               ,bwp151994 ,bwp151994[jtwc_wp] = AMY[tokyo] = AMY[cma] = AMY[hko]
1994210N16144  ,               ,bwp161994 ,bwp161994[jtwc_wp] = CAITLIN[tokyo] = CAITLIN[cma] = CAITLIN[hko]
1994211N12152  ,               ,bwp171994 ,bwp171994[jtwc_wp] = DOUG[tokyo] = DOUS[cma] = DOUG[hko]
1994212N11240  ,               ,bep081994 ,LI[hurdat_epa] = bep081994[jtwc_ep] = LI[tokyo] = LI[cphc] = LI[cma] = LI[hko] = bep081994[atcf]
1994215N30149  ,               ,bwp181994 ,bwp181994[jtwc_wp] = ELLIE[tokyo] = ELLIE[cma] = ELLIE[hko]
1994219N19252  ,               ,bep091994 ,HECTOR[hurdat_epa] = bep091994[jtwc_ep] = bep091994[atcf]
1994221N15215  ,               ,bcp011994 ,UNNAMED[hurdat_epa] = ONE-C[cphc] = bcp011994[atcf]
1994222N11267  ,               ,bep101994 ,JOHN[hurdat_epa] = bep101994[jtwc_ep] = JOHN[tokyo] = JOHN[cphc] = JOHN[cma] = JOHN[hko] = bep101994[atcf]
1994223N15253  ,               ,bep111994 ,ILEANA[hurdat_epa] = bep111994[jtwc_ep] = bep111994[atcf]
1994224N16240  ,               ,bep121994 ,UNNAMED[hurdat_epa] = bep121994[jtwc_ep] = bep121994[atcf]
1994224N20152  ,               ,bwp191994 ,bwp191994[jtwc_wp] = FRED[tokyo] = FRED[cma] = FRED[hko]
1994227N29273  ,               ,bal031994 ,BERYL[hurdat_atl] = bal031994[atcf]
1994229N11321  ,               ,bal041994 ,CHRIS[hurdat_atl] = bal041994[atcf]
1994231N12157  ,               ,bwp201994 ,bwp201994[jtwc_wp] = GLADYS[tokyo] = GLADYS[cma] = GLADYS[hko]
1994232N10144  ,               ,bwp211994 ,bwp211994[jtwc_wp] = HARRY[tokyo] = HARRY[cma] = HARRY[hko]
1994237N24167  ,               ,bwp221994 ,bwp221994[jtwc_wp] = IVY[tokyo] = IVY[cma] = IVY[hko]
1994241N14236  ,               ,bep131994 ,KRISTY[hurdat_epa] = bep131994[jtwc_ep] = KRISTY[cphc] = bep131994[atcf]
1994242N12112  ,               ,bwp231994 ,bwp231994[jtwc_wp] = JOEL[tokyo] = JOEL[cma] = JOEL[hko]
1994242N20267  ,               ,bal051994 ,UNNAMED[hurdat_atl] = bal051994[atcf]
1994244N07151  ,               ,bwp241994 ,bwp241994[jtwc_wp] = KINNA[tokyo] = KINNA[cma] = KINNA[hko]
1994247N18251  ,               ,bep141994 ,LANE[hurdat_epa] = bep141994[jtwc_ep] = bep141994[atcf]
1994249N11200  ,               ,bcp021994 ,MELE[hurdat_epa] = MELE[cphc] = bcp021994[atcf]
1994249N12136  ,               ,bwp251994 ,bwp251994[jtwc_wp]
1994249N21220  ,               ,none      ,LANE[cphc]
1994250N14133  ,               ,bwp251994 ,bwp251994[jtwc_wp] = LUKE[tokyo] = LUKE[cma] = LUKE[hko]
1994251N10180  ,               ,bwp261994 ,bwp261994[jtwc_wp] = MELISSA[tokyo] = MELISSA[cma] = MELISSA[hko]
1994253N13303  ,               ,bal061994 ,DEBBY[hurdat_atl] = bal061994[atcf]
1994257N13139  ,               ,bwp271994 ,bwp271994[jtwc_wp] = NAT[tokyo] = NAT[cma] = NAT[hko]
1994259N12128  ,               ,bwp281994 ,bwp281994[jtwc_wp] = ORCHID[tokyo] = ORCHID[cma] = ORCHID[hko]
1994259N13244  ,               ,bep151994 ,MIRIAM[hurdat_epa] = bep151994[jtwc_ep] = bep151994[atcf]
1994262N16249  ,               ,bep161994 ,NORMAN[hurdat_epa] = bep161994[jtwc_ep] = bep161994[atcf]
1994263N17170  ,               ,bwp291994 ,bwp291994[jtwc_wp] = PAT[tokyo] = PAT[cma] = PAT[hko]
1994265N10330  ,               ,bal071994 ,ERNESTO[hurdat_atl] = bal071994[atcf]
1994265N13251  ,               ,bep171994 ,OLIVIA[hurdat_epa] = bep171994[jtwc_ep] = bep171994[atcf]
1994265N16149  ,               ,multiple  ,bwp291994[jtwc_wp] = bwp301994[jtwc_wp] = RUTH[tokyo] = PAT[cma] = RUTH[cma] = PAT[hko] = RUTH[hko]
1994268N15232  ,               ,bep181994 ,PAUL[hurdat_epa] = bep181994[jtwc_ep] = bep181994[atcf]
1994268N16276  ,               ,bal081994 ,UNNAMED[hurdat_atl] = bal081994[atcf]
1994271N14339  ,               ,bal091994 ,UNNAMED[hurdat_atl] = bal091994[atcf]
1994271N25169  ,               ,bwp311994 ,bwp311994[jtwc_wp] = TD0928[hko]
1994272N20274  ,               ,bal101994 ,UNNAMED[hurdat_atl] = bal101994[atcf]
1994272N40159  ,               ,none      ,PAT[tokyo] = PAT[cma]
1994273N08176  ,               ,bwp321994 ,bwp321994[jtwc_wp] = SETH[tokyo] = SETH[cma] = SETH[hko]
1994275S05062  ,               ,none      ,A19495[reunion]
1994282N17247  ,               ,bep191994 ,ROSA[hurdat_epa] = bep191994[jtwc_ep] = bep191994[atcf]
1994287N08176  ,               ,bwp331994 ,bwp331994[jtwc_wp] = VERNE[tokyo] = VERNE[cma] = VERNE[hko]
1994287N14156  ,               ,bwp341994 ,bwp341994[jtwc_wp] = TERESA[tokyo] = TERESA[cma] = TERESA[hko]
1994291N12170  ,               ,bwp351994 ,bwp351994[jtwc_wp] = WILDA[tokyo] = WILDA[cma] = WILDA[hko]
1994294N13203  ,               ,bcp031994 ,NONA[hurdat_epa] = NONA[cphc] = bcp031994[atcf]
1994295N25188  ,               ,bwp361994 ,bwp361994[jtwc_wp] = YURI[tokyo] = YURI[cma] = YURI[hko]
1994298N25161  ,               ,bwp371994 ,bwp371994[jtwc_wp] = ZELDA[tokyo] = ZELDA[cma] = ZELDA[hko]
1994302N11086  ,               ,bio041994 ,bio041994[jtwc_io] = UNNAMED[newdelhi]
1994306N23313  ,               ,bal111994 ,FLORENCE[hurdat_atl] = bal111994[atcf]
1994313N12278  ,               ,bal121994 ,GORDON[hurdat_atl] = bal121994[atcf]
1994315S07168  ,               ,bsh011995 ,bsh011995[jtwc_sh] = VANIA[nadi] = VANIA[wellington] = VANIA[neumann]
1994317N07070  ,               ,bio051994 ,bio051994[jtwc_io] = UNNAMED[newdelhi]
1994325S06076  ,               ,bsh021995 ,bsh021995[jtwc_sh] = ALBERTINE[reunion] = ALBERTINE[neumann]
1994344S09112  ,               ,bsh031995 ,bsh031995[jtwc_sh] = ANNETTE[bom] = ANNETTE[neumann]
1994345N06165  ,               ,bwp381994 ,bwp381994[jtwc_wp] = AXEL[tokyo] = AXEL[cma] = AXEL[hko]
1994347S09167  ,               ,bsh041995 ,bsh041995[jtwc_sh] = HSK0494[neumann]
1994348N04175  ,               ,bwp391994 ,bwp391994[jtwc_wp] = BOBBIE[tokyo] = BOBBIE[cma] = BOBBIE[hko]
1994362S11054  ,               ,bsh071995 ,bsh071995[jtwc_sh] = CHRISTELLE[reunion] = CHRISTELLE[neumann]
1994364S11195  ,               ,bsh051995 ,bsh051995[jtwc_sh] = WILLIAM[nadi] = WILLIAM[wellington] = WILLIAM[neumann]
1994365S06063  ,               ,bsh061995 ,bsh061995[jtwc_sh] = BENTHA[reunion] = BENTHA[neumann]
1995005N04189  ,               ,bwp011995 ,bwp011995[jtwc_wp] = TD0108[hko]
1995017S10078  ,               ,bsh081995 ,bsh081995[jtwc_sh] = DORINA[reunion] = DORINA[neumann]
1995020S20038  ,               ,bsh091995 ,bsh091995[jtwc_sh] = FODAH[reunion] = FODAH[neumann]
1995032S10074  ,               ,bsh101995 ,bsh101995[jtwc_sh] = GAIL[reunion] = GAIL[neumann]
1995032S10095  ,               ,bsh111995 ,bsh111995[jtwc_sh] = HEIDA[reunion] = HEIDA[neumann]
1995049S11133  ,               ,bsh121995 ,bsh121995[jtwc_sh] = BOBBY[bom] = BOBBY[neumann]
1995053S14065  ,               ,bsh131995 ,bsh131995[jtwc_sh] = INGRID[reunion] = INGRID[neumann]
1995059S11155  ,               ,bsh141995 ,bsh141995[jtwc_sh] = VIOLET[bom] = VIOLET[wellington] = VIOLET[neumann]
1995063S13141  ,               ,bsh151995 ,bsh151995[jtwc_sh] = WARREN[bom] = WARREN[neumann]
1995064S13042  ,               ,bsh161995 ,bsh161995[jtwc_sh] = JOSTA[reunion] = JOSTA[neumann]
1995064S13055  ,               ,bsh171995 ,bsh171995[jtwc_sh] = KYLIE[reunion] = KYLIE[neumann]
1995074S16068  ,               ,none      ,LIDY[reunion] = LIDY[neumann]
1995074S17175  ,               ,bsh181995 ,bsh181995[jtwc_sh] = HSK1995[neumann]
1995088S10078  ,               ,bsh191995 ,bsh191995[jtwc_sh] = MARLENE[reunion] = MARLENE[neumann]
1995089S09131  ,               ,bsh211995 ,bsh211995[jtwc_sh] = CHLOE[bom] = CHLOE[neumann]
1995091S11145  ,               ,bsh201995 ,bsh201995[jtwc_sh] = HSK2195[neumann]
1995106S09144  ,               ,bsh221995 ,bsh221995[jtwc_sh] = AGNES[bom] = AGNES[neumann]
1995113N06169  ,               ,bwp021995 ,bwp021995[jtwc_wp] = CHUCK[tokyo] = CHUCK[cma] = CHUCK[hko]
1995126N11081  ,               ,none      ,UNNAMED[newdelhi]
1995128N15082  ,               ,none      ,UNNAMED[newdelhi]
1995135N20087  ,               ,none      ,UNNAMED[newdelhi]
1995141N13256  ,               ,bep011995 ,UNNAMED[hurdat_epa] = bep011995[jtwc_ep] = bep011995[atcf]
1995148N07150  ,               ,bwp031995 ,bwp031995[jtwc_wp] = DEANNA[tokyo] = DEANNA[cma] = DEANNA[hko]
1995150N05156  ,               ,bwp041995 ,bwp041995[jtwc_wp] = ELI[hko]
1995154N17276  ,               ,bal011995 ,ALLISON[hurdat_atl] = bal011995[atcf]
1995167N11254  ,               ,bep021995 ,ADOLPH[hurdat_epa] = bep021995[jtwc_ep] = bep021995[atcf]
1995186N32288  ,               ,bal021995 ,BARRY[hurdat_atl] = bal021995[atcf]
1995189N11257  ,               ,bep031995 ,BARBARA[hurdat_epa] = bep031995[jtwc_ep] = BARBARA[cphc] = bep031995[atcf]
1995193N06156  ,               ,bwp051995 ,bwp051995[jtwc_wp] = FAYE[tokyo] = FAYE[cma] = FAYE[hko]
1995193N17305  ,               ,bal031995 ,CHANTAL[hurdat_atl] = bal031995[atcf]
1995198N17252  ,               ,bep041995 ,COSME[hurdat_epa] = bep041995[jtwc_ep] = bep041995[atcf]
1995206N13252  ,               ,bep051995 ,DALILA[hurdat_epa] = bep051995[jtwc_ep] = bep051995[atcf]
1995206N15133  ,               ,multiple  ,bwp061995[jtwc_wp] = GARY[tokyo] = GARY[cma] = GARY[hko] = bwp071995[jtwc_wp]
1995209N17122  ,               ,bwp061995 ,bwp061995[jtwc_wp]
1995210N26273  ,               ,bal041995 ,DEAN[hurdat_atl] = bal041995[atcf]
1995212N22287  ,               ,bal051995 ,ERIN[hurdat_atl] = bal051995[atcf]
1995214N15249  ,               ,bep061995 ,ERICK[hurdat_epa] = bep061995[jtwc_ep] = bep061995[atcf]
1995215N12145  ,               ,bwp081995 ,bwp081995[jtwc_wp] = HELEN[tokyo] = HELEN[cma] = HELEN[hko]
1995218N20265  ,               ,bal061995 ,UNNAMED[hurdat_atl] = bal061995[atcf]
1995220N14329  ,               ,bal071995 ,FELIX[hurdat_atl] = bal071995[atcf]
1995220N15256  ,               ,bep071995 ,FLOSSIE[hurdat_epa] = bep071995[jtwc_ep] = bep071995[atcf]
1995222N24265  ,               ,bal081995 ,GABRIELLE[hurdat_atl] = bal081995[atcf]
1995225N12124  ,               ,bwp091995 ,bwp091995[jtwc_wp] = IRVING[tokyo] = IRVING[cma] = IRVING[hko]
1995229N12144  ,               ,multiple  ,bwp101995[jtwc_wp] = bwp111995[jtwc_wp] = JANIS[tokyo] = JANIS[cma] = JANIS[hko]
1995233N15261  ,               ,bep081995 ,GIL[hurdat_epa] = bep081995[jtwc_ep] = bep081995[atcf]
1995233N16115  ,               ,bwp131995 ,bwp131995[jtwc_wp] = LOIS[tokyo] = LOIS[cma] = LOIS[hko]
1995233N23130  ,               ,bwp111995 ,bwp111995[jtwc_wp]
1995234N13327  ,               ,bal091995 ,HUMBERTO[hurdat_atl] = bal091995[atcf]
1995235N13311  ,               ,bal101995 ,IRIS[hurdat_atl] = bal101995[atcf]
1995235N24281  ,               ,bal111995 ,JERRY[hurdat_atl] = bal111995[atcf]
1995236N10134  ,               ,bwp121995 ,bwp121995[jtwc_wp] = KENT[tokyo] = KENT[cma] = KENT[hko]
1995239N15327  ,               ,bal121995 ,KAREN[hurdat_atl] = bal121995[atcf]
1995240N24151  ,               ,bwp141995 ,bwp141995[jtwc_wp] = MARK[tokyo] = MARK[cma] = MARK[hko]
1995241N11333  ,               ,bal131995 ,LUIS[hurdat_atl] = bal131995[atcf]
1995244N08139  ,               ,bwp151995 ,bwp151995[jtwc_wp] = NINA[tokyo] = NINA[cma] = NINA[hko]
1995244N16256  ,               ,bep091995 ,HENRIETTE[hurdat_epa] = bep091995[jtwc_ep] = bep091995[atcf]
1995247N05144  ,               ,bwp161995 ,bwp161995[jtwc_wp] = TD0909[hko]
1995250N09161  ,               ,bwp171995 ,bwp171995[jtwc_wp] = OSCAR[tokyo] = OSCAR[cma] = OSCAR[hko]
1995252N08142  ,               ,bwp181995 ,bwp181995[jtwc_wp] = POLLY[tokyo] = POLLY[cma] = POLLY[hko]
1995253N18318  ,               ,bal141995 ,UNNAMED[hurdat_atl] = bal141995[atcf]
1995255N14104  ,               ,bio011995 ,bio011995[jtwc_io] = UNNAMED[newdelhi]
1995256N12309  ,               ,bal151995 ,MARILYN[hurdat_atl] = bal151995[atcf]
1995256N15253  ,               ,bep101995 ,ISMAEL[hurdat_epa] = bep101995[jtwc_ep] = bep101995[atcf]
1995258N14115  ,               ,bwp191995 ,bwp191995[jtwc_wp] = RYAN[tokyo] = RYAN[cma] = RYAN[hko]
1995260N15255  ,               ,bep111995 ,JULIETTE[hurdat_epa] = bep111995[jtwc_ep] = bep111995[atcf]
1995262N04161  ,               ,bwp211995 ,bwp211995[jtwc_wp]
1995264N06174  ,               ,bwp201995 ,bwp201995[jtwc_wp] = SIBYL[tokyo] = SIBYL[cma] = SIBYL[hko]
1995269N21088  ,               ,none      ,UNNAMED[newdelhi]
1995270N10322  ,               ,bal161995 ,NOEL[hurdat_atl] = bal161995[atcf]
1995271N19273  ,               ,bal171995 ,OPAL[hurdat_atl] = bal171995[atcf]
1995271N30178  ,               ,bwp221995 ,bwp221995[jtwc_wp]
1995276N13124  ,               ,bwp231995 ,bwp231995[jtwc_wp]
1995277N07141  ,               ,bwp241995 ,bwp241995[jtwc_wp] = TED[tokyo] = TED[cma] = TED[hko]
1995278N08329  ,               ,bal181995 ,PABLO[hurdat_atl] = bal181995[atcf]
1995279N15153  ,               ,bwp251995 ,bwp251995[jtwc_wp] = VAL[tokyo] = VAL[cma] = VAL[hko]
1995281N14278  ,               ,bal191995 ,ROXANNE[hurdat_atl] = bal191995[atcf]
1995284N17074  ,               ,bio021995 ,bio021995[jtwc_io] = UNNAMED[newdelhi]
1995287N08163  ,               ,bwp261995 ,bwp261995[jtwc_wp] = WARD[tokyo] = WARD[cma] = WARD[hko]
1995292N08150  ,               ,bwp271995 ,bwp271995[jtwc_wp] = YVETTE[tokyo] = YVETTE[cma] = YVETTE[hko]
1995293N05177  ,               ,bwp291995 ,bwp291995[jtwc_wp] = ANGELA[tokyo] = ANGELA[cma] = ANGELA[hko]
1995294N05163  ,               ,bwp281995 ,bwp281995[jtwc_wp] = ZACK[tokyo] = ZACK[cma] = ZACK[hko]
1995294N14306  ,               ,bal201995 ,SEBASTIEN[hurdat_atl] = bal201995[atcf]
1995300N25301  ,               ,bal211995 ,TANYA[hurdat_atl] = bal211995[atcf]
1995302N17174  ,               ,bwp301995 ,bwp301995[jtwc_wp] = BRIAN[tokyo] = BRIAN[cma] = BRIAN[hko]
1995310N09096  ,               ,bio031995 ,bio031995[jtwc_io] = UNNAMED[newdelhi]
1995314N25186  ,               ,bwp311995 ,bwp311995[jtwc_wp] = COLLEEN[hko]
1995319S05092  ,               ,bsh011996 ,bsh011996[jtwc_sh] = DARYL[bom] = AGNIELLE[reunion] = DARYL/AGNIEL[neumann]
1995323N05097  ,               ,bio041995 ,bio041995[jtwc_io] = UNNAMED[newdelhi]
1995334N09129  ,               ,bwp321995 ,bwp321995[jtwc_wp] = TD1203[hko]
1995336S10106  ,               ,bsh021996 ,bsh021996[jtwc_sh] = EMMA[bom] = EMMA[neumann]
1995340S10116  ,               ,bsh031996 ,bsh031996[jtwc_sh] = FRANK[bom] = FRANK[neumann]
1995341N08115  ,               ,bwp341995 ,bwp341995[jtwc_wp] = UNNAMED[cma] = TD1209[hko]
1995348S15135  ,               ,bsh041996 ,bsh041996[jtwc_sh] = GERTIE[bom] = GERTIE[neumann]
1995357N07139  ,               ,bwp351995 ,bwp351995[jtwc_wp] = DAN[tokyo] = DAN[cma] = DAN[hko]
1995363S17051  ,               ,none      ,B29596[reunion]
1996001S08075  ,               ,bsh061996 ,bsh061996[jtwc_sh] = BONITA[reunion] = BONITA[neumann]
1996002S15133  ,               ,bsh051996 ,bsh051996[jtwc_sh] = BARRY[bom] = BARRY[neumann]
1996007S10100  ,               ,bsh071996 ,bsh071996[jtwc_sh] = HUBERT[bom] = CORYNA[reunion] = HUBERT/CORYN[neumann]
1996015S18182  ,               ,bsh081996 ,bsh081996[jtwc_sh] = YASI[nadi] = YASI[wellington] = TASI[neumann]
1996021S16152  ,               ,bsh091996 ,bsh091996[jtwc_sh] = CELESTE[bom] = CELESTE[wellington] = CELESTE[neumann]
1996025S14125  ,               ,bsh111996 ,bsh111996[jtwc_sh] = ISOBEL[bom] = ISOBEL[neumann]
1996026S14143  ,               ,bsh101996 ,bsh101996[jtwc_sh] = JACOB[bom] = JACOB[neumann]
1996032N10150  ,               ,bwp441996 ,bwp441996[jtwc_wp]
1996037S09095  ,               ,bsh121996 ,bsh121996[jtwc_sh] = HSK1296[neumann]
1996042S13139  ,               ,bsh131996 ,bsh131996[jtwc_sh] = DENNIS[bom] = DENNIS[wellington] = DENNIS[neumann]
1996043S07053  ,               ,bsh141996 ,bsh141996[jtwc_sh] = DOLORESSE[reunion] = DOLORESSE[neumann]
1996046S14087  ,               ,bsh151996 ,bsh151996[jtwc_sh] = HSK1596[neumann]
1996049S10068  ,               ,bsh161996 ,bsh161996[jtwc_sh] = EDWIGE[reunion] = EDWIGE[neumann]
1996049S13042  ,               ,none      ,DOLORESSE[reunion]
1996054N04149  ,               ,bwp011996 ,bwp011996[jtwc_wp]
1996057S12074  ,               ,bsh171996 ,bsh171996[jtwc_sh] = FLOSSY[reunion] = FLOSSY[neumann]
1996058N06137  ,               ,bwp011996 ,bwp011996[jtwc_wp] = UNNAMED[tokyo] = UNNAMED[cma] = TD0228[hko]
1996064S12155  ,               ,bsh211996 ,bsh211996[jtwc_sh] = ATU[nadi] = ATU[wellington] = ATU[neumann]
1996066S17129  ,               ,bsh181996 ,bsh181996[jtwc_sh] = KIRSTY[bom] = KIRSTY[neumann]
1996067S16138  ,               ,bsh191996 ,bsh191996[jtwc_sh] = ETHEL[bom] = ETHYL[neumann]
1996069S21166  ,               ,bsh201996 ,bsh201996[jtwc_sh] = ZAKA[nadi] = ZAKA[wellington] = ZAKA[neumann]
1996071S25177  ,               ,none      ,ZAKA[wellington]
1996078S12072  ,               ,bsh221996 ,bsh221996[jtwc_sh] = GUYLIANNE[reunion] = GUYLIANNE[neumann]
1996079S12170  ,               ,bsh231996 ,bsh231996[jtwc_sh] = BETI[nadi] = BETI[wellington] = BETI[neumann]
1996090N04150  ,               ,bwp021996 ,bwp021996[jtwc_wp] = ANN[tokyo] = ANN[cma] = ANN[hko]
1996093S16074  ,               ,bsh241996 ,bsh241996[jtwc_sh] = HANSELLA[reunion] = HANSELLA[neumann]
1996095S09133  ,               ,bsh251996 ,bsh251996[jtwc_sh] = OLIVIA[bom] = OLIVIA[neumann]
1996098S13085  ,               ,bsh261996 ,bsh261996[jtwc_sh] = ITELLE[reunion] = ITELLE[neumann]
1996103S12129  ,               ,bsh271996 ,bsh271996[jtwc_sh] = HSK2796[neumann]
1996116N08114  ,               ,bwp031996 ,bwp031996[jtwc_wp]
1996122N08092  ,               ,bio011996 ,bio011996[jtwc_io] = UNNAMED[newdelhi]
1996122S05093  ,               ,bsh281996 ,bsh281996[jtwc_sh] = JENNA[bom] = JENNA[reunion] = JENNA[neumann]
1996128N07138  ,               ,bwp041996 ,bwp041996[jtwc_wp] = BART[tokyo] = BART[cma] = BART[hko]
1996134N11246  ,               ,bep011996 ,UNNAMED[hurdat_epa] = bep011996[jtwc_ep] = bep011996[atcf]
1996137N13111  ,               ,bwp051996 ,bwp051996[jtwc_wp] = CAM[tokyo] = CAM[cma] = CAM[hko]
1996137N13251  ,               ,bep021996 ,UNNAMED[hurdat_epa] = bep021996[jtwc_ep] = bep021996[atcf]
1996161N17063  ,               ,bio021996 ,bio021996[jtwc_io]
1996163N08088  ,               ,bio031996 ,bio031996[jtwc_io] = UNNAMED[newdelhi]
1996167N16072  ,               ,bio041996 ,bio041996[jtwc_io] = UNNAMED[newdelhi]
1996170N27282  ,               ,bal011996 ,ARTHUR[hurdat_atl] = bal011996[atcf]
1996172N13261  ,               ,bep031996 ,ALMA[hurdat_epa] = bep031996[jtwc_ep] = bep031996[atcf]
1996179N13266  ,               ,bep041996 ,BORIS[hurdat_epa] = bep041996[jtwc_ep] = bep041996[atcf]
1996184N09271  ,               ,bep051996 ,CRISTINA[hurdat_epa] = bep051996[jtwc_ep] = bep051996[atcf]
1996186N19156  ,               ,bwp061996 ,bwp061996[jtwc_wp] = DAN[tokyo] = DAN[cma] = DAN[hko]
1996187N10326  ,               ,bal021996 ,BERTHA[hurdat_atl] = bal021996[atcf]
1996187N17251  ,               ,bep061996 ,UNNAMED[hurdat_epa] = bep061996[jtwc_ep] = bep061996[atcf]
1996190S07096  ,               ,bsh011997 ,bsh011997[jtwc_sh] = LINDSAY[bom] = LINDSAY[neumann]
1996192N19152  ,               ,bwp071996 ,bwp071996[jtwc_wp] = EVE[tokyo] = EVE[cma] = EVE[hko]
1996201N07137  ,               ,bwp091996 ,bwp091996[jtwc_wp] = GLORIA[tokyo] = GLORIA[cma] = GLORIA[hko]
1996202N17115  ,               ,bwp081996 ,bwp081996[jtwc_wp] = FRANKIE[tokyo] = FRANKIE[cma] = FRANKIE[hko]
1996203N12152  ,               ,bwp101996 ,bwp101996[jtwc_wp] = HERB[tokyo] = HERB[cma] = HERB[hko]
1996207N12297  ,               ,bal031996 ,CESAR[hurdat_atl] = bal031996[atcf]
1996208N20165  ,               ,bwp121996 ,bwp121996[jtwc_wp] = JOY[tokyo] = JOY[cma] = JOY[hko]
1996208N24084  ,               ,none      ,UNNAMED[newdelhi]
1996209N12144  ,               ,bwp111996 ,bwp111996[jtwc_wp] = IAN[hko]
1996210N05156  ,               ,bwp131996 ,bwp131996[jtwc_wp] = KIRK[tokyo] = KIRK[cma] = KIRK[hko]
1996211N13270  ,               ,bep071996 ,DOUGLAS[hurdat_epa] = bep071996[jtwc_ep] = bep071996[atcf]
1996217N16111  ,               ,bwp141996 ,bwp141996[jtwc_wp] = LISA[tokyo] = LISA[cma] = LISA[hko]
1996223N29158  ,               ,bwp151996 ,bwp151996[jtwc_wp] = TD0812[hko]
1996225N23108  ,               ,bwp161996 ,bwp161996[jtwc_wp] = UNNAMED[cma] = MARTY[hko]
1996227N08156  ,               ,bwp181996 ,bwp181996[jtwc_wp] = NIKI[tokyo] = NIKI[cma] = NIKI[hko]
1996227N15176  ,               ,bwp191996 ,bwp191996[jtwc_wp] = ORSON[tokyo] = ORSON[cma] = ORSON[hko]
1996227N30177  ,               ,bwp171996 ,bwp171996[jtwc_wp] = SEVENTEEN-W[cphc]
1996228S05084  ,               ,bsh021997 ,bsh021997[jtwc_sh] = A19697[reunion] = HSK0297[neumann]
1996232N17280  ,               ,bal041996 ,DOLLY[hurdat_atl] = bal041996[atcf]
1996232N21170  ,               ,bwp201996 ,bwp201996[jtwc_wp] = PIPER[tokyo] = PIPER[cma] = PIPER[hko]
1996233N12340  ,               ,bal051996 ,EDOUARD[hurdat_atl] = bal051996[atcf]
1996237N14339  ,               ,bal061996 ,FRAN[hurdat_atl] = bal061996[atcf]
1996238N27155  ,               ,bwp211996 ,bwp211996[jtwc_wp]
1996239N13337  ,               ,bal071996 ,GUSTAV[hurdat_atl] = bal071996[atcf]
1996240N22168  ,               ,bwp221996 ,bwp221996[jtwc_wp] = RICK[hko]
1996244N13257  ,               ,bep081996 ,ELIDA[hurdat_epa] = bep081996[jtwc_ep] = bep081996[atcf]
1996246N08148  ,               ,bwp231996 ,bwp231996[jtwc_wp] = SALLY[tokyo] = SALLY[cma] = SALLY[hko]
1996247S09084  ,               ,bsh031997 ,bsh031997[jtwc_sh] = HSK0397[neumann]
1996248N15319  ,               ,bal081996 ,HORTENSE[hurdat_atl] = bal081996[atcf]
1996250N08148  ,               ,bwp241996 ,bwp241996[jtwc_wp] = UNNAMED[cma]
1996252N11162  ,               ,bwp251996 ,bwp251996[jtwc_wp] = TOM[tokyo] = TOM[cma] = TOM[hko]
1996254N13138  ,               ,bwp261996 ,bwp261996[jtwc_wp] = VIOLET[tokyo] = VIOLET[cma] = VIOLET[hko]
1996254N14258  ,               ,bep091996 ,FAUSTO[hurdat_epa] = bep091996[jtwc_ep] = bep091996[atcf]
1996260N14217  ,               ,bcp011996 ,UNNAMED[hurdat_epa] = bcp011996[jtwc_cp] = ONE-C[cphc] = bcp011996[atcf]
1996260N19107  ,               ,bwp271996 ,bwp271996[jtwc_wp] = WILLIE[tokyo] = WILLIE[cma] = WILLIE[hko]
1996261N08184  ,               ,bwp281996 ,bwp281996[jtwc_wp] = YATES[tokyo] = YATES[cma] = YATES[hko]
1996265N06154  ,               ,bwp291996 ,bwp291996[jtwc_wp]
1996268N15140  ,               ,bwp291996 ,bwp291996[jtwc_wp] = ZANE[tokyo] = ZANE[cma] = ZANE[hko]
1996269N09337  ,               ,bal091996 ,ISIDORE[hurdat_atl] = bal091996[atcf]
1996272N16250  ,               ,bep101996 ,GENEVIEVE[hurdat_epa] = bep101996[jtwc_ep] = bep101996[atcf]
1996274N13261  ,               ,bep111996 ,HERNAN[hurdat_epa] = bep111996[jtwc_ep] = bep111996[atcf]
1996275N15082  ,               ,none      ,UNNAMED[newdelhi]
1996279N23264  ,               ,bal101996 ,JOSEPHINE[hurdat_atl] = bal101996[atcf]
1996282N11162  ,               ,bwp321996 ,bwp321996[jtwc_wp] = BETH[tokyo] = ABEL[cma] = BETH[hko]
1996283N12133  ,               ,bwp301996 ,bwp301996[jtwc_wp] = BETH[cma]
1996284N09158  ,               ,bwp311996 ,bwp311996[jtwc_wp]
1996286N17274  ,               ,bal111996 ,KYLE[hurdat_atl] = bal111996[atcf]
1996288N09092  ,               ,bio051996 ,bio051996[jtwc_io] = UNNAMED[newdelhi]
1996289N13280  ,               ,bal121996 ,LILI[hurdat_atl] = bal121996[atcf]
1996289S05093  ,               ,bsh041997 ,bsh041997[jtwc_sh] = ANTOINETTE[reunion] = ANTOINETTE[neumann]
1996291N17168  ,               ,bwp331996 ,bwp331996[jtwc_wp] = CARLO[tokyo] = CARLO[cma] = CARLO[hko]
1996296N09093  ,               ,bio061996 ,bio061996[jtwc_io] = UNNAMED[newdelhi]
1996299N11121  ,               ,bwp341996 ,bwp341996[jtwc_wp]
1996302S07095  ,               ,bsh051997 ,bsh051997[jtwc_sh] = MELANIE[bom] = BELLAMINE[reunion] = MELANIE/BELL[neumann]
1996303N07155  ,               ,bwp371996 ,bwp371996[jtwc_wp] = ERNIE[cma] = ERNIE[hko]
1996305N11121  ,               ,bwp351996 ,bwp351996[jtwc_wp] = UNNAMED[cma] = TD1102[hko]
1996306N15097  ,               ,bio071996 ,bio071996[jtwc_io] = UNNAMED[newdelhi]
1996307N09154  ,               ,bwp361996 ,bwp361996[jtwc_wp] = DALE[tokyo] = DALE[cma] = DALE[hko]
1996309N21175  ,               ,bwp381996 ,bwp381996[jtwc_wp]
1996312N13251  ,               ,bep121996 ,UNNAMED[hurdat_epa] = bep121996[jtwc_ep] = bep121996[atcf]
1996312N14125  ,               ,multiple  ,bwp371996[jtwc_wp] = bwp391996[jtwc_wp] = ERNIE[tokyo] = ERNIE[cma] = ERNIE[hko]
1996318N33146  ,               ,none      ,DALE[tokyo]
1996319N11283  ,               ,bal131996 ,MARCO[hurdat_atl] = bal131996[atcf]
1996324S04164  ,               ,bsh061997 ,bsh061997[jtwc_sh] = CYRIL[nadi] = CYRIL[wellington] = CYRIL[neumann]
1996325S08104  ,               ,multiple  ,bsh071997[jtwc_sh] = bsh081997[jtwc_sh] = CHANTELLE[reunion] = DANIELLA[reunion] = CHANTELLE[neumann] = DANIELLA[neumann]
1996328N08151  ,               ,bwp401996 ,bwp401996[jtwc_wp]
1996332N09092  ,               ,bio081996 ,bio081996[jtwc_io] = UNNAMED[newdelhi]
1996339S03094  ,               ,bsh091997 ,bsh091997[jtwc_sh] = ELVINA[reunion] = ELVINA[neumann]
1996346S09129  ,               ,bsh101997 ,bsh101997[jtwc_sh] = NICHOLAS[bom] = NICHOLAS[neumann]
1996348N04104  ,               ,bwp411996 ,bwp411996[jtwc_wp]
1996348S09108  ,               ,bsh111997 ,bsh111997[jtwc_sh] = OPHELIA[bom] = OPHELIA[neumann]
1996353N05151  ,               ,bwp421996 ,bwp421996[jtwc_wp] = FERN[tokyo] = FERN[cma] = FERN[hko]
1996354S05170  ,               ,bsh131997 ,bsh131997[jtwc_sh] = FERGUS[bom] = FERGUS[nadi] = FERGUS[wellington] = FERGUS[neumann]
1996356N08110  ,               ,bwp431996 ,bwp431996[jtwc_wp] = GREG[hko]
1996357S10136  ,               ,bsh121997 ,bsh121997[jtwc_sh] = PHIL[bom] = PHIL[neumann]
1996361S12060  ,               ,bsh141997 ,bsh141997[jtwc_sh] = FABRIOLA[reunion] = FABRIOLA[neumann]
1996364N17145  ,               ,bwp421996 ,bwp421996[jtwc_wp]
1996365S15137  ,               ,bsh151997 ,bsh151997[jtwc_sh] = RACHEL[bom] = RACHEL[neumann]
1997001S10176  ,               ,bsh161997 ,bsh161997[jtwc_sh] = DRENA[bom] = DRENA[nadi] = DRENA[wellington] = DRENA[neumann]
1997008S16093  ,               ,bsh181997 ,bsh181997[jtwc_sh] = UNNAMED[bom] = HSK1897[neumann]
1997009S16188  ,               ,bsh171997 ,bsh171997[jtwc_sh] = EVAN[nadi] = EVAN[wellington] = EVAN[neumann]
1997011N04176  ,               ,bwp011997 ,bwp011997[jtwc_wp] = HANNAH[cma] = HANNAH[hko]
1997013S08101  ,               ,bsh191997 ,bsh191997[jtwc_sh] = PANCHO[bom] = HELINDA[reunion] = PANCHO/HELIN[neumann]
1997018S10074  ,               ,bsh211997 ,bsh211997[jtwc_sh] = ILETTA[reunion] = ILETTA[neumann]
1997018S11059  ,               ,bsh201997 ,bsh201997[jtwc_sh] = GRETELLE[reunion] = GRETELLE[neumann]
1997021S16172  ,               ,bsh221997 ,bsh221997[jtwc_sh] = FREDA[nadi] = FREDA[wellington] = FREDA[neumann]
1997032S17055  ,               ,bsh231997 ,bsh231997[jtwc_sh] = JOSIE[reunion] = JOSIE[neumann]
1997039S10155  ,               ,bsh241997 ,bsh241997[jtwc_sh] = GILLIAN[bom] = GILLIAN[wellington] = GILLIAN[neumann]
1997042S13096  ,               ,bsh251997 ,bsh251997[jtwc_sh] = KARLETTE[reunion] = KARLETTE[neumann]
1997045S11163  ,               ,bsh261997 ,bsh261997[jtwc_sh] = HAROLD[bom] = HAROLD[nadi] = HAROLD[wellington] = HAROLD[neumann]
1997048S12103  ,               ,bsh271997 ,bsh271997[jtwc_sh] = HSK2797[neumann]
1997053S12142  ,               ,bsh281997 ,bsh281997[jtwc_sh] = ITA[bom] = ITA[wellington] = ITA[neumann]
1997053S16206  ,               ,bsh291997 ,bsh291997[jtwc_sh] = HSK2997[neumann]
1997054S18201  ,               ,bsh291997 ,bsh291997[jtwc_sh] = UNNAMED[nadi] = UNNAMED[wellington] = HSK2997[neumann]
1997056S15041  ,               ,bsh301997 ,bsh301997[jtwc_sh] = LISETTE[reunion] = LISETTE[neumann]
1997061S08171  ,               ,bsh311997 ,bsh311997[jtwc_sh] = GAVIN[nadi] = GAVIN[wellington] = GAVIN[neumann]
1997062S16158  ,               ,bsh321997 ,bsh321997[jtwc_sh] = JUSTIN[bom] = JUSTIN[wellington] = JUSTIN[neumann]
1997071S13176  ,               ,bsh331997 ,bsh331997[jtwc_sh] = HINA[nadi] = HINA[wellington] = HINA[neumann]
1997099N06153  ,               ,bwp021997 ,bwp021997[jtwc_wp] = ISA[tokyo] = ISA[cma] = ISA[hko]
1997105S10168  ,               ,bsh341997 ,bsh341997[jtwc_sh] = IAN[nadi] = IAN[wellington] = IAN[neumann]
1997108N05168  ,               ,bwp031997 ,bwp031997[jtwc_wp] = JIMMY[tokyo] = JIMMY[cma] = JIMMY[hko]
1997118S09166  ,               ,bsh351997 ,bsh351997[jtwc_sh] = JUNE[nadi] = JUNE[wellington] = JUNE[neumann]
1997124N03171  ,               ,bwp041997 ,bwp041997[jtwc_wp] = KELLY[tokyo] = KELLY[cma] = KELLY[hko]
1997125S08079  ,               ,bsh361997 ,bsh361997[jtwc_sh] = RHONDA[bom] = RHONDA[neumann]
1997133N03092  ,               ,bio011997 ,bio011997[jtwc_io] = UNNAMED[newdelhi]
1997143N17111  ,               ,bwp051997 ,bwp051997[jtwc_wp] = LEVI[tokyo] = LEVI[cma] = LEVI[hko]
1997146N09161  ,               ,bwp061997 ,bwp061997[jtwc_wp] = MARIE[tokyo] = MARIE[cma] = MARIE[hko]
1997147S12168  ,               ,bsh371997 ,bsh371997[jtwc_sh] = HSK3797[neumann]
1997152N06171  ,               ,bwp071997 ,bwp071997[jtwc_wp] = NESTOR[tokyo] = NESTOR[cma] = NESTOR[hko]
1997152N10265  ,               ,bep011997 ,ANDRES[hurdat_epa] = bep011997[jtwc_ep] = bep011997[atcf]
1997152N29283  ,               ,bal011997 ,UNNAMED[hurdat_atl] = bal011997[atcf]
1997156S11192  ,               ,bsh381997 ,bsh381997[jtwc_sh] = KELI[nadi] = KELI[wellington] = KELI[neumann]
1997161N14266  ,               ,bep021997 ,BLANCA[hurdat_epa] = bep021997[jtwc_ep] = bep021997[atcf]
1997165N12139  ,               ,bwp081997 ,bwp081997[jtwc_wp] = OPAL[tokyo] = OPAL[cma] = OPAL[hko]
1997167N06162  ,               ,bwp091997 ,bwp091997[jtwc_wp] = PETER[tokyo] = PEPER[cma] = PETER[hko]
1997173N14243  ,               ,bep031997 ,UNNAMED[hurdat_epa] = bep031997[jtwc_ep] = bep031997[atcf]
1997176N16252  ,               ,bep041997 ,CARLOS[hurdat_epa] = bep041997[jtwc_ep] = bep041997[atcf]
1997177N21090  ,               ,none      ,UNNAMED[newdelhi]
1997181N14250  ,               ,bep051997 ,UNNAMED[hurdat_epa] = bep051997[jtwc_ep] = bep051997[atcf]
1997182N32283  ,               ,bal021997 ,ANA[hurdat_atl] = bal021997[atcf]
1997187N13250  ,               ,bep061997 ,DOLORES[hurdat_epa] = bep061997[jtwc_ep] = DOLORES[cphc] = bep061997[atcf]
1997192N30290  ,               ,bal031997 ,BILL[hurdat_atl] = bal031997[atcf]
1997193N09248  ,               ,bep071997 ,ENRIQUE[hurdat_epa] = bep071997[jtwc_ep] = bep071997[atcf]
1997194N31286  ,               ,bal041997 ,CLAUDETTE[hurdat_atl] = bal041997[atcf]
1997196N08142  ,               ,bwp101997 ,bwp101997[jtwc_wp] = ROSIE[tokyo] = ROSIE[cma] = ROSIE[hko]
1997196N10251  ,               ,bep081997 ,FELICIA[hurdat_epa] = bep081997[jtwc_ep] = FELICIA[cphc] = bep081997[atcf]
1997198N12309  ,               ,bal061997 ,UNNAMED[hurdat_atl] = bal061997[atcf]
1997198N27267  ,               ,bal051997 ,DANNY[hurdat_atl] = bal051997[atcf]
1997199S04079  ,               ,bsh011998 ,bsh011998[jtwc_sh] = M29697[reunion] = HSK0198[neumann]
1997201N24152  ,               ,bwp111997 ,bwp111997[jtwc_wp] = SCOTT[tokyo] = SCOTT[cma] = SCOTT[hko]
1997202N04152  ,               ,bwp121997 ,bwp121997[jtwc_wp] = TINA[tokyo] = TINA[cma] = TINA[hko]
1997207N11198  ,               ,bcp011997 ,UNNAMED[hurdat_epa] = bcp011997[jtwc_cp] = ONE-C[cphc] = bcp011997[atcf]
1997210N15120  ,               ,bwp131997 ,bwp131997[jtwc_wp] = VICTOR[tokyo] = VICTOR[cma] = VICTOR[hko]
1997210N21089  ,               ,none      ,UNNAMED[newdelhi]
1997212N11265  ,               ,bep091997 ,GUILLERMO[hurdat_epa] = bep091997[jtwc_ep] = GUILLERMO[cphc] = bep091997[atcf]
1997216N20091  ,               ,none      ,UNNAMED[newdelhi]
1997217N06168  ,               ,bwp141997 ,bwp141997[jtwc_wp] = WINNIE[tokyo] = WINNIE[cma] = WINNIE(-)1[cma] = WINNIE[hko]
1997221N03179  ,               ,multiple  ,bwp151997[jtwc_wp] = bwp161997[jtwc_wp] = YULE[tokyo] = YULE[cma] = YULE[hko]
1997222N11246  ,               ,bep101997 ,HILDA[hurdat_epa] = bep101997[jtwc_ep] = bep101997[atcf]
1997225N09186  ,               ,bwp161997 ,bwp161997[jtwc_wp]
1997229N19242  ,               ,bep111997 ,IGNACIO[hurdat_epa] = bep111997[jtwc_ep] = bep111997[atcf]
1997232N14136  ,               ,bwp181997 ,bwp181997[jtwc_wp] = AMBER[tokyo] = AMBER[cma] = AMBER[hko]
1997232N17115  ,               ,bwp171997 ,bwp171997[jtwc_wp] = ZITA[tokyo] = ZITA[cma] = ZITA[hko]
1997232N20088  ,               ,none      ,UNNAMED[newdelhi]
1997236N10172  ,               ,bwp191997 ,bwp191997[jtwc_wp] = BING[tokyo] = BING[cma] = BING[hko]
1997238N11227  ,               ,bep121997 ,JIMENA[hurdat_epa] = bep121997[jtwc_ep] = JIMENA[cphc] = bep121997[atcf]
1997238N19112  ,               ,bwp201997 ,bwp201997[jtwc_wp] = CASS[tokyo] = CASS[cma] = CASS[hko]
1997240N12193  ,               ,multiple  ,OLIWA[hurdat_epa] = bcp021997[jtwc_cp] = bwp351997[jtwc_wp] = OLIWA[tokyo] = OLIWA[cphc] = OLIWA[cma] = OLIWA[hko] = bcp021997[atcf]
1997240N20087  ,               ,none      ,UNNAMED[newdelhi]
1997246N11316  ,               ,bal071997 ,ERIKA[hurdat_atl] = bal071997[atcf]
1997247N18248  ,               ,bep131997 ,KEVIN[hurdat_epa] = bep131997[jtwc_ep] = bep131997[atcf]
1997252N10171  ,               ,bwp211997 ,bwp211997[jtwc_wp] = DAVID[tokyo] = DAVID[cma] = DAVID[hko]
1997253N12255  ,               ,bep141997 ,LINDA[hurdat_epa] = bep141997[jtwc_ep] = bep141997[atcf]
1997256N14227  ,               ,bep151997 ,MARTY[hurdat_epa] = bep151997[jtwc_ep] = bep151997[atcf]
1997259N13258  ,               ,bep161997 ,NORA[hurdat_epa] = bep161997[jtwc_ep] = bep161997[atcf]
1997261N13114  ,               ,bwp221997 ,bwp221997[jtwc_wp] = FRITZ[tokyo] = FRITZ[cma] = FRITZ[hko]
1997262N22184  ,               ,bwp231997 ,bwp231997[jtwc_wp] = ELLA[hko]
1997263N14084  ,               ,bio021997 ,bio021997[jtwc_io] = UNNAMED[newdelhi]
1997265N10175  ,               ,bwp241997 ,bwp241997[jtwc_wp] = GINGER[tokyo] = GINGER[cma] = GINGER[hko]
1997270N11265  ,               ,bep171997 ,OLAF[hurdat_epa] = bep171997[jtwc_ep] = bep171997[atcf]
1997270N18111  ,               ,bwp251997 ,bwp251997[jtwc_wp] = HANK[hko]
1997273N13151  ,               ,bwp261997 ,bwp261997[jtwc_wp]
1997277S04170  ,               ,bsh021998 ,bsh021998[jtwc_sh] = LUSI[nadi] = LUSI[wellington] = LUSI[neumann]
1997278N24296  ,               ,bal081997 ,FABIAN[hurdat_atl] = bal081997[atcf]
1997279N12263  ,               ,bep181997 ,PAULINE[hurdat_epa] = bep181997[jtwc_ep] = bep181997[atcf]
1997279N14221  ,               ,bcp031997 ,UNNAMED[hurdat_epa] = bcp031997[jtwc_cp] = THREE-C[cphc] = bcp031997[atcf]
1997283N07177  ,               ,bwp271997 ,bwp271997[jtwc_wp] = IVAN[tokyo] = IVAN[cma] = IVAN[hko]
1997284N04179  ,               ,bwp281997 ,bwp281997[jtwc_wp] = JOAN[tokyo] = JOAN[cma] = JOAN[hko]
1997288N20291  ,               ,bal091997 ,GRACE[hurdat_atl] = bal091997[atcf]
1997296N07176  ,               ,bwp291997 ,bwp291997[jtwc_wp]
1997297S11177  ,               ,bsh031998 ,bsh031998[jtwc_sh] = HSK0398[neumann]
1997298N06140  ,               ,bwp301997 ,bwp301997[jtwc_wp] = LINDA[tokyo] = LINDA[cma] = UNNAMED[newdelhi] = LINDA[hko]
1997299N07169  ,               ,bwp291997 ,bwp291997[jtwc_wp] = KEITH[tokyo] = KETTH[cma] = KEITH[hko]
1997301N09202  ,               ,bcp041997 ,UNNAMED[hurdat_epa] = bcp041997[jtwc_cp] = FOUR-C[cphc] = bcp041997[atcf]
1997302S08199  ,               ,bsh041998 ,bsh041998[jtwc_sh] = MARTIN[nadi] = MARTIN[wellington] = MARTIN[neumann]
1997307N08082  ,               ,bio041997 ,bio041997[jtwc_io] = UNNAMED[newdelhi]
1997308N08069  ,               ,bio031997 ,bio031997[jtwc_io]
1997311N09258  ,               ,bep191997 ,RICK[hurdat_epa] = bep191997[jtwc_ep] = bep191997[atcf]
1997311N10151  ,               ,bwp311997 ,bwp311997[jtwc_wp] = MORT[tokyo] = MORT[cma] = MORT[hko]
1997319S09180  ,               ,bsh051998 ,bsh051998[jtwc_sh] = NUTE[bom] = NUTE[nadi] = NUTE[wellington] = NUTE[neumann]
1997326S09203  ,               ,bsh061998 ,bsh061998[jtwc_sh] = OSEA[nadi] = OSEA[wellington] = OSEA[neumann]
1997333N06194  ,               ,multiple  ,PAKA[hurdat_epa] = bcp051997[jtwc_cp] = bwp361997[jtwc_wp] = PAKA[tokyo] = PAKA -[cphc] = PAKA[cma] = PAKA[hko] = bcp051997[atcf]
1997336S09195  ,               ,bsh071998 ,bsh071998[jtwc_sh] = PAM[nadi] = PAM[wellington] = PAM[neumann]
1997355S05189  ,               ,bsh111998 ,bsh111998[jtwc_sh] = SUSAN[nadi] = SUSAN[wellington] = SUSAN[neumann]
1997359S12129  ,               ,bsh081998 ,bsh081998[jtwc_sh] = SID[bom] = SID[neumann]
1997360S12111  ,               ,bsh091998 ,bsh091998[jtwc_sh] = SELWYN[bom] = SELWYN[neumann]
1998001S09195  ,               ,bsh101998 ,bsh101998[jtwc_sh] = RON[nadi] = RON[wellington] = RON[neumann]
1998002S14151  ,               ,bsh121998 ,bsh121998[jtwc_sh] = KATRINA[bom] = KATRINA[nadi] = KATRINA[wellington] = KATRINA[neumann]
1998016S12043  ,               ,bsh131998 ,bsh131998[jtwc_sh] = A19798[reunion] = HSK1398[neumann]
1998022S15125  ,               ,bsh151998 ,bsh151998[jtwc_sh] = TIFFANY[bom] = TIFFANY[neumann]
1998022S15143  ,               ,bsh141998 ,bsh141998[jtwc_sh] = LES[bom] = LES[neumann]
1998025S12185  ,               ,bsh161998 ,bsh161998[jtwc_sh] = TUI[nadi] = TUI[wellington] = TUI[neumann]
1998030S13194  ,               ,bsh181998 ,bsh181998[jtwc_sh] = VELI[nadi] = VELI[wellington] = VELI[neumann]
1998030S14208  ,               ,bsh171998 ,bsh171998[jtwc_sh] = URSULA[nadi] = URSULA[wellington] = URSALA[neumann]
1998031S12187  ,               ,bsh191998 ,bsh191998[jtwc_sh] = WES[nadi] = WES[wellington] = WES[neumann]
1998032S18036  ,               ,multiple  ,bsh211998[jtwc_sh] = BELTANE[reunion] = HSK2198[neumann] = BELTANE[neumann] = bsh231998[jtwc_sh]
1998036S13066  ,               ,bsh201998 ,bsh201998[jtwc_sh] = ANACELLE[reunion] = ANACELLE[neumann]
1998036S13135  ,               ,bsh221998 ,bsh221998[jtwc_sh] = VICTOR[bom] = VICTOR/CINDY[neumann]
1998045S17042  ,               ,bsh231998 ,bsh231998[jtwc_sh]
1998046S19070  ,               ,bsh241998 ,bsh241998[jtwc_sh] = D19798[reunion] = HSK2498[neumann]
1998056S14139  ,               ,bsh251998 ,bsh251998[jtwc_sh] = MAY[bom] = MAY[neumann]
1998064S09093  ,               ,bsh271998 ,bsh271998[jtwc_sh] = ELSIE[reunion] = ELSIE[neumann]
1998064S13061  ,               ,bsh261998 ,bsh261998[jtwc_sh] = DONALINE[reunion] = DONALINE[neumann]
1998073S11065  ,               ,bsh281998 ,bsh281998[jtwc_sh] = FIONA[reunion] = FIONA[neumann]
1998076S11170  ,               ,bsh291998 ,bsh291998[jtwc_sh] = YALI[nadi] = YALI[wellington] = YALI[neumann]
1998079S10145  ,               ,bsh301998 ,bsh301998[jtwc_sh] = NATHAN[bom] = NATHAN[wellington] = NATHAN[neumann]
1998087S15172  ,               ,bsh311998 ,bsh311998[jtwc_sh] = ZUMAN[nadi] = ZUMAN[wellington] = ZUMAN[neumann]
1998096S13071  ,               ,bsh321998 ,bsh321998[jtwc_sh] = GEMMA[reunion] = GEMMA[neumann]
1998096S16077  ,               ,bsh331998 ,bsh331998[jtwc_sh] = HSK3398[neumann]
1998106S09135  ,               ,bsh351998 ,bsh351998[jtwc_sh] = HSK3598[neumann]
1998107S11084  ,               ,bsh341998 ,bsh341998[jtwc_sh] = HSK3498[neumann]
1998108S10203  ,               ,bsh361998 ,bsh361998[jtwc_sh] = ALAN[nadi] = ALAN[wellington] = ALAN[neumann]
1998120S16220  ,               ,bsh371998 ,bsh371998[jtwc_sh] = BART[nadi] = BART[wellington] = BART[neumann]
1998133N04086  ,               ,bio011998 ,bio011998[jtwc_io] = UNNAMED[newdelhi]
1998147N11061  ,               ,bio021998 ,bio021998[jtwc_io]
1998152N11075  ,               ,bio031998 ,bio031998[jtwc_io] = UNNAMED[newdelhi]
1998161N09261  ,               ,bep011998 ,AGATHA[hurdat_epa] = bep011998[jtwc_ep] = bep011998[atcf]
1998165N18088  ,               ,none      ,UNNAMED[newdelhi]
1998169N12265  ,               ,bep021998 ,UNNAMED[hurdat_epa] = bep021998[jtwc_ep] = bep021998[atcf]
1998173N08266  ,               ,bep031998 ,BLAS[hurdat_epa] = bep031998[jtwc_ep] = bep031998[atcf]
1998187N17132  ,               ,bwp011998 ,bwp011998[jtwc_wp] = UNNAMED[cma]
1998188N18117  ,               ,bwp021998 ,bwp021998[jtwc_wp] = NICHOLE[tokyo] = NICHOLE[cma] = NICHOLE[hko]
1998197N13259  ,               ,bep041998 ,CELIA[hurdat_epa] = bep041998[jtwc_ep] = bep041998[atcf]
1998201S05086  ,               ,bsh011999 ,bsh011999[jtwc_sh] = HSK0199[neumann]
1998203N11253  ,               ,bep051998 ,DARBY[hurdat_epa] = bep051998[jtwc_ep] = DARBY[cphc] = bep051998[atcf]
1998204N17144  ,               ,bwp031998 ,bwp031998[jtwc_wp]
1998209N11335  ,               ,bal011998 ,ALEX[hurdat_atl] = bal011998[atcf]
1998210N14263  ,               ,bep061998 ,ESTELLE[hurdat_epa] = bep061998[jtwc_ep] = ESTELLE[cphc] = bep061998[atcf]
1998213N14128  ,               ,bwp041998 ,bwp041998[jtwc_wp] = OTTO[tokyo] = OTTO[cma] = OTTO[hko]
1998216N09260  ,               ,bep071998 ,FRANK[hurdat_epa] = bep071998[jtwc_ep] = bep071998[atcf]
1998217N10130  ,               ,bwp051998 ,bwp051998[jtwc_wp] = PENNY[tokyo] = PENNY[cma] = PENNY[hko]
1998222N09257  ,               ,multiple  ,GEORGETTE[hurdat_epa] = bep081998[jtwc_ep] = bep211998[jtwc_ep] = bep081998[atcf]
1998228N13218  ,               ,bcp011998 ,UNNAMED[hurdat_epa] = bcp011998[jtwc_cp] = ONE-C[cphc] = bcp011998[atcf]
1998230N11267  ,               ,bep091998 ,HOWARD[hurdat_epa] = bep091998[jtwc_ep] = bep091998[atcf]
1998232N15312  ,               ,bal021998 ,BONNIE[hurdat_atl] = bal021998[atcf]
1998233N18115  ,               ,none      ,UNNAMED[cma] = TD0821[hko]
1998233N25268  ,               ,bal031998 ,CHARLEY[hurdat_atl] = bal031998[atcf]
1998235N17131  ,               ,bwp061998 ,bwp061998[jtwc_wp] = REX[tokyo] = REX[cma] = REX[hko]
1998236N13326  ,               ,bal041998 ,DANIELLE[hurdat_atl] = bal041998[atcf]
1998242N14252  ,               ,bep101998 ,ISIS[hurdat_epa] = bep101998[jtwc_ep] = bep101998[atcf]
1998243N23122  ,               ,bwp071998 ,bwp071998[jtwc_wp] = UNNAMED[cma] = TD0901[hko]
1998244N22267  ,               ,bal051998 ,EARL[hurdat_atl] = bal051998[atcf]
1998249N16256  ,               ,bep111998 ,JAVIER[hurdat_epa] = bep111998[jtwc_ep] = bep111998[atcf]
1998252N26266  ,               ,bal061998 ,FRANCES[hurdat_atl] = bal061998[atcf]
1998253N17150  ,               ,bwp081998 ,bwp081998[jtwc_wp] = STELLA[tokyo] = STELLA[cma] = STELLA[hko]
1998254N20116  ,               ,bwp091998 ,bwp091998[jtwc_wp] = UNNAMED[cma] = TD0911[hko]
1998258N19126  ,               ,bwp101998 ,bwp101998[jtwc_wp] = TODD[tokyo] = TODD[cma] = TODD[hko]
1998259N10335  ,               ,bal071998 ,GEORGES[hurdat_atl] = bal071998[atcf]
1998259N17118  ,               ,bwp111998 ,bwp111998[jtwc_wp] = VICKI[tokyo] = VICKI[cma] = VICKI[hko]
1998260N16110  ,               ,bwp121998 ,bwp121998[jtwc_wp]
1998261N27270  ,               ,bal081998 ,HERMINE[hurdat_atl] = bal081998[atcf]
1998262N13333  ,               ,bal091998 ,IVAN[hurdat_atl] = bal091998[atcf]
1998262N20137  ,               ,bwp131998 ,bwp131998[jtwc_wp] = WALDO[tokyo] = WALDO[cma] = WALDO[hko]
1998264N10343  ,               ,bal101998 ,JEANNE[hurdat_atl] = bal101998[atcf]
1998267N13134  ,               ,bwp141998 ,bwp141998[jtwc_wp] = YANNI[tokyo] = YANNI[cma] = YANNI[hko]
1998267N33295  ,               ,bal111998 ,KARL[hurdat_atl] = bal111998[atcf]
1998271S05084  ,               ,bsh021999 ,bsh021999[jtwc_sh] = HSK0299[neumann]
1998272N18068  ,               ,bio041998 ,bio041998[jtwc_io]
1998274N19254  ,               ,bep121998 ,UNNAMED[hurdat_epa] = bep121998[jtwc_ep] = bep121998[atcf]
1998275N12113  ,               ,bwp151998 ,bwp151998[jtwc_wp] = UNNAMED[cma] = TD1003[hko]
1998277N24122  ,               ,bwp161998 ,bwp161998[jtwc_wp]
1998278N14314  ,               ,bal121998 ,LISA[hurdat_atl] = bal121998[atcf]
1998278N28126  ,               ,bwp171998 ,bwp171998[jtwc_wp]
1998279S10092  ,               ,bsh031999 ,bsh031999[jtwc_sh] = ZELIA[bom] = ZELIA[neumann]
1998280N14069  ,               ,none      ,UNNAMED[newdelhi]
1998281N11151  ,               ,bwp181998 ,bwp181998[jtwc_wp] = ZEB[tokyo] = ZEB[cma] = ZEB[hko]
1998283N13149  ,               ,bwp191998 ,bwp191998[jtwc_wp]
1998283N13268  ,               ,bep151998 ,MADELINE[hurdat_epa] = bep151998[jtwc_ep] = bep151998[atcf]
1998284N13243  ,               ,bep131998 ,KAY[hurdat_epa] = bep131998[jtwc_ep] = bep131998[atcf]
1998285N12149  ,               ,bwp201998 ,bwp201998[jtwc_wp] = BABS[tokyo] = BABS[cma] = BABS[hko]
1998285N14068  ,               ,bio051998 ,bio051998[jtwc_io] = UNNAMED[newdelhi]
1998287N16083  ,               ,none      ,UNNAMED[newdelhi]
1998288N11268  ,               ,bep141998 ,LESTER[hurdat_epa] = bep141998[atcf]
1998295N12284  ,               ,bal131998 ,MITCH[hurdat_atl] = bal131998[atcf]
1998299N11090  ,               ,none      ,UNNAMED[newdelhi]
1998310S10096  ,               ,bsh041999 ,bsh041999[jtwc_sh] = ALISON[bom] = ALISON[neumann]
1998315N09116  ,               ,bwp211998 ,bwp211998[jtwc_wp] = CHIP[tokyo] = CHIP[cma] = CHIP[hko]
1998317N11087  ,               ,bio061998 ,bio061998[jtwc_io] = UNNAMED[newdelhi]
1998320N10102  ,               ,bio071998 ,bio071998[jtwc_io] = UNNAMED[newdelhi]
1998321N11117  ,               ,bwp221998 ,bwp221998[jtwc_wp] = DAWN[tokyo] = DAWN[cma] = DAWN[hko]
1998327N09126  ,               ,bwp231998 ,bwp231998[jtwc_wp] = ELVIS[tokyo] = ELVIS[cma] = ELVIS[hko]
1998328N28332  ,               ,bal141998 ,NICOLE[hurdat_atl] = bal141998[atcf]
1998335S12138  ,               ,bsh061999 ,bsh061999[jtwc_sh] = THELMA[bom] = THELMA[neumann]
1998336S13120  ,               ,bsh051999 ,bsh051999[jtwc_sh] = BILLY[bom] = BILLY[neumann]
1998342N06141  ,               ,bwp241998 ,bwp241998[jtwc_wp] = FAITH[tokyo] = FAITH[cma] = FAITH[hko]
1998343N08114  ,               ,bwp251998 ,bwp251998[jtwc_wp] = GIL[tokyo] = UNNAMED[cma] = GIL[hko]
1998346N10072  ,               ,bio081998 ,bio081998[jtwc_io] = UNNAMED[newdelhi]
1998348S17156  ,               ,bsh071999 ,bsh071999[jtwc_sh] = HSK0799[neumann]
1998351N11125  ,               ,bwp261998 ,bwp261998[jtwc_wp]
1998353N13113  ,               ,bwp271998 ,bwp271998[jtwc_wp]
1998355S14187  ,               ,bsh091999 ,bsh091999[jtwc_sh] = CORA[nadi] = CORA[wellington] = CORA[neumann]
1998355S20210  ,               ,bsh081999 ,bsh081999[jtwc_sh] = HSK0899[neumann]
1998357S11101  ,               ,bsh101999 ,bsh101999[jtwc_sh] = CATHY[bom] = CATHY[neumann]
1999003N05114  ,               ,bwp011999 ,bwp011999[jtwc_wp]
1999005S21040  ,               ,none      ,HSK1199[neumann]
1999013S13164  ,               ,bsh111999 ,bsh111999[jtwc_sh] = DANI[nadi] = DANI[wellington] = DANI[neumann]
1999015S20036  ,               ,bsh121999 ,bsh121999[jtwc_sh] = ALDA[reunion] = ALDA[neumann]
1999020S17158  ,               ,bsh131999 ,bsh131999[jtwc_sh] = OLINDA[bom] = OLINDA[nadi] = OLINDA[wellington] = OLINDA[neumann]
1999021S13113  ,               ,bsh151999 ,bsh151999[jtwc_sh] = DAMIEN[bom] = BIRENDA[reunion] = DAMIEN/BIREN[neumann]
1999021S15149  ,               ,bsh141999 ,bsh141999[jtwc_sh] = PETE[bom] = PETE[nadi] = PETE[wellington] = PETE[neumann]
1999024S11138  ,               ,bsh161999 ,bsh161999[jtwc_sh] = HSK1799[neumann]
1999029S14096  ,               ,bsh171999 ,bsh171999[jtwc_sh] = CHIKITA[reunion] = CHIKITA[neumann]
1999031N08092  ,               ,bio011999 ,bio011999[jtwc_io] = UNNAMED[newdelhi]
1999033S14118  ,               ,bsh181999 ,bsh181999[jtwc_sh] = HSK1999[neumann]
1999040S13160  ,               ,bsh191999 ,bsh191999[jtwc_sh] = ELLA[nadi] = ELLA[wellington] = ELLA[neumann]
1999040S15147  ,               ,bsh201999 ,bsh201999[jtwc_sh] = RONA[bom] = RONA[wellington] = RONA[neumann]
1999043S18038  ,               ,bsh211999 ,bsh211999[jtwc_sh] = D19899[reunion] = HSK2299[neumann]
1999045N11138  ,               ,bwp021999 ,bwp021999[jtwc_wp] = IRIS[cma] = IRIS[hko]
1999048S21152  ,               ,bsh221999 ,bsh221999[jtwc_sh] = FRANK[nadi] = FRANK[wellington] = FRANK[neumann]
1999056S20035  ,               ,bsh231999 ,bsh231999[jtwc_sh] = HSK2499[neumann]
1999057S22203  ,               ,bsh241999 ,bsh241999[jtwc_sh] = GITA[wellington] = GITA[neumann]
1999060S10089  ,               ,bsh251999 ,bsh251999[jtwc_sh] = DAVINA[reunion] = DAVINA[neumann]
1999062S12121  ,               ,bsh261999 ,bsh261999[jtwc_sh] = HSK2799[neumann]
1999070S19206  ,               ,bsh271999 ,bsh271999[jtwc_sh] = HALI[nadi] = HALI[wellington] = HALI[neumann]
1999071S15087  ,               ,bsh291999 ,bsh291999[jtwc_sh] = E39899[reunion] = HSK3099[neumann]
1999074S13118  ,               ,bsh281999 ,bsh281999[jtwc_sh] = ELAINE[bom] = ELAINE[neumann]
1999074S13132  ,               ,bsh301999 ,bsh301999[jtwc_sh] = VANCE[bom] = VANCE[neumann]
1999079S16100  ,               ,none      ,HSK3299[neumann]
1999084S12119  ,               ,bsh311999 ,bsh311999[jtwc_sh] = FREDERIC[bom] = EVRINA[reunion] = FREDERIC/EVR[neumann]
1999092S11131  ,               ,bsh321999 ,bsh321999[jtwc_sh] = GWENDA[bom] = GWENDA[neumann]
1999096N10136  ,               ,bwp031999 ,bwp031999[jtwc_wp]
1999107S12090  ,               ,bsh331999 ,bsh331999[jtwc_sh] = HAMISH[bom] = F19899[reunion] = HAMISH[neumann]
1999111N08126  ,               ,bwp041999 ,bwp041999[jtwc_wp] = KATE[tokyo] = KATE[cma] = KATE[hko]
1999116N14114  ,               ,bwp051999 ,bwp051999[jtwc_wp] = LEO[tokyo] = LEO[cma] = LEO[hko]
1999135N12073  ,               ,bio021999 ,bio021999[jtwc_io] = UNNAMED[newdelhi]
1999140S16157  ,               ,none      ,26F[wellington]
1999151N09132  ,               ,bwp061999 ,bwp061999[jtwc_wp] = MAGGIE[tokyo] = MAGGIE[cma] = MAGGIE[hko]
1999155N15117  ,               ,none      ,UNNAMED[cma]
1999159N18091  ,               ,bio031999 ,bio031999[jtwc_io]
1999163N27302  ,               ,bal011999 ,ARLENE[hurdat_atl] = bal011999[atcf]
1999168N19086  ,               ,none      ,UNNAMED[newdelhi]
1999169N13264  ,               ,bep011999 ,ADRIAN[hurdat_epa] = bep011999[jtwc_ep] = bep011999[atcf]
1999184N20265  ,               ,bal021999 ,UNNAMED[hurdat_atl] = bal021999[atcf]
1999189N12263  ,               ,bep021999 ,BEATRIZ[hurdat_epa] = bep021999[jtwc_ep] = bep021999[atcf]
1999191N26129  ,               ,none      ,UNNAMED[cma]
1999193N16269  ,               ,bep031999 ,UNNAMED[hurdat_epa] = bep031999[jtwc_ep] = bep031999[atcf]
1999195N24156  ,               ,bwp071999 ,bwp071999[jtwc_wp] = UNNAMED[tokyo] = UNNAMED[cma] = TD0715[hko]
1999201N25134  ,               ,bwp081999 ,bwp081999[jtwc_wp] = TD0721[hko]
1999202N10241  ,               ,bep041999 ,UNNAMED[hurdat_epa] = bep041999[jtwc_ep] = FOUR-E[cphc] = bep041999[atcf]
1999203N17129  ,               ,bwp091999 ,bwp091999[jtwc_wp] = NEIL[tokyo] = NEIL[cma] = NEIL[hko]
1999204N17117  ,               ,bwp101999 ,bwp101999[jtwc_wp] = UNNAMED[tokyo] = UNNAMED[cma] = TS0725[hko]
1999205N11254  ,               ,bep051999 ,CALVIN[hurdat_epa] = bep051999[jtwc_ep] = bep051999[atcf]
1999208N06139  ,               ,bwp111999 ,bwp111999[jtwc_wp] = OLGA[tokyo] = OLGA[cma] = OLGA[hko]
1999208N14234  ,               ,bep061999 ,UNNAMED[hurdat_epa] = bep061999[jtwc_ep] = bep061999[atcf]
1999208N21089  ,               ,none      ,UNNAMED[newdelhi]
1999213N12144  ,               ,bwp121999 ,bwp121999[jtwc_wp] = PAUL[tokyo] = PAUL[cma] = PAUL[hko]
1999217N11265  ,               ,bep071999 ,DORA[hurdat_epa] = bep071999[jtwc_ep] = DORA[tokyo] = DORA[cphc] = DORA[cma] = DORA[hko] = bep071999[atcf]
1999218N12241  ,               ,bep081999 ,EUGENE[hurdat_epa] = bep081999[jtwc_ep] = EUGENE[cphc] = bep081999[atcf]
1999218N21116  ,               ,bwp131999 ,bwp131999[jtwc_wp] = RACHEL[tokyo] = RACHEL[cma] = RACHEL[hko]
1999219N21089  ,               ,none      ,UNNAMED[newdelhi]
1999219N25142  ,               ,bwp141999 ,bwp141999[jtwc_wp]
1999225N12247  ,               ,bep091999 ,UNNAMED[hurdat_epa] = bep091999[jtwc_ep] = bep091999[atcf]
1999228N10252  ,               ,bep101999 ,FERNANDA[hurdat_epa] = bep101999[jtwc_ep] = bep101999[atcf]
1999228N31128  ,               ,bwp151999 ,bwp151999[jtwc_wp]
1999230N12129  ,               ,bwp161999 ,bwp161999[jtwc_wp] = SAM[tokyo] = SAM[cma] = SAM[hko]
1999231N14341  ,               ,bal041999 ,CINDY[hurdat_atl] = bal041999[atcf]
1999231N20266  ,               ,bal031999 ,BRET[hurdat_atl] = bal031999[atcf]
1999231N30181  ,               ,bwp171999 ,bwp171999[jtwc_wp] = TANYA[tokyo] = TANYA[cma] = TANYA[hko]
1999233N32152  ,               ,bwp181999 ,bwp181999[jtwc_wp]
1999234N16251  ,               ,bep111999 ,UNNAMED[hurdat_epa] = bep111999[jtwc_ep] = bep111999[atcf]
1999235N27140  ,               ,bwp191999 ,bwp191999[jtwc_wp] = VIRGIL[tokyo] = VIRGIL[cma] = VIRGIL[hko]
1999236N12306  ,               ,bal061999 ,EMILY[hurdat_atl] = bal061999[atcf]
1999236N22292  ,               ,bal051999 ,DENNIS[hurdat_atl] = bal051999[atcf]
1999241N12133  ,               ,bwp201999 ,bwp201999[jtwc_wp] = WENDY[tokyo] = WENDY[cma] = WENDY[hko]
1999248N17256  ,               ,bep121999 ,GREG[hurdat_epa] = bep121999[jtwc_ep] = bep121999[atcf]
1999249N22264  ,               ,bal071999 ,UNNAMED[hurdat_atl] = bal071999[atcf]
1999251N15314  ,               ,bal081999 ,FLOYD[hurdat_atl] = bal081999[atcf]
1999253N17124  ,               ,bwp211999 ,bwp211999[jtwc_wp] = YORK[tokyo] = YORK[cma] = YORK[hko]
1999254N18142  ,               ,bwp221999 ,bwp221999[jtwc_wp] = ZIA[tokyo] = ZIA[cma] = ZIA[hko]
1999255N13336  ,               ,bal091999 ,GERT[hurdat_atl] = bal091999[atcf]
1999258N25128  ,               ,bwp231999 ,bwp231999[jtwc_wp] = ANN[tokyo] = ANN[cma] = ANN[hko]
1999260N15255  ,               ,bep131999 ,HILARY[hurdat_epa] = bep131999[jtwc_ep] = bep131999[atcf]
1999260N20130  ,               ,bwp241999 ,bwp241999[jtwc_wp] = BART[tokyo] = BART[cma] = BART[hko]
1999262N25272  ,               ,bal101999 ,HARVEY[hurdat_atl] = bal101999[atcf]
1999266N18113  ,               ,bwp251999 ,bwp251999[jtwc_wp] = CAM[tokyo] = CAM[cma] = CAM[hko]
1999275N16135  ,               ,bwp261999 ,bwp261999[jtwc_wp] = DAN[tokyo] = DAN[cma] = DAN[hko]
1999277N20266  ,               ,bal111999 ,UNNAMED[hurdat_atl] = bal111999[atcf]
1999279N14315  ,               ,bal121999 ,UNNAMED[hurdat_atl] = bal121999[atcf]
1999281N16255  ,               ,bep141999 ,IRWIN[hurdat_epa] = bep141999[jtwc_ep] = bep141999[atcf]
1999286N16278  ,               ,bal131999 ,IRENE[hurdat_atl] = bal131999[atcf]
1999288N12129  ,               ,bwp271999 ,bwp271999[jtwc_wp] = EVE[tokyo] = EVE[cma] = EVE[hko]
1999288N15093  ,               ,bio041999 ,bio041999[jtwc_io] = UNNAMED[newdelhi]
1999291N10309  ,               ,bal141999 ,JOSE[hurdat_atl] = bal141999[atcf]
1999298N12099  ,               ,bio051999 ,bio051999[jtwc_io] = UNNAMED[newdelhi]
1999302N11279  ,               ,bal151999 ,KATRINA[hurdat_atl] = bal151999[atcf]
1999309N18147  ,               ,bwp281999 ,bwp281999[jtwc_wp]
1999310N09138  ,               ,bwp291999 ,bwp291999[jtwc_wp] = FRANKIE[cma] = FRANKIE[hko]
1999315N13127  ,               ,bwp301999 ,bwp301999[jtwc_wp] = GLORIA[tokyo] = GLORIA[cma] = GLORIA[hko]
1999318N17278  ,               ,bal161999 ,LENNY[hurdat_atl] = bal161999[atcf]
1999334N11118  ,               ,bwp311999 ,bwp311999[jtwc_wp]
1999342N08116  ,               ,bwp321999 ,bwp321999[jtwc_wp] = UNNAMED[cma]
1999342N10089  ,               ,none      ,UNNAMED[newdelhi]
1999343S09095  ,               ,bsh012000 ,bsh012000[jtwc_sh] = ILSA[bom] = ILSA[neumann]
1999343S11123  ,               ,bsh022000 ,bsh022000[jtwc_sh] = JOHN[bom] = JOHN[neumann]
1999348N12115  ,               ,bwp331999 ,bwp331999[jtwc_wp] = UNNAMED[cma] = TD1214[hko]
1999357S08076  ,               ,bsh032000 ,bsh032000[jtwc_sh] = ASTRIDE[reunion] = ASTRIDE[neumann]
2000003S13082  ,               ,bsh042000 ,bsh042000[jtwc_sh] = BABIOLA[reunion] = BABIOLA[neumann]
2000006S15164  ,               ,bsh052000 ,bsh052000[jtwc_sh] = IRIS[nadi] = IRIS[wellington] = IRIS[neumann]
2000018S15190  ,               ,none      ,TD[wellington]
2000019S11127  ,               ,bsh062000 ,bsh062000[jtwc_sh] = UNNAMED[neumann]
2000023S15172  ,               ,bsh072000 ,bsh072000[jtwc_sh] = JO[nadi] = JO[wellington] = JO[neumann]
2000024S12100  ,               ,bsh092000 ,bsh092000[jtwc_sh] = KIRRILY[bom] = KIRRILY[neumann]
2000025S15056  ,               ,bsh082000 ,bsh082000[jtwc_sh] = CONNIE[reunion] = CONNIE[neumann]
2000031S11074  ,               ,bsh102000 ,bsh102000[jtwc_sh] = DAMIENNE[reunion] = DAMIENNE[neumann]
2000032S11116  ,               ,bsh112000 ,bsh112000[jtwc_sh] = LEON[bom] = ELINE[reunion] = LEONE/ELINE[neumann]
2000045S14100  ,               ,none      ,MARCIA[bom] = MARCIA[neumann]
2000050S13078  ,               ,bsh122000 ,bsh122000[jtwc_sh] = FELICIA[reunion] = FELICIA[neumann]
2000055S23227  ,               ,bsh132000 ,bsh132000[jtwc_sh] = KIM[nadi] = KIM[wellington] = KIM[neumann]
2000056S17152  ,               ,bsh142000 ,bsh142000[jtwc_sh] = STEVE[bom] = STEVE[wellington] = STEVE[neumann]
2000058S14063  ,               ,bsh152000 ,bsh152000[jtwc_sh] = GLORIA[reunion] = GLORIA[neumann]
2000060S12086  ,               ,bsh172000 ,bsh172000[jtwc_sh] = 0919992000[reunion] = TS17S[neumann] = HSK1899[neumann]
2000060S17123  ,               ,bsh162000 ,bsh162000[jtwc_sh] = NORMAN[bom] = NORMAN[neumann]
2000064S19209  ,               ,bsh182000 ,bsh182000[jtwc_sh] = LEO[nadi] = LEO[wellington] = TS18S(LEO)[neumann]
2000067S15189  ,               ,bsh192000 ,bsh192000[jtwc_sh] = MONA[nadi] = MONA[wellington] = HR19S(MONA)[neumann]
2000075S17119  ,               ,bsh202000 ,bsh202000[jtwc_sh] = OLGA[bom] = OLGA[neumann]
2000083S17102  ,               ,bsh212000 ,bsh212000[jtwc_sh] = HUDAH[bom] = HUDAH[reunion] = HUDAH[neumann]
2000088N08090  ,               ,none      ,UNNAMED[newdelhi]
2000089S20168  ,               ,bsh232000 ,bsh232000[jtwc_sh] = VAUGHAN[bom] = VAUGHAN[wellington] = VAUGHAN[neumann]
2000091S14156  ,               ,bsh222000 ,bsh222000[jtwc_sh] = TESSI[bom] = TESSI[wellington] = TESSI[neumann]
2000099S28037  ,               ,none      ,1319992000[reunion]
2000102S13128  ,               ,bsh242000 ,bsh242000[jtwc_sh] = PAUL[bom] = PAUL[neumann]
2000103S10095  ,               ,bsh262000 ,bsh262000[jtwc_sh] = INNOCENTE[reunion] = INNOCENTE[neumann]
2000104S17182  ,               ,bsh252000 ,bsh252000[jtwc_sh] = NEIL[nadi] = NEIL[wellington] = NEIL[neumann]
2000105S09127  ,               ,bsh272000 ,bsh272000[jtwc_sh] = ROSITA[bom] = ROSITA[neumann]
2000125N06136  ,               ,bwp012000 ,bwp012000[jtwc_wp] = DAMREY[tokyo] = DAMREY[cma] = DAMREY[hko]
2000138N16119  ,               ,bwp022000 ,bwp022000[jtwc_wp] = LONGWANG[tokyo] = LONGWANG[cma] = LONGWANG[hko]
2000141N18116  ,               ,bwp032000 ,bwp032000[jtwc_wp] = UNNAMED[cma] = TD0521[hko]
2000142N12262  ,               ,bep012000 ,ALETTA[hurdat_epa] = bep012000[jtwc_ep] = bep012000[atcf]
2000150N11117  ,               ,bwp042000 ,bwp042000[jtwc_wp] = UNNAMED[cma]
2000160N21267  ,               ,bal012000 ,UNNAMED[hurdat_atl] = bal012000[atcf]
2000164N12256  ,               ,bep022000 ,BUD[hurdat_epa] = bep022000[jtwc_ep] = bep022000[atcf]
2000169N17114  ,               ,none      ,UNNAMED[cma]
2000170N10268  ,               ,bep032000 ,CARLOTTA[hurdat_epa] = bep032000[jtwc_ep] = bep032000[atcf]
2000175N09340  ,               ,bal022000 ,UNNAMED[hurdat_atl] = bal022000[atcf]
2000184N13133  ,               ,bwp052000 ,bwp052000[jtwc_wp] = KIROGI[tokyo] = KIROGI[cma] = KIROGI[hko]
2000185N15117  ,               ,bwp062000 ,bwp062000[jtwc_wp] = KAI-TAK[tokyo] = KAI-TAK[cma] = KAI-TAK[hko]
2000187N12245  ,               ,bep042000 ,UNNAMED[hurdat_epa] = bep042000[jtwc_ep] = bep042000[atcf]
2000193N10131  ,               ,multiple  ,bwp072000[jtwc_wp] = UNNAMED[cma] = TD0715[hko] = bwp082000[jtwc_wp]
2000196N16122  ,               ,bwp072000 ,bwp072000[jtwc_wp]
2000199N20145  ,               ,bwp092000 ,bwp092000[jtwc_wp] = TEMBIN[tokyo] = TEMBIN[cma] = TEMBIN[hko]
2000201N11224  ,               ,bcp012000 ,UPANA[hurdat_epa] = bcp012000[jtwc_cp] = UPANA[cphc] = bcp012000[atcf]
2000202N12131  ,               ,multiple  ,bwp102000[jtwc_wp] = BOLAVEN[hko] = bwp112000[jtwc_wp] = BOLAVEN[tokyo] = BOLAVEN[cma]
2000203N17249  ,               ,bep052000 ,UNNAMED[hurdat_epa] = bep052000[jtwc_ep] = bep052000[atcf]
2000205N10260  ,               ,bep062000 ,DANIEL[hurdat_epa] = bep062000[jtwc_ep] = DANIEL[cphc] = bep062000[atcf]
2000206N11266  ,               ,bep072000 ,EMILIA[hurdat_epa] = bep072000[jtwc_ep] = bep072000[atcf]
2000209N06182  ,               ,bwp122000 ,bwp122000[jtwc_wp] = CHANCHU[tokyo] = CHANCHU[cma] = CHANCHU[hko]
2000214N22155  ,               ,bwp132000 ,bwp132000[jtwc_wp] = JELAWAT[tokyo] = JELAWAT[cma] = JELAWAT[hko]
2000214S06080  ,               ,bsh012001 ,bsh012001[jtwc_sh] = HSK0101[neumann]
2000215N15254  ,               ,bep082000 ,FABIO[hurdat_epa] = bep082000[jtwc_ep] = bep082000[atcf]
2000217N11342  ,               ,bal032000 ,ALBERTO[hurdat_atl] = bal032000[atcf]
2000217N12260  ,               ,bep092000 ,GILMA[hurdat_epa] = bep092000[jtwc_ep] = bep092000[atcf]
2000220N24149  ,               ,bwp142000 ,bwp142000[jtwc_wp]
2000222N14143  ,               ,bwp152000 ,bwp152000[jtwc_wp] = EWINIAR[tokyo] = EWINIAR[cma] = EWINIAR[hko]
2000222N28286  ,               ,bal042000 ,UNNAMED[hurdat_atl] = bal042000[atcf]
2000223N18257  ,               ,bep102000 ,HECTOR[hurdat_epa] = bep102000[jtwc_ep] = bep102000[atcf]
2000226N16258  ,               ,bep112000 ,ILEANA[hurdat_epa] = bep112000[jtwc_ep] = bep112000[atcf]
2000227N23267  ,               ,bal052000 ,BERYL[hurdat_atl] = bal052000[atcf]
2000228N31180  ,               ,multiple  ,WENE[hurdat_epa] = bcp022000[jtwc_cp] = bwp162000[jtwc_wp] = WENE[cphc] = bcp022000[atcf]
2000230N08139  ,               ,bwp182000 ,bwp182000[jtwc_wp] = BILIS[tokyo] = BILIS[cma] = BILIS[hko]
2000230N30169  ,               ,bwp172000 ,bwp172000[jtwc_wp]
2000231N14308  ,               ,bal062000 ,CHRIS[hurdat_atl] = bal062000[atcf]
2000232N12116  ,               ,bwp192000 ,bwp192000[jtwc_wp] = KAEMI[tokyo] = KAEMI[cma] = KAEMI[hko]
2000233N12316  ,               ,bal072000 ,DEBBY[hurdat_atl] = bal072000[atcf]
2000236N17084  ,               ,none      ,UNNAMED[newdelhi]
2000237N08138  ,               ,bwp202000 ,bwp202000[jtwc_wp] = PRAPIROON[tokyo] = PRAPIROON[cma] = PRAPIROON[hko]
2000240N22115  ,               ,bwp212000 ,bwp212000[jtwc_wp] = MARIA[tokyo] = MARIA[cma] = MARIA[hko]
2000241N15223  ,               ,bep122000 ,JOHN[hurdat_epa] = bep122000[jtwc_ep] = JOHN[cphc] = bep122000[atcf]
2000244N13229  ,               ,bep132000 ,KRISTY[hurdat_epa] = bep132000[jtwc_ep] = bep132000[atcf]
2000245N14157  ,               ,bwp222000 ,bwp222000[jtwc_wp] = SAOMAI[tokyo] = SAOMAI[cma] = SAOMAI[hko]
2000246N15315  ,               ,bal082000 ,ERNESTO[hurdat_atl] = bal082000[atcf]
2000248N17117  ,               ,bwp232000 ,bwp232000[jtwc_wp] = WUKONG[tokyo] = WUKONG[cma] = WUKONG[hko]
2000248N18126  ,               ,bwp242000 ,bwp242000[jtwc_wp] = BOPHA[tokyo] = BOPHA[cma] = BOPHA[hko]
2000249N15258  ,               ,bep142000 ,LANE[hurdat_epa] = bep142000[jtwc_ep] = bep142000[atcf]
2000253N28267  ,               ,bal092000 ,UNNAMED[hurdat_atl] = bal092000[atcf]
2000255N31289  ,               ,bal102000 ,FLORENCE[hurdat_atl] = bal102000[atcf]
2000258N22138  ,               ,bwp252000 ,bwp252000[jtwc_wp] = SONAMU[tokyo] = SONAMU[cma] = SONAMU[hko]
2000259N20273  ,               ,bal112000 ,GORDON[hurdat_atl] = bal112000[atcf]
2000260N15178  ,               ,bwp262000 ,bwp262000[jtwc_wp] = SHANSHAN[tokyo] = SHANSHAN[cma] = SHANSHAN[hko]
2000260N15308  ,               ,bal122000 ,HELENE[hurdat_atl] = bal122000[atcf]
2000260N19253  ,               ,bep152000 ,MIRIAM[hurdat_epa] = bep152000[jtwc_ep] = bep152000[atcf]
2000264N17257  ,               ,bep162000 ,NORMAN[hurdat_epa] = bep162000[jtwc_ep] = bep162000[atcf]
2000266N12337  ,               ,bal132000 ,ISAAC[hurdat_atl] = bal132000[atcf]
2000270N11330  ,               ,bal142000 ,JOYCE[hurdat_atl] = bal142000[atcf]
2000272N24165  ,               ,bwp272000 ,bwp272000[jtwc_wp] = TD0928[hko]
2000273N16277  ,               ,bal152000 ,KEITH[hurdat_atl] = bal152000[atcf]
2000277N15257  ,               ,bep172000 ,OLIVIA[hurdat_epa] = bep172000[jtwc_ep] = bep172000[atcf]
2000279N29279  ,               ,bal162000 ,LESLIE[hurdat_atl] = bal162000[atcf]
2000281N11111  ,               ,bwp282000 ,bwp282000[jtwc_wp] = UNNAMED[cma] = TD1007[hko]
2000289N15089  ,               ,bio012000 ,bio012000[jtwc_io] = UNNAMED[newdelhi]
2000290N30289  ,               ,bal172000 ,MICHAEL[hurdat_atl] = bal172000[atcf]
2000294N26300  ,               ,bal182000 ,NADINE[hurdat_atl] = bal182000[atcf]
2000295N20146  ,               ,bwp292000 ,bwp292000[jtwc_wp] = YAGI[tokyo] = YAGI[cma] = YAGI[hko]
2000299N08139  ,               ,bwp302000 ,bwp302000[jtwc_wp] = XANGSANE[tokyo] = XANGSANE[cma] = XANGSANE[hko]
2000299N10252  ,               ,bep182000 ,PAUL[hurdat_epa] = bep182000[jtwc_ep] = bep182000[atcf]
2000299N13093  ,               ,bio022000 ,bio022000[jtwc_io] = UNNAMED[newdelhi]
2000299N22291  ,               ,bal192000 ,UNNAMED[hurdat_atl] = bal192000[atcf]
2000305N06136  ,               ,bwp312000 ,bwp312000[jtwc_wp] = BEBINCA[tokyo] = BEBINCA[cma] = BEBINCA[hko]
2000309N10270  ,               ,bep192000 ,ROSA[hurdat_epa] = bep192000[jtwc_ep] = bep192000[atcf]
2000313N18126  ,               ,bwp322000 ,bwp322000[jtwc_wp] = TD1109[hko]
2000315S08083  ,               ,bsh022001 ,bsh022001[jtwc_sh] = HSK0201[neumann]
2000331N09092  ,               ,bio032000 ,bio032000[jtwc_io] = UNNAMED[newdelhi]
2000332N08133  ,               ,bwp332000 ,bwp332000[jtwc_wp] = RUMBIA[tokyo] = RUMBIA[cma] = RUMBIA[hko] = TD1205[hko]
2000333S11140  ,               ,bsh032001 ,bsh032001[jtwc_sh] = SAM[bom] = SAM[neumann]
2000334N08130  ,               ,none      ,RUMBIA[cma] = RUMBIA[hko]
2000349S23190  ,               ,none      ,01F[wellington]
2000358N08086  ,               ,bio042000 ,bio042000[jtwc_io] = UNNAMED[newdelhi]
2000364N07130  ,               ,bwp342000 ,bwp342000[jtwc_wp] = SOULIK[tokyo] = SOULIK[cma] = SOULIK[hko]
2000366S09068  ,               ,bsh042001 ,bsh042001[jtwc_sh] = ANDO[reunion] = ANDO[neumann]
2001003S09091  ,               ,bsh052001 ,bsh052001[jtwc_sh] = BINDU[reunion] = BINDU[neumann]
2001005S12136  ,               ,none      ,UNNAMED[bom]
2001018S12086  ,               ,bsh062001 ,bsh062001[jtwc_sh] = CHARLY[reunion] = CHARLY[neumann]
2001028S15128  ,               ,bsh072001 ,bsh072001[jtwc_sh] = TERRI[bom] = TERRI[neumann]
2001031S13072  ,               ,none      ,0720002001[reunion]
2001039S11139  ,               ,bsh082001 ,bsh082001[jtwc_sh] = WINSOME[bom] = WINSOME[neumann]
2001039S13117  ,               ,bsh092001 ,bsh092001[jtwc_sh] = VINCENT[bom] = VINCENT[neumann]
2001045S14142  ,               ,none      ,WYLVA[bom] = WYLVA[neumann]
2001047N09134  ,               ,bwp012001 ,bwp012001[jtwc_wp]
2001047S17157  ,               ,bsh102001 ,bsh102001[jtwc_sh] = TC07F[wellington] = HSK1101[neumann]
2001049S17198  ,               ,bsh112001 ,bsh112001[jtwc_sh] = OMA[nadi] = OMA[wellington] = HSK1201(OMA)[neumann]
2001054S15155  ,               ,bsh122001 ,bsh122001[jtwc_sh] = ABIGAIL[bom] = ABIGAIL[neumann]
2001056S11163  ,               ,bsh132001 ,bsh132001[jtwc_sh] = PAULA[nadi] = PAULA[wellington] = PAULA[neumann]
2001060S19223  ,               ,bsh142001 ,bsh142001[jtwc_sh] = RITA[nadi] = RITA[wellington] = RITA[neumann]
2001064S10052  ,               ,bsh152001 ,bsh152001[jtwc_sh] = DERA[reunion] = DERA[neumann]
2001091S11111  ,               ,bsh172001 ,bsh172001[jtwc_sh] = WALTER[bom] = WALTER[neumann]
2001091S13094  ,               ,bsh162001 ,bsh162001[jtwc_sh] = 1020002001[reunion] = HSK1701[neumann]
2001093S10062  ,               ,bsh182001 ,bsh182001[jtwc_sh] = EVARISTE[reunion] = EVARISTE[neumann]
2001094S12172  ,               ,bsh192001 ,bsh192001[jtwc_sh] = SOSE[nadi] = SOSE[wellington] = SOSE[neumann]
2001106N04138  ,               ,bwp022001 ,bwp022001[jtwc_wp]
2001106S08137  ,               ,bsh202001 ,bsh202001[jtwc_sh] = ALISTAIR[bom] = ALISTAIR[neumann]
2001125N05129  ,               ,bwp032001 ,bwp032001[jtwc_wp] = CIMARON[tokyo] = CIMARON[cma] = CIMARON[hko]
2001141N14068  ,               ,bio012001 ,bio012001[jtwc_io] = UNNAMED[newdelhi]
2001146N14259  ,               ,bep012001 ,ADOLPH[hurdat_epa] = bep012001[atcf]
2001157N28265  ,               ,bal012001 ,ALLISON[hurdat_atl] = bal012001[atcf]
2001163N20087  ,               ,none      ,UNNAMED[newdelhi]
2001170N11138  ,               ,bwp042001 ,bwp042001[jtwc_wp] = CHEBI[tokyo] = CHEBI[cma] = CHEBI[hko]
2001171N12234  ,               ,bep022001 ,BARBARA[hurdat_epa] = BARBARA[cphc] = bep022001[atcf]
2001171S35037  ,               ,bsh212001 ,bsh212001[jtwc_sh] = 1120002001[reunion] = HSK2201[neumann]
2001180N15118  ,               ,bwp052001 ,bwp052001[jtwc_wp] = DURIAN[tokyo] = DURIAN[cma] = DURIAN[hko]
2001181N08141  ,               ,bwp062001 ,bwp062001[jtwc_wp] = UTOR[tokyo] = UTOR[cma] = UTOR[hko]
2001189N13130  ,               ,bwp072001 ,bwp072001[jtwc_wp] = TRAMI[tokyo] = TRAMI[cma] = TRAMI[hko]
2001192N21177  ,               ,bwp082001 ,bwp082001[jtwc_wp]
2001193N11318  ,               ,bal022001 ,UNNAMED[hurdat_atl] = bal022001[atcf]
2001194N15252  ,               ,bep032001 ,COSME[hurdat_epa] = bep032001[atcf]
2001202N11266  ,               ,bep052001 ,DALILA[hurdat_epa] = bep052001[atcf]
2001202N14243  ,               ,bep042001 ,ERICK[hurdat_epa] = bep042001[atcf]
2001202N23152  ,               ,bwp092001 ,bwp092001[jtwc_wp] = KONG-REY[tokyo] = KONG-REY[cma] = KONG-REY[hko]
2001204N19127  ,               ,bwp102001 ,bwp102001[jtwc_wp] = YUTU[tokyo] = YUTU[cma] = YUTU[hko]
2001206N14134  ,               ,bwp112001 ,bwp112001[jtwc_wp] = TORAJI[tokyo] = TORAJI[cma] = TORAJI[hko]
2001212N10158  ,               ,bwp122001 ,bwp122001[jtwc_wp] = MAN-YI[tokyo] = MAN-YI[cma] = MAN-YI[hko]
2001213N18139  ,               ,none      ,UNNAMED[cma]
2001215N26275  ,               ,bal032001 ,BARRY[hurdat_atl] = bal032001[atcf]
2001220N17118  ,               ,bwp132001 ,bwp132001[jtwc_wp] = USAGI[tokyo] = USAGI[cma] = USAGI[hko]
2001225N18146  ,               ,bwp142001 ,bwp142001[jtwc_wp] = PABUK[tokyo] = PABUK[cma] = PABUK[hko]
2001227N13323  ,               ,bal042001 ,CHANTAL[hurdat_atl] = bal042001[atcf]
2001228N15118  ,               ,none      ,UNNAMED[cma]
2001235N17225  ,               ,bep062001 ,UNNAMED[hurdat_epa] = bep062001[atcf]
2001235N18296  ,               ,bal052001 ,DEAN[hurdat_atl] = bal052001[atcf]
2001236N21161  ,               ,bwp152001 ,bwp152001[jtwc_wp]
2001238N16139  ,               ,bwp162001 ,bwp162001[jtwc_wp] = WUTIP[tokyo] = WUTIP[cma] = WUTIP[hko]
2001238N18162  ,               ,bwp172001 ,bwp172001[jtwc_wp] = SEPAT[tokyo] = SEPAT[cma] = SEPAT[hko]
2001238N19252  ,               ,bep072001 ,FLOSSIE[hurdat_epa] = bep072001[atcf]
2001239N19116  ,               ,bwp182001 ,bwp182001[jtwc_wp] = FITOW[tokyo] = FITOW[cma] = FITOW[hko]
2001245N13326  ,               ,bal062001 ,ERIN[hurdat_atl] = bal062001[atcf]
2001246N19156  ,               ,bwp192001 ,bwp192001[jtwc_wp] = DANAS[tokyo] = DANAS[cma] = DANAS[hko]
2001247N15237  ,               ,bep082001 ,GIL[hurdat_epa] = bep082001[atcf]
2001248N17251  ,               ,bep092001 ,HENRIETTE[hurdat_epa] = bep092001[atcf]
2001248N23125  ,               ,bwp202001 ,bwp202001[jtwc_wp] = NARI[tokyo] = NARI[cma] = NARI[hko]
2001251N14332  ,               ,bal072001 ,FELIX[hurdat_atl] = bal072001[atcf]
2001253N13213  ,               ,bcp012001 ,UNNAMED[hurdat_epa] = ONE-C[cphc] = bcp012001[atcf]
2001254N15261  ,               ,bep102001 ,IVO[hurdat_epa] = bep102001[atcf]
2001255N26276  ,               ,bal082001 ,GABRIELLE[hurdat_atl] = bal082001[atcf]
2001259N20138  ,               ,bwp212001 ,bwp212001[jtwc_wp] = VIPA[tokyo] = VIPA[cma] = VIPA[hko]
2001260N14167  ,               ,bwp222001 ,bwp222001[jtwc_wp] = FRANCISCO[tokyo] = FRANCISCO[cma] = FRANCISCO[hko]
2001263N13278  ,               ,bal092001 ,UNNAMED[hurdat_atl] = bal092001[atcf]
2001264N13269  ,               ,bep112001 ,JULIETTE[hurdat_epa] = bep112001[atcf]
2001264N21126  ,               ,bwp232001 ,bwp232001[jtwc_wp] = LEKIMA[tokyo] = LEKIMA[cma] = LEKIMA[hko]
2001265N16244  ,               ,bep122001 ,KIKO[hurdat_epa] = bep122001[atcf]
2001265N25296  ,               ,bal102001 ,HUMBERTO[hurdat_atl] = bal102001[atcf]
2001266N10217  ,               ,bcp022001 ,UNNAMED[hurdat_epa] = TWO-C[cphc] = bcp022001[atcf]
2001267N17070  ,               ,bio022001 ,bio022001[jtwc_io] = UNNAMED[newdelhi]
2001275N12258  ,               ,bep132001 ,LORENA[hurdat_epa] = bep132001[atcf]
2001276N13146  ,               ,bwp242001 ,bwp242001[jtwc_wp] = KROSA[tokyo] = KROSA[cma] = KROSA[hko]
2001276N14240  ,               ,bep142001 ,UNNAMED[hurdat_epa] = bep142001[atcf]
2001277S10082  ,               ,bsh012002 ,bsh012002[jtwc_sh] = TC 01S[neumann]
2001278N12302  ,               ,bal112001 ,IRIS[hurdat_atl] = bal112001[atcf]
2001280N11309  ,               ,bal122001 ,JERRY[hurdat_atl] = bal122001[atcf]
2001281N18071  ,               ,bio032001 ,bio032001[jtwc_io] = UNNAMED[newdelhi]
2001284N14261  ,               ,bep152001 ,MANUEL[hurdat_epa] = bep152001[atcf]
2001284N16132  ,               ,bwp252001 ,bwp252001[jtwc_wp] = HAIYAN[tokyo] = HAIYAN[cma] = HAIYAN[hko]
2001284N28297  ,               ,bal132001 ,KAREN[hurdat_atl] = bal132001[atcf]
2001288N13084  ,               ,none      ,UNNAMED[newdelhi]
2001291N05158  ,               ,bwp262001 ,bwp262001[jtwc_wp] = PODUL[tokyo] = PODUL[cma] = PODUL[hko]
2001294N11235  ,               ,bep162001 ,NARDA[hurdat_epa] = NARDA[cphc] = bep162001[atcf]
2001298S07098  ,               ,bsh022002 ,bsh022002[jtwc_sh] = ALEX[bom] = ANDRE[reunion] = ALEX/ANDRE[neumann]
2001301N27325  ,               ,bal142001 ,LORENZO[hurdat_atl] = bal142001[atcf]
2001303N13276  ,               ,bal152001 ,MICHELLE[hurdat_atl] = bal152001[atcf]
2001304N12237  ,               ,bep172001 ,OCTAVE[hurdat_epa] = bep172001[atcf]
2001308N34310  ,               ,bal162001 ,NOEL[hurdat_atl] = bal162001[atcf]
2001309N10130  ,               ,bwp272001 ,bwp272001[jtwc_wp] = LINGLING[tokyo] = LINGLING[cma] = LINGLING[hko]
2001313N12084  ,               ,bio042001 ,bio042001[jtwc_io] = UNNAMED[newdelhi]
2001320S11146  ,               ,bsh032002 ,bsh032002[jtwc_sh] = UNNAMED[bom] = TC 03S[neumann]
2001321N07148  ,               ,bwp282001 ,bwp282001[jtwc_wp] = UNNAMED[cma] = TD1120[hko]
2001323N05107  ,               ,bwp292001 ,bwp292001[jtwc_wp] = UNNAMED[cma] = TD1121[hko]
2001324S12081  ,               ,bsh042002 ,bsh042002[jtwc_sh] = TC 04S[neumann]
2001327N31309  ,               ,bal172001 ,OLGA[hurdat_atl] = bal172001[atcf]
2001329S06095  ,               ,bsh052002 ,bsh052002[jtwc_sh] = BESSI[bom] = BAKO[reunion] = BESSI/BAKO[neumann]
2001334S21200  ,               ,bsh062002 ,bsh062002[jtwc_sh] = TRINA[nadi] = TRINA[wellington] = TRINA2[wellington] = TRINA[neumann]
2001338N10130  ,               ,bwp302001 ,bwp302001[jtwc_wp] = KAJIKI[tokyo] = KAJIKI[cma] = KAJIKI[hko]
2001345N05155  ,               ,bwp312001 ,bwp312001[jtwc_wp]
2001347N04162  ,               ,bwp332001 ,bwp332001[jtwc_wp] = FAXAI[tokyo] = FAXAI[cma] = FAXAI[hko]
2001357S14203  ,               ,none      ,VICKY[nadi] = VICKY[wellington]
2001361N01106  ,               ,bwp322001 ,bwp322001[jtwc_wp] = VAMEI[tokyo] = VAMEI[hko]
2001363S10185  ,               ,bsh072002 ,bsh072002[jtwc_sh] = WAKA[nadi] = WAKA[wellington] = WAKA[neumann]
2001364S19036  ,               ,bsh082002 ,bsh082002[jtwc_sh] = CYPRIEN[reunion] = CYPRIEN[neumann]
2001365S12138  ,               ,bsh092002 ,bsh092002[jtwc_sh] = BERNIE[bom] = BERNIE[wellington] = BERNIE[neumann]
2002001S09165  ,               ,none      ,05F[wellington]
2002008N07141  ,               ,bwp012002 ,bwp012002[jtwc_wp] = TAPAH[tokyo] = TAPAH[cma] = TAPAH[hko]
2002015S20159  ,               ,none      ,06F[wellington]
2002017S07078  ,               ,bsh102002 ,bsh102002[jtwc_sh] = DINA[reunion] = DINA[neumann]
2002023S10089  ,               ,bsh112002 ,bsh112002[jtwc_sh] = EDDY[reunion] = EDDY[neumann]
2002030S13093  ,               ,bsh122002 ,bsh122002[jtwc_sh] = FRANCESCA[reunion] = FRANCESCA[neumann]
2002033S13121  ,               ,bsh132002 ,bsh132002[jtwc_sh] = CHRIS[bom] = CHRIS[neumann]
2002040S14130  ,               ,none      ,UNNAMED[bom]
2002042S20156  ,               ,bsh142002 ,bsh142002[jtwc_sh] = CLAUDIA[bom] = CLAUDIA[nadi] = CLAUDIA[wellington] = CLAUDIA[neumann]
2002045S18049  ,               ,bsh152002 ,bsh152002[jtwc_sh] = GUILLAUME[reunion] = GUILLAUME[neumann]
2002054S17176  ,               ,bsh162002 ,bsh162002[jtwc_sh] = TC 16P[neumann]
2002057N06156  ,               ,bwp022002 ,bwp022002[jtwc_wp] = MITAG[tokyo] = MITAG[cma] = MITAG[hko]
2002062S15154  ,               ,bsh172002 ,bsh172002[jtwc_sh] = DES[bom] = DES[nadi] = DES[wellington] = DES[neumann]
2002063S11066  ,               ,bsh182002 ,bsh182002[jtwc_sh] = HARY[reunion] = HARY[neumann]
2002073S16161  ,               ,bsh192002 ,bsh192002[jtwc_sh] = 13F[wellington] = TC 19P[neumann]
2002078N04138  ,               ,bwp032002 ,bwp032002[jtwc_wp] = UNNAMED[cma]
2002081S08084  ,               ,bsh202002 ,bsh202002[jtwc_sh] = IKALA[reunion] = IKALA[neumann]
2002096N11155  ,               ,bwp042002 ,bwp042002[jtwc_wp]
2002096S10103  ,               ,bsh212002 ,bsh212002[jtwc_sh] = DIANNE[bom] = JERY[reunion] = DIANNE[neumann]
2002098S07133  ,               ,bsh222002 ,bsh222002[jtwc_sh] = BONNIE[bom] = BONNIE[neumann]
2002122S07063  ,               ,bsh232002 ,bsh232002[jtwc_sh] = KESINY[reunion] = KESINY[neumann]
2002126N09068  ,               ,bio012002 ,bio012002[jtwc_io] = UNNAMED[newdelhi]
2002128S05097  ,               ,bsh242002 ,bsh242002[jtwc_sh] = ERROL[bom] = ERROL[neumann]
2002129N08096  ,               ,bio022002 ,bio022002[jtwc_io] = UNNAMED[newdelhi]
2002133N03150  ,               ,bwp052002 ,bwp052002[jtwc_wp] = HAGIBIS[tokyo] = HAGIBIS[cma] = HAGIBIS[hko]
2002143S07157  ,               ,bsh252002 ,bsh252002[jtwc_sh] = UPIA[bom] = UPIA[wellington] = UPIA[neumann]
2002145N11259  ,               ,bep012002 ,ALMA[hurdat_epa] = bep012002[atcf]
2002146N17113  ,               ,bwp062002 ,bwp062002[jtwc_wp] = UNNAMED[cma]
2002155N20112  ,               ,bwp072002 ,bwp072002[jtwc_wp] = NOGURI[tokyo] = NOGURI[cma] = NOGURI[hko]
2002160N16258  ,               ,bep022002 ,BORIS[hurdat_epa] = bep022002[atcf]
2002178N04155  ,               ,bwp082002 ,bwp082002[jtwc_wp] = CHATAAN[tokyo] = CHATAAN[cma] = CHATAAN[hko]
2002178N10139  ,               ,bwp092002 ,bwp092002[jtwc_wp] = RAMMASUN[tokyo] = RAMMASUN[cma] = RAMMASUN[hko]
2002179N12238  ,               ,bep032002 ,UNNAMED[hurdat_epa] = bep032002[atcf]
2002187N11160  ,               ,bwp102002 ,bwp102002[jtwc_wp] = HALONG[tokyo] = HALONG[cma] = HALONG[hko]
2002189N21116  ,               ,bwp112002 ,bwp112002[jtwc_wp] = NAKRI[tokyo] = NAKRI[cma] = NAKRI[hko]
2002191N12260  ,               ,bep042002 ,CRISTINA[hurdat_epa] = bep042002[atcf]
2002195N11172  ,               ,bwp122002 ,bwp122002[jtwc_wp] = FENGSHEN[tokyo] = FENGSHEN[cma] = FENGSHEN[hko]
2002196N34283  ,               ,bal012002 ,ARTHUR[hurdat_atl] = bal012002[atcf]
2002198N09182  ,               ,bwp152002 ,bwp152002[jtwc_wp] = KALMAEGI[tokyo] = KALMAEGI[cma] = KALMAEGI[hko]
2002199N08130  ,               ,bwp132002 ,bwp132002[jtwc_wp] = UNNAMED[cma] = TD0720[hko]
2002200N21150  ,               ,bwp142002 ,bwp142002[jtwc_wp] = FUNG-WONG[tokyo] = FUNG-WONG[cma] = FUNG-WONG[hko]
2002202N13254  ,               ,bep052002 ,DOUGLAS[hurdat_epa] = bep052002[atcf]
2002204N12263  ,               ,bep062002 ,ELIDA[hurdat_epa] = bep062002[atcf]
2002214N19120  ,               ,bwp162002 ,bwp162002[jtwc_wp] = KAMMURI[tokyo] = KAMMURI[cma] = KAMMURI[hko]
2002215N34140  ,               ,bwp172002 ,bwp172002[jtwc_wp]
2002217N29272  ,               ,bal022002 ,BERTHA[hurdat_atl] = bal022002[atcf]
2002218N13241  ,               ,bep072002 ,UNNAMED[hurdat_epa] = bep072002[atcf]
2002218N32283  ,               ,bal032002 ,CRISTOBAL[hurdat_atl] = bal032002[atcf]
2002222N09163  ,               ,bwp192002 ,bwp192002[jtwc_wp] = PHANFONE[tokyo] = PHANFONE[cma] = PHANFONE[hko]
2002222N11131  ,               ,bwp182002 ,bwp182002[jtwc_wp] = TD0811[hko]
2002227N14115  ,               ,bwp202002 ,bwp202002[jtwc_wp] = VONGFONG[tokyo] = VONGFONG[cma] = VONGFONG[hko]
2002234N11221  ,               ,bcp012002 ,ALIKA[hurdat_epa] = ALIKA[cphc] = bcp012002[atcf]
2002234N13253  ,               ,bep082002 ,FAUSTO[hurdat_epa] = FAUSTO[cphc] = bep082002[atcf]
2002234N14164  ,               ,bwp212002 ,bwp212002[jtwc_wp] = RUSA[tokyo] = RUSA[cma] = RUSA[hko]
2002237N10202  ,               ,bcp022002 ,ELE[hurdat_epa] = bcp022002[jtwc_cp] = ELE[tokyo] = ELE[cphc] = ELE[cma] = ELE[hko] = bcp022002[atcf]
2002238N15250  ,               ,bep092002 ,GENEVIEVE[hurdat_epa] = bep092002[atcf]
2002240N16155  ,               ,bwp222002 ,bwp222002[jtwc_wp] = SINLAKU[tokyo] = SINLAKU[cma] = SINLAKU[hko]
2002242N10329  ,               ,bal042002 ,DOLLY[hurdat_atl] = bal042002[atcf]
2002242N14257  ,               ,bep102002 ,HERNAN[hurdat_epa] = bep102002[atcf]
2002245N29281  ,               ,bal052002 ,EDOUARD[hurdat_atl] = bal052002[atcf]
2002247S03067  ,               ,bsh012003 ,bsh012003[jtwc_sh] = 0120022003[reunion] = ABAIMBA[neumann]
2002249N19253  ,               ,bep112002 ,UNNAMED[hurdat_epa] = bep112002[atcf]
2002249N28266  ,               ,bal062002 ,FAY[hurdat_atl] = bal062002[atcf]
2002251N24313  ,               ,bal072002 ,UNNAMED[hurdat_atl] = bal072002[atcf]
2002252N20121  ,               ,bwp232002 ,bwp232002[jtwc_wp] = HAGUPIT[tokyo] = HAGUPIT[cma] = HAGUPIT[hko]
2002252N29289  ,               ,bal082002 ,GUSTAV[hurdat_atl] = bal082002[atcf]
2002255N26273  ,               ,bal092002 ,HANNA[hurdat_atl] = bal092002[atcf]
2002258N10300  ,               ,bal102002 ,ISIDORE[hurdat_atl] = bal102002[atcf]
2002258N15256  ,               ,bep122002 ,ISELLE[hurdat_epa] = bep122002[atcf]
2002261N33308  ,               ,bal112002 ,JOSEPHINE[hurdat_atl] = bal112002[atcf]
2002263N22139  ,               ,none      ,CHANGMI[tokyo] = CHANGMI[cma] = CHANGMI[hko]
2002264N13114  ,               ,bwp242002 ,bwp242002[jtwc_wp] = MEKKHALA[tokyo] = MEKKHALA[cma] = MEKKHALA[hko]
2002264N28308  ,               ,bal122002 ,KYLE[hurdat_atl] = bal122002[atcf]
2002265N10315  ,               ,bal132002 ,LILI[hurdat_atl] = bal132002[atcf]
2002268N15163  ,               ,bwp252002 ,bwp252002[jtwc_wp] = HIGOS[tokyo] = HIGOS[cma] = HIGOS[hko]
2002268N15258  ,               ,bep132002 ,JULIO[hurdat_epa] = bep132002[atcf]
2002281N10163  ,               ,bwp262002 ,bwp262002[jtwc_wp]
2002282N10156  ,               ,bwp262002 ,bwp262002[jtwc_wp] = BAVI[tokyo] = BAVI[cma] = BAVI[hko]
2002288N17277  ,               ,bal142002 ,UNNAMED[hurdat_atl] = bal142002[atcf]
2002289N18162  ,               ,bwp272002 ,bwp272002[jtwc_wp]
2002291N13177  ,               ,bwp282002 ,bwp282002[jtwc_wp]
2002295N11261  ,               ,bep142002 ,KENNA[hurdat_epa] = bep142002[atcf]
2002295N14082  ,               ,none      ,UNNAMED[newdelhi]
2002296N11230  ,               ,bep152002 ,LOWELL[hurdat_epa] = LOWELL[cphc] = bep152002[atcf]
2002297N09206  ,               ,bcp032002 ,HUKO[hurdat_epa] = bcp032002[jtwc_cp] = HUKO[tokyo] = HUKO[cphc] = HUKO[cma] = HUKO[hko] = bcp032002[atcf]
2002298N17169  ,               ,bwp292002 ,bwp292002[jtwc_wp] = MAYSAK[tokyo] = MAYSAK[cma] = MAYSAK[hko]
2002307S07070  ,               ,bsh022003 ,bsh022003[jtwc_sh] = ATANG[neumann]
2002314N12083  ,               ,bio032002 ,bio032002[jtwc_io] = UNNAMED[newdelhi]
2002318N15250  ,               ,bep162002 ,UNNAMED[hurdat_epa] = bep162002[atcf]
2002319S06078  ,               ,bsh032003 ,bsh032003[jtwc_sh] = BOURA[reunion] = BOURA[neumann]
2002323N09155  ,               ,bwp302002 ,bwp302002[jtwc_wp] = HAISHEN[tokyo] = HAISHEN[cma] = HAISHEN[hko]
2002327N10089  ,               ,bio042002 ,bio042002[jtwc_io] = UNNAMED[newdelhi]
2002335N05166  ,               ,bwp312002 ,bwp312002[jtwc_wp] = PONGSONA[tokyo] = PONGSONA[cma] = PONGSONA[hko]
2002335S13182  ,               ,bsh042003 ,bsh042003[jtwc_sh] = YOLANDE[nadi] = YOLANDE[wellington] = YOLANDE[neumann]
2002355N04077  ,               ,bio052002 ,bio052002[jtwc_io] = UNNAMED[newdelhi]
2002356S07070  ,               ,bsh052003 ,bsh052003[jtwc_sh] = CRYSTAL[reunion] = CRYSTAL[neumann]
2002358S08185  ,               ,bsh062003 ,bsh062003[jtwc_sh] = ZOE[nadi] = ZOE[wellington] = ZOE[neumann]
2002359S03089  ,               ,bsh072003 ,bsh072003[jtwc_sh] = UNNAMED[neumann]
2002364S16045  ,               ,bsh082003 ,bsh082003[jtwc_sh] = DELFINA[reunion] = DELFINA[neumann]
2003004S10136  ,               ,none      ,UNNAMED[bom]
2003007S10072  ,               ,bsh092003 ,bsh092003[jtwc_sh] = EBULA[reunion] = EBULA[neumann]
2003011N02180  ,               ,bwp012003 ,bwp012003[jtwc_wp] = YANYAN[tokyo] = YANYAN[cma] = YANYAN[hko]
2003011S09182  ,               ,bsh102003 ,bsh102003[jtwc_sh] = AMI[nadi] = AMI[wellington] = AMI[neumann]
2003021S10163  ,               ,bsh122003 ,bsh122003[jtwc_sh] = BENI[nadi] = BENI[wellington] = BENI[neumann]
2003021S11081  ,               ,bsh112003 ,bsh112003[jtwc_sh] = FARI[reunion] = FARI[neumann]
2003025S16173  ,               ,bsh132003 ,bsh132003[jtwc_sh] = CILLA[nadi] = CILLA[wellington] = CILLA[neumann]
2003034S12117  ,               ,bsh142003 ,bsh142003[jtwc_sh] = FIONA[bom] = FIONA[neumann]
2003035S10099  ,               ,bsh182003 ,bsh182003[jtwc_sh] = ISHA[reunion] = ISHA[neumann]
2003036S10197  ,               ,bsh152003 ,bsh152003[jtwc_sh] = DOVI[nadi] = DOVI[wellington] = DOVI[neumann]
2003037S12061  ,               ,bsh162003 ,bsh162003[jtwc_sh] = GERRY[reunion] = GERRY[neumann]
2003039S15066  ,               ,bsh172003 ,bsh172003[jtwc_sh] = HAPE[reunion] = HAPE[neumann]
2003056S17119  ,               ,bsh202003 ,bsh202003[jtwc_sh] = GRAHAM[bom] = GRAHAM[neumann]
2003056S21042  ,               ,bsh192003 ,bsh192003[jtwc_sh] = JAPHET[reunion] = JAPHET[neumann]
2003060S13103  ,               ,bsh212003 ,bsh212003[jtwc_sh] = HARRIET[bom] = HARRIET[neumann]
2003061S21148  ,               ,bsh222003 ,bsh222003[jtwc_sh] = ERICA[bom] = ERICA[nadi] = ERICA[wellington] = ERICA[neumann]
2003062S10080  ,               ,bsh232003 ,bsh232003[jtwc_sh] = KALUNDE[reunion] = KALUNDE[neumann]
2003066S16176  ,               ,none      ,11F[wellington]
2003067S13130  ,               ,bsh242003 ,bsh242003[jtwc_sh] = CRAIG[bom] = CRAIG[neumann]
2003068S14172  ,               ,bsh252003 ,bsh252003[jtwc_sh] = ESETA[nadi] = ESETA[wellington] = ESETA[neumann]
2003088S07131  ,               ,bsh262003 ,bsh262003[jtwc_sh] = INIGO[bom] = INIGO[neumann]
2003098N03159  ,               ,bwp022003 ,bwp022003[jtwc_wp] = KUJIRA[tokyo] = KUJIRA[cma] = KUJIRA[hko]
2003098S23041  ,               ,none      ,LUMA[reunion]
2003103S14180  ,               ,bsh272003 ,bsh272003[jtwc_sh] = FILI[nadi] = FILI[wellington] = FILI[neumann]
2003108N29294  ,               ,bal012003 ,ANA[hurdat_atl] = bal012003[atcf]
2003122S11065  ,               ,bsh282003 ,bsh282003[jtwc_sh] = MANOU[reunion] = MANOU[neumann]
2003129N05091  ,               ,bio012003 ,bio012003[jtwc_io] = UNNAMED[newdelhi]
2003137N07131  ,               ,bwp032003 ,bwp032003[jtwc_wp] = UNNAMED[cma] = TD0518[hko]
2003138N04148  ,               ,bwp042003 ,bwp042003[jtwc_wp] = CHAN-HOM[tokyo] = CHAN-HOM[cma] = CHAN-HOM[hko]
2003140N10258  ,               ,bep012003 ,ANDRES[hurdat_epa] = bep012003[atcf]
2003144N16119  ,               ,bwp052003 ,bwp052003[jtwc_wp] = LINFA[tokyo] = LINFA[cma] = LINFA[hko]
2003150N17119  ,               ,bwp062003 ,bwp062003[jtwc_wp] = NANGKA[tokyo] = NANGKA[cma] = NANGKA[hko]
2003155S10172  ,               ,bsh292003 ,bsh292003[jtwc_sh] = GINA[nadi] = GINA[wellington] = GINA[neumann]
2003156S07155  ,               ,none      ,EPI[bom] = EPI[wellington]
2003158N08156  ,               ,bwp072003 ,bwp072003[jtwc_wp] = SOUDELOR[tokyo] = SOUDELOR[cma] = SOUDELOR[hko]
2003162N10319  ,               ,bal022003 ,UNNAMED[hurdat_atl] = bal022003[atcf]
2003168N16257  ,               ,bep022003 ,BLANCA[hurdat_epa] = bep022003[atcf]
2003177N14263  ,               ,bep032003 ,CARLOS[hurdat_epa] = bep032003[atcf]
2003179N20271  ,               ,bal032003 ,BILL[hurdat_atl] = bal032003[atcf]
2003187N14244  ,               ,bep042003 ,DOLORES[hurdat_epa] = bep042003[atcf]
2003188N11307  ,               ,bal042003 ,CLAUDETTE[hurdat_atl] = bal042003[atcf]
2003192N14254  ,               ,bep052003 ,ENRIQUE[hurdat_epa] = bep052003[atcf]
2003196N05150  ,               ,bwp092003 ,bwp092003[jtwc_wp] = IMBUDO[tokyo] = IMBUDO[cma] = IMBUDO[hko]
2003196N11137  ,               ,bwp082003 ,bwp082003[jtwc_wp] = KONI[tokyo] = KONI[cma] = KONI[hko]
2003198N31306  ,               ,bal052003 ,DANNY[hurdat_atl] = bal052003[atcf]
2003199N14255  ,               ,bep062003 ,FELICIA[hurdat_epa] = bep062003[atcf]
2003201N12317  ,               ,bal062003 ,UNNAMED[hurdat_atl] = bal062003[atcf]
2003206N21089  ,               ,none      ,UNNAMED[newdelhi]
2003207N29280  ,               ,bal072003 ,UNNAMED[hurdat_atl] = bal072003[atcf]
2003212N09150  ,               ,bwp112003 ,bwp112003[jtwc_wp] = ETAU[tokyo] = ETAU[cma] = ETAU[hko]
2003212N12130  ,               ,bwp102003 ,bwp102003[jtwc_wp] = MORAKOT[tokyo] = MORAKOT[cma] = MORAKOT[hko]
2003219N16244  ,               ,bep072003 ,GUILLERMO[hurdat_epa] = bep072003[atcf]
2003221N14249  ,               ,bep082003 ,HILDA[hurdat_epa] = bep082003[atcf]
2003223N13224  ,               ,bcp012003 ,UNNAMED[hurdat_epa] = 01-C[cphc] = bcp012003[atcf]
2003226N07156  ,               ,bwp122003 ,bwp122003[jtwc_wp] = KROVANH[tokyo] = KROVANH[cma] = KROVANH[hko]
2003227N26277  ,               ,bal082003 ,ERIKA[hurdat_atl] = bal082003[atcf]
2003230N18125  ,               ,bwp132003 ,bwp132003[jtwc_wp] = VAMCO[tokyo] = VAMCO[cma] = VAMCO[hko]
2003231N20118  ,               ,none      ,UNNAMED[cma]
2003234N15295  ,               ,bal092003 ,UNNAMED[hurdat_atl] = bal092003[atcf]
2003235N20253  ,               ,bep092003 ,IGNACIO[hurdat_epa] = bep092003[atcf]
2003240N14230  ,               ,bep102003 ,JIMENA[hurdat_epa] = JIMENA[cphc] = bep102003[atcf]
2003240N15329  ,               ,bal102003 ,FABIAN[hurdat_atl] = bal102003[atcf]
2003240N20139  ,               ,bwp142003 ,bwp142003[jtwc_wp] = DUJUAN[tokyo] = DUJUAN[cma] = DUJUAN[hko]
2003240N21089  ,               ,none      ,UNNAMED[newdelhi]
2003243N24268  ,               ,bal112003 ,GRACE[hurdat_atl] = bal112003[atcf]
2003247N10153  ,               ,bwp152003 ,bwp152003[jtwc_wp] = MAEMI[tokyo] = MAEMI[cma] = MAEMI[hko]
2003247N19249  ,               ,bep112003 ,KEVIN[hurdat_epa] = bep112003[atcf]
2003247N27272  ,               ,bal122003 ,HENRI[hurdat_atl] = bal122003[atcf]
2003249N14329  ,               ,bal132003 ,ISABEL[hurdat_atl] = bal132003[atcf]
2003251N12338  ,               ,bal142003 ,UNNAMED[hurdat_atl] = bal142003[atcf]
2003257N15252  ,               ,bep122003 ,LINDA[hurdat_epa] = bep122003[atcf]
2003259N13133  ,               ,bwp162003 ,bwp162003[jtwc_wp] = CHOI-WAN[tokyo] = CHOI-WAN[cma] = CHOI-WAN[hko]
2003262N17254  ,               ,bep132003 ,MARTY[hurdat_epa] = bep132003[atcf]
2003267N15140  ,               ,bwp172003 ,bwp172003[jtwc_wp] = KOPPU[tokyo] = KOPPU[cma] = KOPPU[hko]
2003268N28298  ,               ,bal152003 ,JUAN[hurdat_atl] = bal152003[atcf]
2003269N12322  ,               ,bal162003 ,KATE[hurdat_atl] = bal162003[atcf]
2003271N18275  ,               ,bal172003 ,LARRY[hurdat_atl] = bal172003[atcf]
2003272S05066  ,               ,bsh012004 ,bsh012004[jtwc_sh] = ABAIMBA[reunion] = ABAIMBA[neumann]
2003275N16252  ,               ,bep142003 ,NORA[hurdat_epa] = bep142003[atcf]
2003276N12262  ,               ,bep152003 ,OLAF[hurdat_epa] = bep152003[atcf]
2003279N17084  ,               ,none      ,UNNAMED[newdelhi]
2003279N18118  ,               ,bwp182003 ,bwp182003[jtwc_wp] = UNNAMED[cma]
2003283N26131  ,               ,bwp192003 ,bwp192003[jtwc_wp]
2003284N19291  ,               ,bal182003 ,MINDY[hurdat_atl] = bal182003[atcf]
2003286N09323  ,               ,bal192003 ,NICHOLAS[hurdat_atl] = bal192003[atcf]
2003290N15132  ,               ,bwp202003 ,bwp202003[jtwc_wp] = KETSANA[tokyo] = KETSANA[cma] = KETSANA[hko]
2003291N17147  ,               ,bwp212003 ,bwp212003[jtwc_wp] = PARMA[tokyo] = PARMA[cma] = PARMA[hko]
2003294N10260  ,               ,bep162003 ,PATRICIA[hurdat_epa] = bep162003[atcf]
2003294N11112  ,               ,bwp222003 ,bwp222003[jtwc_wp]
2003295N09101  ,               ,bwp232003 ,bwp232003[jtwc_wp] = UNNAMED[newdelhi]
2003302N11133  ,               ,bwp242003 ,bwp242003[jtwc_wp] = MELOR[tokyo] = MELOR[cma] = MELOR[hko]
2003313S05079  ,               ,bsh022004 ,bsh022004[jtwc_sh] = BENI[reunion] = BENI[neumann]
2003315N09067  ,               ,bio022003 ,bio022003[jtwc_io] = UNNAMED[newdelhi]
2003316N11141  ,               ,bwp252003 ,bwp252003[jtwc_wp] = NEPARTAK[tokyo] = NEPARTAK[cma] = NEPARTAK[hko]
2003319N13172  ,               ,bwp262003 ,bwp262003[jtwc_wp] = LUPIT[tokyo] = LUPIT[cma] = LUPIT[hko]
2003338S09065  ,               ,bsh032004 ,bsh032004[jtwc_sh] = CELA[reunion] = CELA[neumann]
2003339N13284  ,               ,bal202003 ,ODETTE[hurdat_atl] = bal202003[atcf]
2003340S07093  ,               ,bsh042004 ,bsh042004[jtwc_sh] = JANA[bom] = JANA[neumann]
2003342N28326  ,               ,bal212003 ,PETER[hurdat_atl] = bal212003[atcf]
2003345N05092  ,               ,bio032003 ,bio032003[jtwc_io] = UNNAMED[newdelhi]
2003350S10140  ,               ,bsh052004 ,bsh052004[jtwc_sh] = DEBBIE[bom] = DEBBIE[neumann]
2003357N11142  ,               ,bwp272003 ,bwp272003[jtwc_wp] = UNNAMED[cma] = TD1225[hko]
2003358S06067  ,               ,bsh062004 ,bsh062004[jtwc_sh] = DARIUS[reunion] = DARIUS[neumann]
2003359S15177  ,               ,bsh072004 ,bsh072004[jtwc_sh] = HETA[nadi] = HETA[wellington] = HETA[neumann]
2004001S16124  ,               ,bsh082004 ,bsh082004[jtwc_sh] = KEN[neumann]
2004025S16044  ,               ,bsh092004 ,bsh092004[jtwc_sh] = ELITA[reunion] = ELITA[neumann]
2004026S12063  ,               ,bsh102004 ,bsh102004[jtwc_sh] = FRANK[reunion] = FRANK[neumann]
2004028S06090  ,               ,bsh112004 ,bsh112004[jtwc_sh] = LINDA[bom] = LINDA[neumann]
2004041S14147  ,               ,bsh122004 ,bsh122004[jtwc_sh] = FRITZ[bom] = FRITZ[wellington] = FRITZ[neumann]
2004042N08148  ,               ,bwp012004 ,bwp012004[jtwc_wp] = UNNAMED[cma] = TD0214[hko]
2004052S15172  ,               ,bsh132004 ,bsh132004[jtwc_sh] = IVY[nadi] = IVY[wellington] = IVY[neumann]
2004056S18125  ,               ,bsh142004 ,bsh142004[jtwc_sh] = MONTY[bom] = MONTY[neumann]
2004058S13142  ,               ,bsh152004 ,bsh152004[jtwc_sh] = EVAN[bom] = EVAN[neumann]
2004061S12072  ,               ,bsh162004 ,bsh162004[jtwc_sh] = GAFILO[reunion] = GAFILO[neumann]
2004068S13089  ,               ,bsh172004 ,bsh172004[jtwc_sh] = NICKY[bom] = HELMA[reunion] = NICKY/HELMA[neumann]
2004072S11146  ,               ,bsh182004 ,bsh182004[jtwc_sh] = FAY[bom] = FAY[neumann]
2004074N03143  ,               ,bwp022004 ,bwp022004[jtwc_wp] = UNNAMED[cma] = TD0318[hko]
2004081S12103  ,               ,bsh202004 ,bsh202004[jtwc_sh] = OSCAR[bom] = ITSENG[reunion] = OSCAR/ITSANG[neumann]
2004081S15148  ,               ,bsh192004 ,bsh192004[jtwc_sh] = GRACE[bom] = GRACE[nadi] = GRACE[wellington] = GRACE[neumann]
2004083S08056  ,               ,bsh212004 ,bsh212004[jtwc_sh] = TD21S[neumann]
2004086S29318  ,               ,bal502004 ,bal502004[atcf]
2004093N07154  ,               ,bwp032004 ,bwp032004[jtwc_wp] = SUDAL[tokyo] = SUDAL[cma] = SUDAL[hko]
2004098S15173  ,               ,bsh222004 ,bsh222004[jtwc_sh] = TS22S[neumann]
2004125S08084  ,               ,bsh232004 ,bsh232004[jtwc_sh] = JUBA[reunion] = JUBA[neumann]
2004134N07132  ,               ,bwp042004 ,bwp042004[jtwc_wp] = NIDA[tokyo] = NIDA[cma] = NIDA[hko]
2004135N09114  ,               ,bwp052004 ,bwp052004[jtwc_wp] = UNNAMED[cma] = TD0516[hko]
2004136N05148  ,               ,bwp062004 ,bwp062004[jtwc_wp] = OMAIS[tokyo] = OMAIS[cma] = OMAIS[hko]
2004136N15090  ,               ,bio022004 ,bio022004[jtwc_io] = UNNAMED[newdelhi]
2004143N15252  ,               ,bep012004 ,AGATHA[hurdat_epa] = bep012004[atcf]
2004156N16117  ,               ,bwp072004 ,bwp072004[jtwc_wp] = CONSON[tokyo] = CONSON[cma] = CONSON[hko]
2004158N07142  ,               ,bwp082004 ,bwp082004[jtwc_wp] = CHANTHU[tokyo] = CHANTHU[cma] = CHANTHU[hko]
2004162N18068  ,               ,none      ,UNNAMED[newdelhi]
2004163N15090  ,               ,none      ,UNNAMED[newdelhi]
2004164N06139  ,               ,bwp092004 ,bwp092004[jtwc_wp] = DIANMU[tokyo] = DIANMU[cma] = DIANMU[hko]
2004174N14146  ,               ,bwp102004 ,bwp102004[jtwc_wp] = MINDULLE[tokyo] = MINDULE[cma] = MINDULLE[hko]
2004177N12154  ,               ,bwp112004 ,bwp112004[jtwc_wp] = TINGTING[tokyo] = TINGTING[cma] = TINGTING[hko]
2004185N16241  ,               ,bep022004 ,UNNAMED[hurdat_epa] = bep022004[atcf]
2004186N06203  ,               ,bcp012004 ,UNNAMED[hurdat_epa] = bcp012004[atcf]
2004193N19136  ,               ,bwp122004 ,bwp122004[jtwc_wp] = KOMPASU[tokyo] = KOMPASU[cma] = KOMPASU[hko]
2004195N15255  ,               ,bep032004 ,BLAS[hurdat_epa] = bep032004[atcf]
2004201N14247  ,               ,bep042004 ,CELIA[hurdat_epa] = bep042004[atcf]
2004206N20151  ,               ,bwp132004 ,bwp132004[jtwc_wp] = NAMTHEUN[tokyo] = NAMTHCUN[cma] = NAMTHEUN[hko]
2004208N19118  ,               ,none      ,UNNAMED[cma] = TD0727[hko]
2004209N12247  ,               ,bep052004 ,DARBY[hurdat_epa] = bep052004[atcf]
2004214N12234  ,               ,bep062004 ,UNNAMED[hurdat_epa] = bep062004[atcf]
2004214N30282  ,               ,bal012004 ,ALEX[hurdat_atl] = bal012004[atcf]
2004215N22148  ,               ,bwp152004 ,bwp152004[jtwc_wp] = MALOU[tokyo] = MALOU[cma] = MALOU[hko]
2004216N16166  ,               ,bwp142004 ,bwp142004[jtwc_wp] = MERANTI[tokyo] = MERANTI[cma] = MERANTI[hko]
2004217N13306  ,               ,bal022004 ,BONNIE[hurdat_atl] = bal022004[atcf]
2004219N15137  ,               ,bwp162004 ,bwp162004[jtwc_wp] = RANANIM[tokyo] = RANANIM[cma] = RANANIM[hko]
2004222N24150  ,               ,bwp172004 ,bwp172004[jtwc_wp] = MALAKAS[tokyo] = MALAKAS[cma] = MALAKAS[hko]
2004223N11301  ,               ,bal032004 ,CHARLEY[hurdat_atl] = bal032004[atcf]
2004227N09314  ,               ,bal052004 ,EARL[hurdat_atl] = bal052004[atcf]
2004227N12338  ,               ,bal042004 ,DANIELLE[hurdat_atl] = bal042004[atcf]
2004227N15144  ,               ,bwp182004 ,bwp182004[jtwc_wp] = MEGI[tokyo] = MEGI[cma] = MEGI[hko]
2004230N09172  ,               ,bwp192004 ,bwp192004[jtwc_wp] = CHABA[tokyo] = CHABA[cma] = CHABA[hko]
2004231N09147  ,               ,bwp202004 ,bwp202004[jtwc_wp] = AERE[tokyo] = AERE[cma] = AERE[hko]
2004232N12228  ,               ,bep072004 ,ESTELLE[hurdat_epa] = bep072004[atcf]
2004236N17250  ,               ,bep082004 ,FRANK[hurdat_epa] = bep082004[atcf]
2004237N17236  ,               ,bep092004 ,UNNAMED[hurdat_epa] = bep092004[atcf]
2004238N11325  ,               ,bal062004 ,FRANCES[hurdat_atl] = bal062004[atcf]
2004238N13154  ,               ,bwp212004 ,bwp212004[jtwc_wp] = UNNAMED[cma]
2004239N11171  ,               ,bwp222004 ,bwp222004[jtwc_wp] = SONGDA[tokyo] = SONGDA[cma] = SONGDA[hko]
2004240N15254  ,               ,bep102004 ,GEORGETTE[hurdat_epa] = bep102004[atcf]
2004241N29295  ,               ,bal082004 ,HERMINE[hurdat_atl] = bal082004[atcf]
2004241N32282  ,               ,bal072004 ,GASTON[hurdat_atl] = bal072004[atcf]
2004243S03088  ,               ,bsh012005 ,bsh012005[jtwc_sh] = PHOEBE[bom] = PHOEBE[neumann]
2004244N12257  ,               ,bep112004 ,HOWARD[hurdat_epa] = bep112004[atcf]
2004247N10332  ,               ,bal092004 ,IVAN[hurdat_atl] = bal092004[atcf]
2004248N14156  ,               ,bwp232004 ,bwp232004[jtwc_wp] = SARIKA[tokyo] = SARIKA[cma] = SARIKA[hko]
2004252N15250  ,               ,bep122004 ,ISIS[hurdat_epa] = bep122004[atcf]
2004252N32320  ,               ,bal102004 ,UNNAMED[hurdat_atl] = bal102004[atcf]
2004255N11267  ,               ,bep132004 ,JAVIER[hurdat_epa] = bep132004[atcf]
2004255N23120  ,               ,bwp242004 ,bwp242004[jtwc_wp] = HAIMA[tokyo] = HAIMA[cma] = HAIMA[hko]
2004256N23089  ,               ,none      ,UNNAMED[newdelhi]
2004258N16300  ,               ,bal112004 ,JEANNE[hurdat_atl] = bal112004[atcf]
2004260N11331  ,               ,bal122004 ,KARL[hurdat_atl] = bal122004[atcf]
2004263N13153  ,               ,bwp252004 ,bwp252004[jtwc_wp] = MEARI[tokyo] = MEARI[cma] = MEARI[hko]
2004264N13328  ,               ,bal132004 ,LISA[hurdat_atl] = bal132004[atcf]
2004274N16069  ,               ,bio032004 ,bio032004[jtwc_io] = UNNAMED[newdelhi]
2004275N14139  ,               ,bwp262004 ,bwp262004[jtwc_wp] = MA-ON[tokyo] = MA-ON[cma] = MA-ON[hko]
2004276N12087  ,               ,none      ,UNNAMED[newdelhi]
2004279N14249  ,               ,bep142004 ,KAY[hurdat_epa] = bep142004[atcf]
2004281N23087  ,               ,none      ,UNNAMED[newdelhi]
2004283N24265  ,               ,bal142004 ,MATTHEW[hurdat_atl] = bal142004[atcf]
2004284N07157  ,               ,bwp272004 ,bwp272004[jtwc_wp] = TOKAGE[tokyo] = TOKAGE[cma] = TOKAGE[hko]
2004284N30295  ,               ,bal152004 ,NICOLE[hurdat_atl] = bal152004[atcf]
2004286N14263  ,               ,bep152004 ,LESTER[hurdat_epa] = bep152004[atcf]
2004288N09164  ,               ,bwp282004 ,bwp282004[jtwc_wp] = NOCK-TEN[tokyo] = NOCK-TEN[cma] = NOCK-TEN[hko]
2004299N18251  ,               ,bep162004 ,UNNAMED[hurdat_epa] = bep162004[atcf]
2004299S09063  ,               ,bsh022005 ,bsh022005[jtwc_sh] = UNNAMED[neumann]
2004307N09068  ,               ,bio042004 ,bio042004[jtwc_io] = UNNAMED[newdelhi]
2004312S05085  ,               ,bsh032005 ,bsh032005[jtwc_sh] = AROLA[reunion] = AROLA[neumann]
2004319N10134  ,               ,bwp292004 ,bwp292004[jtwc_wp] = MUIFA[tokyo] = MUIFA[cma] = MUIFA[hko]
2004325S06078  ,               ,bsh042005 ,bsh042005[jtwc_sh] = BENTO[reunion] = BENTOJANA[neumann]
2004327N16125  ,               ,none      ,MERBOK[tokyo] = MERBOK[cma] = MERBOK[hko]
2004331N28320  ,               ,bal162004 ,OTTO[hurdat_atl] = bal162004[atcf]
2004332N02072  ,               ,bio052004 ,bio052004[jtwc_io] = UNNAMED[newdelhi]
2004333N06154  ,               ,bwp302004 ,bwp302004[jtwc_wp] = NANMADOL[tokyo] = NANMADOL[cma] = NANMADOL[hko]
2004338S09113  ,               ,bsh052005 ,bsh052005[jtwc_sh] = UNNAMED[neumann]
2004344N06178  ,               ,bwp312004 ,bwp312004[jtwc_wp] = TALAS[tokyo] = TALAS[cma] = TALAS[hko]
2004348S15173  ,               ,none      ,02F[wellington]
2004352N10154  ,               ,bwp322004 ,bwp322004[jtwc_wp] = NORU[tokyo] = NORU[cma] = NORU[hko]
2004357S06095  ,               ,bsh062005 ,bsh062005[jtwc_sh] = CHAMBO[reunion] = CHAMBO[neumann]
2004357S16216  ,               ,none      ,JUDY[nadi] = JUDY[wellington]
2004365S13120  ,               ,bsh072005 ,bsh072005[jtwc_sh] = RAYMOND[bom] = RAYMOND[neumann]
2005003S09177  ,               ,bsh082005 ,bsh082005[jtwc_sh] = KERRY[bom] = KERRY[nadi] = KERRY[wellington] = KERRY[neumann]
2005006S09099  ,               ,bsh092005 ,bsh092005[jtwc_sh] = SALLY[bom] = SALLY[neumann]
2005007N04085  ,               ,bio012005 ,bio012005[jtwc_io]
2005012N04090  ,               ,bio022005 ,bio022005[jtwc_io] = UNNAMED[newdelhi]
2005013N05153  ,               ,bwp012005 ,bwp012005[jtwc_wp] = KULAP[tokyo] = KULAP[cma] = KULAP[hko]
2005013S14124  ,               ,bsh102005 ,bsh102005[jtwc_sh] = UNNAMED[neumann]
2005015S06089  ,               ,bsh112005 ,bsh112005[jtwc_sh] = DAREN[reunion] = DAREN[neumann]
2005017S09061  ,               ,bsh122005 ,bsh122005[jtwc_sh] = ERNEST[reunion] = ERNEST[neumann]
2005022S14112  ,               ,bsh132005 ,bsh132005[jtwc_sh] = TIM[bom] = TIM[neumann]
2005026S20040  ,               ,none      ,FELAPI[reunion]
2005027S18168  ,               ,none      ,LOLA[nadi] = LOLA[wellington]
2005029S11072  ,               ,bsh142005 ,bsh142005[jtwc_sh] = GERARD[reunion] = GERARD[neumann]
2005032S14195  ,               ,bsh152005 ,bsh152005[jtwc_sh] = MEENA[nadi] = MEENA[wellington] = MEENA[neumann]
2005035S14136  ,               ,bsh162005 ,bsh162005[jtwc_sh] = HARVEY[bom] = HARVEY[neumann]
2005035S15118  ,               ,bsh172005 ,bsh172005[jtwc_sh] = VIVIENNE[bom] = VIVIENNE[neumann]
2005041S13181  ,               ,bsh192005 ,bsh192005[jtwc_sh] = OLAF[nadi] = OLAF[wellington] = OLAF[neumann]
2005042S12190  ,               ,bsh182005 ,bsh182005[jtwc_sh] = NANCY[nadi] = NANCY[wellington] = NANCY[neumann]
2005054S09173  ,               ,bsh202005 ,bsh202005[jtwc_sh] = PERCY[nadi] = PERCY[wellington] = PERCY[neumann]
2005060S12179  ,               ,bsh212005 ,bsh212005[jtwc_sh] = RAE[nadi] = RAE[wellington] = RAE[neumann]
2005063S12141  ,               ,bsh222005 ,bsh222005[jtwc_sh] = INGRID[bom] = INGRID[wellington] = INGRID[neumann]
2005067S12120  ,               ,bsh232005 ,bsh232005[jtwc_sh] = WILLY[bom] = WILLY[neumann]
2005071N06152  ,               ,bwp022005 ,bwp022005[jtwc_wp] = ROKE[tokyo] = ROKE[cma] = ROKE[hko]
2005079S10067  ,               ,bsh242005 ,bsh242005[jtwc_sh] = HENNIE[reunion] = HENNE[neumann]
2005089S10085  ,               ,bsh252005 ,bsh252005[jtwc_sh] = ISANG[reunion] = ISANG[neumann]
2005092S11102  ,               ,bsh262005 ,bsh262005[jtwc_sh] = ADELINE[bom] = JULIET[reunion] = ADELINE/JULI[neumann]
2005103S08138  ,               ,none      ,UNNAMED[bom]
2005107N07151  ,               ,bwp032005 ,bwp032005[jtwc_wp] = SONCA[tokyo] = SONCA[cma] = SONCA[hko]
2005110S17180  ,               ,none      ,SHEILA[nadi] = SHEILA[wellington]
2005138N10265  ,               ,bep012005 ,ADRIAN[hurdat_epa] = bep012005[atcf]
2005148N06156  ,               ,bwp042005 ,NESAT[jtwc_wp] = NESAT[tokyo] = NESAT[cma] = NESAT[hko]
2005160N17276  ,               ,bal012005 ,ARLENE[hurdat_atl] = bal012005[atcf]
2005172N22069  ,               ,none      ,UNNAMED[newdelhi]
2005173N14258  ,               ,bep022005 ,BEATRIZ[hurdat_epa] = bep022005[atcf]
2005177N13263  ,               ,bep032005 ,CALVIN[hurdat_epa] = bep032005[atcf]
2005179N22088  ,               ,none      ,UNNAMED[newdelhi]
2005180N20265  ,               ,bal022005 ,BRET[hurdat_atl] = bal022005[atcf]
2005185N15261  ,               ,bep042005 ,DORA[hurdat_epa] = bep042005[atcf]
2005185N18273  ,               ,bal032005 ,CINDY[hurdat_atl] = bal032005[atcf]
2005186N12299  ,               ,bal042005 ,DENNIS[hurdat_atl] = bal042005[atcf]
2005192N11318  ,               ,bal052005 ,EMILY[hurdat_atl] = bal052005[atcf]
2005192N22155  ,               ,bwp052005 ,HAITANG[jtwc_wp] = HAITANG[tokyo] = HAITANG[cma] = HAITANG[hko]
2005199N15256  ,               ,bep052005 ,EUGENE[hurdat_epa] = bep052005[atcf]
2005199N21168  ,               ,bwp062005 ,NALGAE[jtwc_wp] = NALGAE[tokyo] = NALGAE[cma] = NALGAE[hko]
2005202N13138  ,               ,bwp072005 ,BANYAN[jtwc_wp] = BANYAN[tokyo] = BANYAN[cma] = BANYAN[hko]
2005203N25285  ,               ,bal062005 ,FRANKLIN[hurdat_atl] = bal062005[atcf]
2005205N19267  ,               ,bal072005 ,GERT[hurdat_atl] = bal072005[atcf]
2005210N19115  ,               ,bwp082005 ,WASHI[jtwc_wp] = WASHI[tokyo] = WASHI[cma] = WASHI[hko]
2005210N21088  ,               ,none      ,UNNAMED[newdelhi]
2005211N09141  ,               ,bwp092005 ,MATSA[jtwc_wp] = MATSA[tokyo] = MATSA[cma] = MATSA[hko]
2005215N14224  ,               ,bcp012005 ,ONE[hurdat_epa] = bcp012005[atcf]
2005215N28291  ,               ,bal082005 ,HARVEY[hurdat_atl] = bal082005[atcf]
2005217N13327  ,               ,bal092005 ,IRENE[hurdat_atl] = bal092005[atcf]
2005222N14131  ,               ,bwp102005 ,SANVU[jtwc_wp] = SANVU[tokyo] = SANVU[cma] = SANVU[hko]
2005222N14246  ,               ,bep062005 ,FERNANDA[hurdat_epa] = bep062005[atcf]
2005223N13251  ,               ,bep072005 ,GREG[hurdat_epa] = bep072005[atcf]
2005226N13316  ,               ,bal102005 ,TEN[hurdat_atl] = bal102005[atcf]
2005229N21156  ,               ,bwp122005 ,GUCHOL[jtwc_wp] = GUCHOL[tokyo] = GUCHOL[cma] = GUCHOL[hko]
2005230N20144  ,               ,bwp112005 ,MAWAR[jtwc_wp] = MAWAR[tokyo] = MAWAR[cma] = MAWAR[hko]
2005232N13263  ,               ,bep082005 ,HILARY[hurdat_epa] = bep082005[atcf]
2005235N19266  ,               ,bal112005 ,JOSE[hurdat_atl] = bal112005[atcf]
2005236N23285  ,               ,bal122005 ,KATRINA[hurdat_atl] = bal122005[atcf]
2005237N14148  ,               ,bwp132005 ,TALIM[jtwc_wp] = TALIM[tokyo] = TALIM[cma] = TALIM[hko]
2005238N17255  ,               ,bep092005 ,IRWIN[hurdat_epa] = bep092005[atcf]
2005241N14315  ,               ,bal132005 ,LEE[hurdat_atl] = bal132005[atcf]
2005241N15155  ,               ,bwp142005 ,NABI[jtwc_wp] = NABI[tokyo] = NABI[cma] = NABI[hko]
2005245N19315  ,               ,bal142005 ,MARIA[hurdat_atl] = bal142005[atcf]
2005248N08142  ,               ,bwp152005 ,KHANUN[jtwc_wp] = KHANUN[tokyo] = KHANUN[cma] = KHANUN[hko]
2005249N26281  ,               ,bal162005 ,OPHELIA[hurdat_atl] = bal162005[atcf]
2005249N28293  ,               ,bal152005 ,NATE[hurdat_atl] = bal152005[atcf]
2005255N14113  ,               ,none      ,TD0912[hko]
2005255N15246  ,               ,bep102005 ,JOVA[hurdat_epa] = bep102005[atcf]
2005255N20088  ,               ,none      ,UNNAMED[newdelhi]
2005257N15120  ,               ,bwp162005 ,VICENTE[jtwc_wp] = VICENTE[tokyo] = VICENTE[cma] = VICENTE[hko]
2005257N20069  ,               ,none      ,UNNAMED[newdelhi]
2005258N12242  ,               ,bep112005 ,KENNETH[hurdat_epa] = bep112005[atcf]
2005260N20091  ,               ,none      ,UNNAMED[newdelhi]
2005261N13245  ,               ,bep122005 ,LIDIA[hurdat_epa] = bep122005[atcf]
2005261N13306  ,               ,bal172005 ,PHILIPPE[hurdat_atl] = bal172005[atcf]
2005261N14252  ,               ,bep132005 ,MAX[hurdat_epa] = bep132005[atcf]
2005261N21290  ,               ,bal182005 ,RITA[hurdat_atl] = bal182005[atcf]
2005262N13127  ,               ,bwp172005 ,DAMREY[jtwc_wp] = DAMREY[tokyo] = DAMREY[cma] = DAMREY[hko]
2005262N20155  ,               ,bwp182005 ,SAOLA[jtwc_wp] = SAOLA[tokyo] = SAOLA[cma] = SAOLA[hko]
2005266N15252  ,               ,bep142005 ,NORMA[hurdat_epa] = bep142005[atcf]
2005268N19146  ,               ,bwp192005 ,LONGWANG[jtwc_wp] = LONGWANG[tokyo] = LONGWANG[cma] = LONGWANG[hko]
2005271N17255  ,               ,bep152005 ,OTIS[hurdat_epa] = bep152005[atcf]
2005274N12327  ,               ,bal192005 ,NINETEEN[hurdat_atl] = bal192005[atcf]
2005274N17086  ,               ,bio032005 ,bio032005[jtwc_io]
2005275N19274  ,               ,bal202005 ,STAN[hurdat_atl] = bal202005[atcf]
2005277N34328  ,               ,bal212005 ,UNNAMED[hurdat_atl] = bal212005[atcf]
2005278N27280  ,               ,bal222005 ,TAMMY[hurdat_atl] = bal222005[atcf]
2005279N17111  ,               ,bwp202005 ,bwp202005[jtwc_wp] = TD1007[hko]
2005281N26303  ,               ,bal232005 ,TWENTY-TWO[hurdat_atl] = bal232005[atcf]
2005281N33339  ,               ,bal242005 ,VINCE[hurdat_atl] = bal242005[atcf]
2005282N22138  ,               ,bwp212005 ,KIROGI[jtwc_wp] = KIROGI[tokyo] = KIROGI[cma] = KIROGI[hko]
2005287S09084  ,               ,bsh012006 ,bsh012006[jtwc_sh] = UNNAMED[neumann]
2005288N11259  ,               ,bep162005 ,SIXTEEN[hurdat_epa] = bep162005[atcf]
2005289N18282  ,               ,bal252005 ,WILMA[hurdat_atl] = bal252005[atcf]
2005296N16293  ,               ,bal262005 ,ALPHA[hurdat_atl] = bal262005[atcf]
2005298N12088  ,               ,bio042005 ,bio042005[jtwc_io] = UNNAMED[newdelhi]
2005300N10279  ,               ,bal272005 ,BETA[hurdat_atl] = bal272005[atcf]
2005301N13117  ,               ,bwp222005 ,KAI-TAK[jtwc_wp] = KAI-TAK[tokyo] = KAI-TAK[cma] = KAI-TAK[hko]
2005308S07098  ,               ,bsh022006 ,bsh022006[jtwc_sh] = UNNAMED[neumann]
2005311N08140  ,               ,bwp232005 ,TEMBIN[jtwc_wp] = TEMBIN[tokyo] = TEMBIN[cma] = TEMBIN[hko]
2005316N05134  ,               ,bwp242005 ,BOLAVEN[jtwc_wp] = BOLAVEN[tokyo] = BOLAVEN[cma] = BOLAVEN[hko]
2005318N13298  ,               ,bal282005 ,GAMMA[hurdat_atl] = bal282005[atcf]
2005322S04095  ,               ,bsh032006 ,BERTIE[jtwc_sh] = BERTIE[bom] = ALVIN[reunion] = BERTIE[neumann]
2005324N08085  ,               ,none      ,UNNAMED[newdelhi]
2005324N27312  ,               ,bal292005 ,DELTA[hurdat_atl] = bal292005[atcf]
2005330N09096  ,               ,bio052005 ,BAAZ[jtwc_io] = UNNAMED[newdelhi]
2005333N32311  ,               ,bal302005 ,EPSILON[hurdat_atl] = bal302005[atcf]
2005338N09093  ,               ,bio062005 ,FANOOS[jtwc_io] = UNNAMED[newdelhi]
2005349N06090  ,               ,bio072005 ,bio072005[jtwc_io] = UNNAMED[newdelhi]
2005350N08127  ,               ,bwp252005 ,bwp252005[jtwc_wp] = UNNAMED[cma] = TD1219[hko]
2005351S09084  ,               ,bsh042006 ,bsh042006[jtwc_sh] = UNNAMED[neumann]
2005364N24324  ,               ,bal312005 ,ZETA[hurdat_atl] = bal312005[atcf]
2006006S11129  ,               ,bsh052006 ,CLARE[jtwc_sh] = CLARE[bom] = CLARE[neumann]
2006007S15182  ,               ,bsh062006 ,TAM[jtwc_sh] = TAM[nadi] = TAM[wellington] = TAM[neumann]
2006012N03081  ,               ,bio012006 ,bio012006[jtwc_io] = UNNAMED[newdelhi]
2006013S13184  ,               ,bsh072006 ,URMIL[jtwc_sh] = URMIL[nadi] = URMIL[wellington] = URMIL[neumann]
2006017S15126  ,               ,bsh082006 ,DARYL[jtwc_sh] = DARYL[bom] = DARYL[neumann]
2006021S11053  ,               ,bsh092006 ,BOLOETSE[jtwc_sh] = BOLOETSE[reunion] = BOLOETSE[neumann]
2006025S18147  ,               ,bsh102006 ,JIM[jtwc_sh] = JIM[bom] = JIM[nadi] = JIM[wellington] = JIM[neumann]
2006040S15181  ,               ,bsh112006 ,VAIANU[jtwc_sh] = VAIANU[nadi] = VAIANU[wellington] = VAIANU[neumann]
2006049S16051  ,               ,bsh122006 ,bsh122006[jtwc_sh] = 0920052006[reunion] = UNNAMED[neumann]
2006053S11144  ,               ,bsh132006 ,KATE[jtwc_sh] = KATE[bom] = UNNAMED[neumann]
2006054S09082  ,               ,bsh142006 ,CARINA[jtwc_sh] = CARINA[reunion] = CARINA[neumann]
2006055S10138  ,               ,none      ,UNNAMED[bom]
2006057S12114  ,               ,bsh152006 ,EMMA[jtwc_sh] = EMMA[bom] = EMMA[neumann]
2006060N04141  ,               ,bwp012006 ,bwp012006[jtwc_wp] = UNNAMED[cma] = TD0304[hko]
2006060S13058  ,               ,bsh162006 ,DIWA[jtwc_sh] = DIWA[reunion] = DIWA[neumann]
2006074S13158  ,               ,bsh172006 ,LARRY[jtwc_sh] = LARRY[bom] = LARRY[neumann]
2006075S14185  ,               ,bsh182006 ,WATI[jtwc_sh] = WATI[bom] = WATI[nadi] = WATI[wellington] = WATI[neumann]
2006078S12119  ,               ,bsh192006 ,FLOYD[jtwc_sh] = FLOYD[bom] = FLOYD[neumann]
2006081S14129  ,               ,bsh202006 ,GLENDA[jtwc_sh] = GLENDA[bom] = GLENDA[neumann]
2006093S15115  ,               ,bsh212006 ,HUBERT[jtwc_sh] = HUBERT[bom] = HUBERT[neumann]
2006094S08087  ,               ,bsh222006 ,ELIA[jtwc_sh] = ELIA[reunion] = ELIA[neumann]
2006106S10153  ,               ,bsh232006 ,MONICA[jtwc_sh] = MONICA[bom] = MONICA[neumann]
2006114N08090  ,               ,bio022006 ,MALA[jtwc_io] = UNNAMED[newdelhi]
2006128N09138  ,               ,bwp022006 ,CHANCHU[jtwc_wp] = CHANCHU[tokyo] = CHANCHU[cma] = CHANCHU[hko]
2006147N15259  ,               ,bep012006 ,ALETTA[hurdat_epa] = bep012006[atcf]
2006155N16257  ,               ,bep022006 ,TWO[hurdat_epa] = bep022006[atcf]
2006161N20275  ,               ,bal012006 ,ALBERTO[hurdat_atl] = bal012006[atcf]
2006174N08135  ,               ,bwp032006 ,JELAWAT[jtwc_wp] = JELAWAT[tokyo] = JELAWAT[cma] = JELAWAT[hko]
2006180N06140  ,               ,bwp042006 ,EWINIAR[jtwc_wp] = EWINIAR[tokyo] = EWINIAR[cma] = EWINIAR[hko]
2006182N20088  ,               ,bio032006 ,bio032006[jtwc_io] = UNNAMED[newdelhi]
2006184N16110  ,               ,none      ,UNNAMED[cma]
2006188N10143  ,               ,bwp052006 ,BILIS[jtwc_wp] = BILIS[tokyo] = BILIS[cma] = BILIS[hko]
2006192N13250  ,               ,bep032006 ,BUD[hurdat_epa] = bep032006[atcf]
2006193N13258  ,               ,bep042006 ,CARLOTTA[hurdat_epa] = bep042006[atcf]
2006198N08152  ,               ,bwp062006 ,KAEMI[jtwc_wp] = KAEMI[tokyo] = KAEMI[cma] = KAEMI[hko]
2006198N12252  ,               ,bep052006 ,DANIEL[hurdat_epa] = bep052006[atcf]
2006198N37291  ,               ,bal022006 ,UNNAMED[hurdat_atl] = bal022006[atcf]
2006200N32287  ,               ,bal032006 ,BERYL[hurdat_atl] = bal032006[atcf]
2006203N12257  ,               ,bep062006 ,EMILIA[hurdat_epa] = bep062006[atcf]
2006209N13130  ,               ,bwp072006 ,PRAPIROON[jtwc_wp] = PRAPIROON[tokyo] = PRAPIROON[cma] = PRAPIROON[hko]
2006213N13256  ,               ,bep082006 ,GILMA[hurdat_epa] = bep082006[atcf]
2006213N14239  ,               ,bep072006 ,FABIO[hurdat_epa] = bep072006[atcf]
2006213N16302  ,               ,bal042006 ,CHRIS[hurdat_atl] = bal042006[atcf]
2006214N20088  ,               ,none      ,UNNAMED[newdelhi]
2006216N07151  ,               ,bwp082006 ,SAOMAI[jtwc_wp] = SAOMAI[tokyo] = SAOMAI[cma] = SAOMAI[hko]
2006216N21152  ,               ,bwp092006 ,MARIA[jtwc_wp] = MARIA[tokyo] = MARIA[cma] = MARIA[hko]
2006217N20134  ,               ,bwp102006 ,BOPHA[jtwc_wp] = BOPHA[tokyo] = BOPHA[cma] = BOPHA[hko]
2006224N21088  ,               ,none      ,UNNAMED[newdelhi]
2006224N21141  ,               ,bwp112006 ,WUKONG[jtwc_wp] = WUKONG[tokyo] = WUKONG[cma] = WUKONG[hko]
2006225N17126  ,               ,bwp122006 ,SONAMU[jtwc_wp] = SONAMU[tokyo] = SONAMU[cma] = SONAMU[hko]
2006228N10218  ,               ,bcp012006 ,IOKE[hurdat_epa] = IOKE[tokyo] = IOKE[cma] = IOKE[hko] = bcp012006[atcf]
2006228N13247  ,               ,bep092006 ,HECTOR[hurdat_epa] = bep092006[atcf]
2006228N21088  ,               ,none      ,UNNAMED[newdelhi]
2006234N12258  ,               ,bep102006 ,ILEANA[hurdat_epa] = bep102006[atcf]
2006234N12338  ,               ,bal052006 ,DEBBY[hurdat_atl] = bal052006[atcf]
2006234N18109  ,               ,bwp132006 ,bwp132006[jtwc_wp] = UNNAMED[cma] = TD0823[hko]
2006237N13298  ,               ,bal062006 ,ERNESTO[hurdat_atl] = bal062006[atcf]
2006240N12265  ,               ,bep112006 ,JOHN[hurdat_epa] = bep112006[atcf]
2006241N20088  ,               ,none      ,UNNAMED[newdelhi]
2006242N16246  ,               ,bep122006 ,KRISTY[hurdat_epa] = bep122006[atcf]
2006247N14321  ,               ,bal072006 ,FLORENCE[hurdat_atl] = bal072006[atcf]
2006247N21089  ,               ,none      ,UNNAMED[newdelhi]
2006252N13139  ,               ,bwp142006 ,SHANSHAN[jtwc_wp] = SHANSHAN[tokyo] = SHANSHAN[cma] = SHANSHAN[hko]
2006253N20120  ,               ,bwp152006 ,bwp152006[jtwc_wp] = UNNAMED[cma] = TD0912[hko]
2006254N20306  ,               ,bal082006 ,GORDON[hurdat_atl] = bal082006[atcf]
2006256N12338  ,               ,bal092006 ,HELENE[hurdat_atl] = bal092006[atcf]
2006257N16259  ,               ,bep132006 ,LANE[hurdat_epa] = bep132006[atcf]
2006258N11215  ,               ,bcp022006 ,TWO[hurdat_epa] = bcp022006[atcf]
2006259N17245  ,               ,bep142006 ,MIRIAM[hurdat_epa] = bep142006[atcf]
2006259N19155  ,               ,bwp162006 ,YAGI[jtwc_wp] = YAGI[tokyo] = YAGI[cma] = YAGI[hko]
2006262N19069  ,               ,bio042006 ,MUKDA[jtwc_io] = UNNAMED[newdelhi]
2006264N13115  ,               ,bwp172006 ,bwp172006[jtwc_wp] = UNNAMED[cma] = TD0922[hko]
2006264N23087  ,               ,none      ,UNNAMED[newdelhi]
2006268N10187  ,               ,bcp032006 ,THREE[hurdat_epa] = bcp032006[atcf]
2006268N12129  ,               ,bwp182006 ,XANGSANE[jtwc_wp] = XANGSANE[tokyo] = XANGSANE[cma] = XANGSANE[hko]
2006271N18089  ,               ,bio052006 ,bio052006[jtwc_io] = UNNAMED[newdelhi]
2006271N26307  ,               ,bal102006 ,ISAAC[hurdat_atl] = bal102006[atcf]
2006272N13144  ,               ,bwp192006 ,BEBINCA[jtwc_wp] = BEBINCA[tokyo] = BEBINCA[cma] = BEBINCA[hko]
2006276N18151  ,               ,bwp202006 ,RUMBIA[jtwc_wp] = RUMBIA[tokyo] = RUMBIA[cma] = RUMBIA[hko]
2006281N11201  ,               ,bcp042006 ,FOUR[hurdat_epa] = bcp042006[atcf]
2006282N13160  ,               ,bwp212006 ,SOULIK[jtwc_wp] = SOULIK[tokyo] = SOULIK[cma] = SOULIK[hko]
2006282N14243  ,               ,bep152006 ,NORMAN[hurdat_epa] = bep152006[atcf]
2006283N13232  ,               ,bep162006 ,OLIVIA[hurdat_epa] = bep162006[atcf]
2006294N16254  ,               ,bep172006 ,PAUL[hurdat_epa] = bep172006[atcf]
2006294S10168  ,               ,bsh012007 ,XAVIER[jtwc_sh] = XAVIER[nadi] = XAVIER[wellington] = XAVIER[neumann]
2006298N12143  ,               ,bwp222006 ,CIMARON[jtwc_wp] = CIMARON[tokyo] = CIMARON[cma] = CIMARON[hko]
2006300N07078  ,               ,bio062006 ,bio062006[jtwc_io] = UNNAMED[newdelhi]
2006300N17256  ,               ,bep182006 ,EIGHTEEN[hurdat_epa] = bep182006[atcf]
2006311N16143  ,               ,bwp232006 ,CHEBI[jtwc_wp] = CHEBI[tokyo] = CHEBI[cma] = CHEBI[hko]
2006312N13256  ,               ,bep192006 ,ROSA[hurdat_epa] = bep192006[atcf]
2006315N13248  ,               ,bep202006 ,TWENTY[hurdat_epa] = bep202006[atcf]
2006318N12256  ,               ,bep212006 ,SERGIO[hurdat_epa] = bep212006[atcf]
2006322S09172  ,               ,bsh022007 ,YANI[jtwc_sh] = YANI[nadi] = YANI[wellington] = YANI[neumann]
2006329N06150  ,               ,bwp242006 ,DURIAN[jtwc_wp] = DURIAN[tokyo] = DURIAN[cma] = DURIAN[hko]
2006330S06049  ,               ,bsh032007 ,ANITA[jtwc_sh] = ANITA[reunion] = ANITA[neumann]
2006335S10164  ,               ,bsh042007 ,bsh042007[jtwc_sh] = UNNAMED[neumann]
2006340N08142  ,               ,bwp252006 ,UTOR[jtwc_wp] = UTOR[tokyo] = UTOR[cma] = UTOR[hko]
2006349N08157  ,               ,bwp262006 ,TRAMI[jtwc_wp] = TRAMI[tokyo] = TRAMI[cma] = TRAMI[hko]
2006350S07071  ,               ,bsh052007 ,BONDO[jtwc_sh] = BONDO[reunion] = BONDO[neumann]
2006364S12058  ,               ,bsh062007 ,CLOVIS[jtwc_sh] = CLOVIS[reunion] = CLOVIS[neumann]
2006365S12114  ,               ,bsh072007 ,ISOBEL[jtwc_sh] = ISOBEL[bom] = ISOBEL[neumann]
2007021S12183  ,               ,bsh092007 ,ARTHUR[jtwc_sh] = ARTHUR[nadi] = ARTHUR[wellington] = ARTHUR[neumann]
2007021S12195  ,               ,bsh082007 ,ZITA[jtwc_sh] = ZITA[nadi] = ZITA[wellington] = ZITA[neumann]
2007027S07069  ,               ,bsh102007 ,DORA[jtwc_sh] = DORA[reunion] = DORA[neumann]
2007032S11137  ,               ,bsh122007 ,NELSON[jtwc_sh] = NELSON[bom] = NELSON[neumann]
2007033S12177  ,               ,bsh112007 ,bsh112007[jtwc_sh] = UNNAMED[neumann]
2007037S19050  ,               ,bsh132007 ,ENOK[jtwc_sh] = ENOK[reunion] = ENOK[neumann]
2007043S11071  ,               ,bsh142007 ,FAVIO[jtwc_sh] = FAVIO[reunion] = FAVIO[neumann]
2007050S16079  ,               ,bsh152007 ,GAMEDE[jtwc_sh] = GAMEDE[reunion] = GAMEDE[neumann]
2007052S10093  ,               ,bsh162007 ,HUMBA[jtwc_sh] = HUMBA[reunion] = HUMBA[neumann]
2007058S12135  ,               ,bsh172007 ,GEORGE[jtwc_sh] = GEORGE[bom] = GEORGE[neumann]
2007062S14119  ,               ,bsh182007 ,JACOB[jtwc_sh] = JACOB[bom] = JACOB[neumann]
2007066S12066  ,               ,bsh192007 ,INDLALA[jtwc_sh] = INDLALA[reunion] = INDLALA[neumann]
2007082S16125  ,               ,bsh202007 ,KARA[jtwc_sh] = KARA[bom] = KARA[neumann]
2007084S12157  ,               ,bsh212007 ,BECKY[jtwc_sh] = BECKY[nadi] = BECKY[wellington] = BECKY[neumann]
2007085S11085  ,               ,bsh222007 ,JAYA[jtwc_sh] = JAYA[reunion] = JAYA[neumann]
2007090N06158  ,               ,bwp012007 ,KONG-REY[jtwc_wp] = KONG-REY[tokyo] = KONG-REY[cma] = KONG-REY[hko]
2007091S14175  ,               ,bsh232007 ,CLIFF[jtwc_sh] = CLIFF[nadi] = CLIFF[wellington] = CLIFF[neumann]
2007100S22037  ,               ,none      ,1520062007[reunion]
2007127N36286  ,               ,bal012007 ,ANDREA[hurdat_atl] = bal012007[atcf]
2007133N15091  ,               ,bio012007 ,AKASH[jtwc_io] = UNNAMED[newdelhi]
2007135N08147  ,               ,bwp022007 ,YUTU[jtwc_wp] = YUTU[tokyo] = YUTU[cma] = YUTU[hko]
2007136S10158  ,               ,bsh242007 ,PIERRE[jtwc_sh] = PIERRE[bom] = PIERRE[neumann]
2007147N13249  ,               ,bep012007 ,ALVIN[hurdat_epa] = bep012007[atcf]
2007150N14263  ,               ,bep022007 ,BARBARA[hurdat_epa] = bep022007[atcf]
2007151N14072  ,               ,bio022007 ,GONU[jtwc_io] = UNNAMED[newdelhi]
2007151N18273  ,               ,bal022007 ,BARRY[hurdat_atl] = bal022007[atcf]
2007163N15250  ,               ,bep032007 ,THREE[hurdat_epa] = bep032007[atcf]
2007172N15088  ,               ,bio032007 ,bio032007[jtwc_io] = UNNAMED[newdelhi]
2007178N18089  ,               ,bio042007 ,bio042007[jtwc_io]
2007184N16112  ,               ,bwp032007 ,TORAJI[jtwc_wp] = TORAJI[tokyo] = TORAJI[cma] = TORAJI[hko]
2007188N04148  ,               ,bwp042007 ,MAN-YI[jtwc_wp] = MAN-YI[tokyo] = MAN-YI[cma] = MAN-YI[hko]
2007191N17241  ,               ,bep042007 ,FOUR[hurdat_epa] = bep042007[atcf]
2007196N11234  ,               ,bep062007 ,COSME[hurdat_epa] = bep062007[atcf]
2007196N15246  ,               ,bep052007 ,FIVE[hurdat_epa] = bep052007[atcf]
2007203N13255  ,               ,bep072007 ,DALILA[hurdat_epa] = bep072007[atcf]
2007208N20155  ,               ,bwp052007 ,USAGI[jtwc_wp] = USAGI[tokyo] = USAGI[cma] = USAGI[hko]
2007208S03086  ,               ,bsh012008 ,bsh012008[jtwc_sh] = UNNAMED[bom]
2007212N36294  ,               ,bal032007 ,CHANTAL[hurdat_atl] = bal032007[atcf]
2007213N12115  ,               ,bwp062007 ,bwp062007[jtwc_wp] = UNNAMED[cma] = TS0803[hko]
2007213N13238  ,               ,bep082007 ,ERICK[hurdat_epa] = bep082007[atcf]
2007216N18138  ,               ,bwp072007 ,PABUK[jtwc_wp] = PABUK[tokyo] = PABUK[cma] = PABUK[hko]
2007219N15130  ,               ,bwp082007 ,WUTIP[jtwc_wp] = WUTIP[tokyo] = WUTIP[cma] = WUTIP[hko]
2007221N13234  ,               ,bep092007 ,FLOSSIE[hurdat_epa] = bep092007[atcf]
2007223N19136  ,               ,bwp092007 ,SEPAT[jtwc_wp] = SEPAT[tokyo] = SEPAT[cma] = SEPAT[hko]
2007225N12331  ,               ,bal042007 ,DEAN[hurdat_atl] = bal042007[atcf]
2007227N24269  ,               ,bal052007 ,ERIN[hurdat_atl] = bal052007[atcf]
2007240N17153  ,               ,bwp102007 ,FITOW[jtwc_wp] = FITOW[tokyo] = FITOW[cma] = FITOW[hko]
2007242N13264  ,               ,bep112007 ,HENRIETTE[hurdat_epa] = bep112007[atcf]
2007242N19251  ,               ,bep102007 ,GIL[hurdat_epa] = bep102007[atcf]
2007244N12303  ,               ,bal062007 ,FELIX[hurdat_atl] = bal062007[atcf]
2007249N24161  ,               ,bwp112007 ,DANAS[jtwc_wp] = DANAS[tokyo] = DANAS[cma] = DANAS[hko]
2007251N30288  ,               ,bal072007 ,GABRIELLE[hurdat_atl] = bal072007[atcf]
2007254N18140  ,               ,bwp122007 ,NARI[jtwc_wp] = NARI[tokyo] = NARI[cma] = NARI[hko]
2007255N13316  ,               ,bal082007 ,INGRID[hurdat_atl] = bal082007[atcf]
2007255N27265  ,               ,bal092007 ,HUMBERTO[hurdat_atl] = bal092007[atcf]
2007257N16134  ,               ,bwp132007 ,WIPHA[jtwc_wp] = WIPHA[tokyo] = WIPHA[cma] = WIPHA[hko]
2007261N13254  ,               ,bep122007 ,IVO[hurdat_epa] = bep122007[atcf]
2007262N09138  ,               ,bwp142007 ,bwp142007[jtwc_wp]
2007262N16233  ,               ,bep132007 ,THIRTEEN[hurdat_epa] = bep132007[atcf]
2007265N20122  ,               ,bwp152007 ,FRANCISCO[jtwc_wp] = FRANCISCO[tokyo] = FRANCISCO[cma] = FRANCISCO[hko]
2007265N29275  ,               ,bal102007 ,TEN[hurdat_atl] = bal102007[atcf]
2007266N36314  ,               ,bal112007 ,JERRY[hurdat_atl] = bal112007[atcf]
2007268N10324  ,               ,bal122007 ,KAREN[hurdat_atl] = bal122007[atcf]
2007269N22265  ,               ,bal132007 ,LORENZO[hurdat_atl] = bal132007[atcf]
2007271N14334  ,               ,bal142007 ,MELISSA[hurdat_atl] = bal142007[atcf]
2007272N15251  ,               ,bep142007 ,JULIETTE[hurdat_epa] = bep142007[atcf]
2007272N17125  ,               ,bwp162007 ,LEKIMA[jtwc_wp] = LEKIMA[tokyo] = LEKIMA[cma] = LEKIMA[hko]
2007274N18131  ,               ,bwp172007 ,KROSA[jtwc_wp] = KROSA[tokyo] = KROSA[cma] = KROSA[hko]
2007274N28173  ,               ,bwp272007 ,bwp272007[jtwc_wp] = HAIYAN[tokyo] = HAIYAN[cma] = HAIYAN[hko]
2007276N20147  ,               ,none      ,PODUL[tokyo] = PODUL[cma] = PODUL[hko]
2007282N19181  ,               ,bwp182007 ,LINGLING[jtwc_wp] = LINGLING[tokyo] = LINGLING[cma] = LINGLING[hko]
2007285N30307  ,               ,bal152007 ,FIFTEEN[hurdat_atl] = bal152007[atcf]
2007288N15251  ,               ,bep152007 ,KIKO[hurdat_epa] = bep152007[atcf]
2007291N19148  ,               ,bwp192007 ,KAJIKI[jtwc_wp] = KAJIKI[tokyo] = KAJIKI[cma] = KAJIKI[hko]
2007297N18300  ,               ,bal162007 ,NOEL[hurdat_atl] = bal162007[atcf]
2007298N18136  ,               ,bwp202007 ,FAXAI[jtwc_wp] = FAXAI[tokyo] = FAXAI[cma] = FAXAI[hko]
2007300N11068  ,               ,bio052007 ,bio052007[jtwc_io]
2007306N18133  ,               ,bwp212007 ,PEIPAH[jtwc_wp] = PEIPAH[tokyo] = PEIPAH[cma] = PEIPAH[hko]
2007313N16148  ,               ,bwp222007 ,TAPAH[jtwc_wp] = TAPAH[tokyo] = TAPAH[cma] = TAPAH[hko]
2007314N10093  ,               ,bio062007 ,SIDR[jtwc_io] = UNNAMED[newdelhi]
2007315S05095  ,               ,bsh032008 ,LEE-ARIEL[jtwc_sh] = LEE[bom] = ARIEL[reunion]
2007317S10150  ,               ,bsh022008 ,GUBA[jtwc_sh] = GUBA[bom]
2007322S06075  ,               ,bsh042008 ,BONGWE[jtwc_sh] = BONGWE[reunion]
2007323N09128  ,               ,bwp232007 ,HAGIBIS[jtwc_wp] = HAGIBIS[tokyo] = HAGIBIS[cma] = HAGIBIS[hko]
2007324N10140  ,               ,bwp242007 ,MITAG[jtwc_wp] = MITAG[tokyo] = MITAG[cma] = MITAG[hko]
2007327N09152  ,               ,bwp252007 ,bwp252007[jtwc_wp]
2007330N10141  ,               ,bwp262007 ,bwp262007[jtwc_wp]
2007337S12186  ,               ,bsh052008 ,DAMAN[jtwc_sh] = DAMAN[nadi] = DAMAN[wellington]
2007345N18298  ,               ,bal172007 ,OLGA[hurdat_atl] = bal172007[atcf]
2007346S12073  ,               ,bsh062008 ,CELINA[jtwc_sh] = CELINA[reunion]
2007352S12088  ,               ,bsh072008 ,DAMA[jtwc_sh] = DAMA[reunion]
2007360S10116  ,               ,bsh082008 ,MELANIE[jtwc_sh] = MELANIE[bom]
2007363S20043  ,               ,bsh092008 ,ELNUS[jtwc_sh] = ELNUS[reunion]
2007365S15134  ,               ,bsh102008 ,HELEN[jtwc_sh] = HELEN[bom]
2008008S18184  ,               ,bsh112008 ,ELISA[jtwc_sh] = ELISA[nadi] = ELISA[wellington]
2008012N12123  ,               ,bwp012008 ,bwp012008[jtwc_wp] = UNNAMED[cma]
2008015S16162  ,               ,bsh122008 ,FUNA[jtwc_sh] = FUNA[nadi] = FUNA[wellington]
2008023S10050  ,               ,bsh132008 ,FAME[jtwc_sh] = FAME[reunion]
2008026S11064  ,               ,bsh142008 ,GULA[jtwc_sh] = GULA[reunion]
2008026S12179  ,               ,bsh152008 ,GENE[jtwc_sh] = GENE[nadi] = GENE[wellington]
2008033S11083  ,               ,bsh162008 ,HONDO[jtwc_sh] = HONDO[reunion]
2008035S14101  ,2008034S12103  ,bsh172008 ,bsh172008[jtwc_sh] = UNNAMED[bom]
2008037S10055  ,               ,bsh182008 ,IVAN[jtwc_sh] = IVAN[reunion]
2008042S16122  ,               ,bsh192008 ,NICHOLAS[jtwc_sh] = NICHOLAS[bom]
2008058S15131  ,               ,bsh212008 ,OPHELIA[jtwc_sh] = OPHELIA[bom]
2008060S19151  ,               ,bsh202008 ,bsh202008[jtwc_sh]
2008062S10064  ,               ,bsh222008 ,JOKWE[jtwc_sh] = JOKWE[reunion]
2008065S12096  ,               ,bsh232008 ,KAMBA[jtwc_sh] = KAMBA[reunion]
2008079S12069  ,               ,bsh252008 ,LOLA[jtwc_sh] = LOLA[reunion]
2008080S17163  ,               ,bsh242008 ,bsh242008[jtwc_sh]
2008083S12102  ,               ,bsh262008 ,PANCHO[jtwc_sh] = PANCHO[bom]
2008104N08128  ,               ,bwp022008 ,NEOGURI[jtwc_wp] = NEOGURI[tokyo] = NEOGURI[cma] = NEOGURI[hko]
2008108S13158  ,               ,bsh272008 ,bsh272008[jtwc_sh]
2008111S06082  ,               ,bsh292008 ,DURGA[jtwc_sh] = DURGA[bom]
2008111S08096  ,               ,bsh282008 ,ROSIE[jtwc_sh] = ROSIE[bom]
2008117N11090  ,               ,bio012008 ,NARGIS[jtwc_io] = UNNAMED[newdelhi]
2008128N07134  ,               ,bwp032008 ,RAMMASUN[jtwc_wp] = RAMMASUN[tokyo] = RAMMASUN[cma] = RAMMASUN[hko]
2008135N12116  ,               ,bwp052008 ,HALONG[jtwc_wp] = HALONG[tokyo] = HALONG[cma] = HALONG[hko]
2008135N16125  ,               ,bwp042008 ,MATMO[jtwc_wp] = MATMO[tokyo] = MATMO[cma] = MATMO[hko]
2008147N10141  ,               ,bwp062008 ,NAKRI[jtwc_wp] = NAKRI[tokyo] = NAKRI[cma] = NAKRI[hko]
2008150N10274  ,               ,bep012008 ,ALMA[hurdat_epa] = bep012008[atcf]
2008152N18273  ,               ,bal012008 ,ARTHUR[hurdat_atl] = bal012008[atcf]
2008157N16066  ,               ,none      ,UNNAMED[newdelhi]
2008168N22090  ,               ,none      ,UNNAMED[newdelhi]
2008169N08135  ,               ,bwp072008 ,FENGSHEN[jtwc_wp] = FENGSHEN[tokyo] = FENGSHEN[cma] = FENGSHEN[hko]
2008179N12252  ,               ,bep022008 ,BORIS[hurdat_epa] = bep022008[atcf]
2008180N14238  ,               ,bep032008 ,CRISTINA[hurdat_epa] = bep032008[atcf]
2008184N15254  ,               ,bep042008 ,DOUGLAS[hurdat_epa] = bep042008[atcf]
2008185N13337  ,               ,bal022008 ,BERTHA[hurdat_atl] = bal022008[atcf]
2008188N14260  ,               ,none      ,FIVE[hurdat_epa]
2008193N20126  ,               ,bwp082008 ,KALMAEGI[jtwc_wp] = KALMAEGI[tokyo] = KALMAEGI[cma] = KALMAEGI[hko]
2008194N11266  ,               ,bep062008 ,ELIDA[hurdat_epa] = bep062008[atcf]
2008198N10265  ,               ,bep072008 ,FAUSTO[hurdat_epa] = bep072008[atcf]
2008201N32280  ,               ,bal032008 ,CRISTOBAL[hurdat_atl] = bal032008[atcf]
2008203N18276  ,               ,bal042008 ,DOLLY[hurdat_atl] = bal042008[atcf]
2008204N13260  ,               ,bep082008 ,GENEVIEVE[hurdat_epa] = bep082008[atcf]
2008206N22133  ,               ,bwp092008 ,FUNG-WONG[jtwc_wp] = FUNG-WONG[tokyo] = FUNG-WONG[cma] = FUNG-WONG[hko]
2008217N19120  ,               ,bwp102008 ,KAMMURI[jtwc_wp] = KAMMURI[tokyo] = KAMMURI[cma] = KAMMURI[hko]
2008217N28273  ,               ,bal052008 ,EDOUARD[hurdat_atl] = bal052008[atcf]
2008218N10224  ,               ,bcp012008 ,KIKA[hurdat_epa] = bcp012008[atcf]
2008220N12250  ,               ,bep092008 ,HERNAN[hurdat_epa] = bep092008[atcf]
2008223N20086  ,               ,none      ,UNNAMED[newdelhi]
2008223N27151  ,               ,none      ,PHANFONE[tokyo] = PHANFONE[cma] = PHANFONE[hko]
2008224N24122  ,               ,bwp112008 ,bwp112008[jtwc_wp]
2008226N22134  ,               ,bwp122008 ,VONGFONG[jtwc_wp] = VONGFONG[tokyo] = VONGFONG[cma] = VONGFONG[hko]
2008227N16255  ,               ,bep102008 ,ISELLE[hurdat_epa] = bep102008[atcf]
2008229N13147  ,               ,bwp132008 ,NURI[jtwc_wp] = NURI[tokyo] = NURI[cma] = NURI[hko]
2008229N18293  ,               ,bal062008 ,FAY[hurdat_atl] = bal062008[atcf]
2008237N18253  ,               ,bep112008 ,JULIO[hurdat_epa] = bep112008[atcf]
2008238N13130  ,               ,bwp142008 ,FOURTEEN[jtwc_wp] = UNNAMED[cma] = TD0827[hko]
2008238N13293  ,               ,bal072008 ,GUSTAV[hurdat_atl] = bal072008[atcf]
2008241N19303  ,               ,bal082008 ,HANNA[hurdat_atl] = bal082008[atcf]
2008245N17323  ,               ,bal092008 ,IKE[hurdat_atl] = bal092008[atcf]
2008246N12338  ,               ,bal102008 ,JOSEPHINE[hurdat_atl] = bal102008[atcf]
2008246N19250  ,               ,bep122008 ,KARINA[hurdat_epa] = bep122008[atcf]
2008251N15256  ,               ,bep132008 ,LOWELL[hurdat_epa] = bep132008[atcf]
2008252N16128  ,               ,bwp152008 ,SINLAKU[jtwc_wp] = SINLAKU[tokyo] = SINLAKU[cma] = SINLAKU[hko]
2008253N29150  ,               ,bwp162008 ,SIXTEEN[jtwc_wp]
2008257N28148  ,               ,bwp172008 ,SEVENTEEN[jtwc_wp]
2008259N20089  ,               ,bio022008 ,TWO[jtwc_io] = UNNAMED[newdelhi]
2008262N16142  ,               ,bwp182008 ,HAGUPIT[jtwc_wp] = HAGUPIT[tokyo] = HAGUPIT[cma] = HAGUPIT[hko]
2008268N12140  ,               ,bwp192008 ,JANGMI[jtwc_wp] = JANGMI[tokyo] = JANGMI[cma] = JANGMI[hko]
2008269N21290  ,               ,bal112008 ,KYLE[hurdat_atl] = bal112008[atcf]
2008270N39325  ,               ,bal122008 ,LAURA[hurdat_atl] = bal122008[atcf]
2008272N08139  ,               ,bwp212008 ,HIGOS[jtwc_wp] = HIGOS[tokyo] = HIGOS[cma] = HIGOS[hko]
2008272N15113  ,               ,bwp202008 ,MEKKHALA[jtwc_wp] = MEKKHALA[tokyo] = MEKKHALA[cma] = MEKKHALA[hko]
2008275N16245  ,               ,bep142008 ,MARIE[hurdat_epa] = bep142008[atcf]
2008278N13261  ,               ,bep152008 ,NORBERT[hurdat_epa] = bep152008[atcf]
2008280N18268  ,               ,bal132008 ,MARCO[hurdat_atl] = bal132008[atcf]
2008283N12271  ,               ,bep162008 ,ODILE[hurdat_epa] = bep162008[atcf]
2008286N16323  ,               ,bal142008 ,NANA[hurdat_atl] = bal142008[atcf]
2008286N17109  ,               ,bwp222008 ,TWENTYTWO[jtwc_wp] = UNNAMED[cma] = TD1013[hko]
2008287N15291  ,               ,bal152008 ,OMAR[hurdat_atl] = bal152008[atcf]
2008289N15277  ,               ,bal162008 ,SIXTEEN[hurdat_atl] = bal162008[atcf]
2008290S05071  ,               ,bsh012009 ,ASMA[jtwc_sh] = ASMA[reunion]
2008292N20152  ,               ,bwp232008 ,BAVI[jtwc_wp] = BAVI[tokyo] = BAVI[cma] = BAVI[hko]
2008293N09060  ,               ,bio032008 ,THREE[jtwc_io] = UNNAMED[newdelhi]
2008297N12255  ,               ,bep172008 ,SEVENTEEN[hurdat_epa] = bep172008[atcf]
2008298N16085  ,               ,bio042008 ,RASHMI[jtwc_io] = UNNAMED[newdelhi]
2008308N08252  ,               ,bep182008 ,POLO[hurdat_epa] = bep182008[atcf]
2008311N08128  ,               ,bwp242008 ,MAYSAK[jtwc_wp] = MAYSAK[tokyo] = MAYSAK[cma] = MAYSAK[hko]
2008311N14278  ,               ,bal172008 ,PALOMA[hurdat_atl] = bal172008[atcf]
2008317N11089  ,               ,bio052008 ,KHAI-MUK[jtwc_io] = UNNAMED[newdelhi]
2008319S07086  ,               ,bsh032009 ,THREE[jtwc_sh] = BERNARD[reunion]
2008320N08122  ,               ,bwp262008 ,NOUL[jtwc_wp] = NOUL[tokyo] = NOUL[cma] = NOUL[hko]
2008320N23146  ,               ,bwp252008 ,HAISHEN[jtwc_wp] = HAISHEN[tokyo] = HAISHEN[cma] = HAISHEN[hko]
2008323S08089  ,               ,bsh022009 ,ANIKA[jtwc_sh] = ANIKA[bom]
2008329N09082  ,               ,bio062008 ,NISHA[jtwc_io] = UNNAMED[newdelhi]
2008338N06092  ,               ,bio072008 ,SEVEN[jtwc_io] = UNNAMED[newdelhi]
2008343N16168  ,               ,bwp272008 ,DOLPHIN[jtwc_wp] = DOLPHIN[tokyo] = DOLPHIN[cma] = DOLPHIN[hko]
2008348S10077  ,               ,bsh042009 ,CINDA[jtwc_sh] = CINDA[reunion]
2008351S11128  ,               ,bsh052009 ,BILLY[jtwc_sh] = BILLY[bom]
2008356S14138  ,               ,none      ,UNNAMED[bom]
2009008S13069  ,               ,bsh062009 ,DONGO[jtwc_sh] = DONGO[reunion]
2009011S16139  ,               ,bsh072009 ,CHARLOTTE[jtwc_sh] = CHARLOTTE[bom]
2009017S15059  ,               ,bsh082009 ,ERIC[jtwc_sh] = ERIC[reunion]
2009017S20043  ,               ,bsh092009 ,FANELE[jtwc_sh] = FANELE[reunion]
2009024S17123  ,               ,bsh102009 ,DOMINIC[jtwc_sh] = DOMINIC[bom]
2009025S12177  ,               ,bsh112009 ,HETTIE[jtwc_sh] = HETTIE[nadi]
2009031S16147  ,               ,bsh122009 ,ELLIE[jtwc_sh] = ELLIE[bom]
2009032S15071  ,               ,bsh132009 ,GAEL[jtwc_sh] = GAEL[reunion]
2009034S16126  ,               ,bsh142009 ,FREDDY[jtwc_sh] = FREDDY[bom]
2009045S18174  ,               ,bsh152009 ,INNIS[jtwc_sh] = INNIS[nadi] = INNIS[wellington]
2009051S11075  ,               ,bsh162009 ,HINA[jtwc_sh] = HINA[reunion]
2009059S10101  ,               ,bsh172009 ,GABRIELLE[jtwc_sh] = GABRIELLE[bom]
2009064S13148  ,               ,bsh182009 ,HAMISH[jtwc_sh] = HAMISH[bom]
2009066S12081  ,               ,bsh192009 ,NINETEEN[jtwc_sh]
2009069S19204  ,               ,bsh202009 ,JONI[jtwc_sh] = JONI[nadi] = JONI[wellington]
2009074S10129  ,               ,bsh222009 ,ILSA[jtwc_sh] = ILSA[bom]
2009075S18197  ,               ,bsh212009 ,KEN[jtwc_sh] = KEN[nadi] = KEN[wellington]
2009082S15154  ,               ,bsh232009 ,JASPER[jtwc_sh] = JASPER[bom] = JASPER[nadi]
2009082S16039  ,               ,bsh242009 ,IZILDA[jtwc_sh] = IZILDA[reunion]
2009092S15178  ,               ,bsh252009 ,LIN[jtwc_sh] = LIN[nadi] = LIN[wellington]
2009093S12062  ,               ,bsh262009 ,JADE[jtwc_sh] = JADE[reunion]
2009104N13088  ,               ,bio012009 ,BIJLI[jtwc_io] = BIJLI[newdelhi]
2009107S07133  ,               ,bsh272009 ,KIRRILY[jtwc_sh] = KIRRILY[bom]
2009121N13124  ,               ,bwp012009 ,KUJIRA[jtwc_wp] = KUJIRA[tokyo] = KUJIRA[cma] = KUJIRA[hko]
2009123N10111  ,               ,bwp022009 ,CHAN-HOM[jtwc_wp] = CHAN-HOM[tokyo] = CHAN-HOM[cma] = CHAN-HOM[hko]
2009143N17089  ,               ,bio022009 ,AILA[jtwc_io] = AILA[newdelhi]
2009147N31285  ,               ,bal012009 ,ONE[hurdat_atl] = bal012009[atcf]
2009164N10131  ,               ,bwp032009 ,LINFA[jtwc_wp] = LINFA[tokyo] = LINFA[cma] = LINFA[hko]
2009167N14257  ,               ,bep012009 ,ONE[hurdat_epa] = ONE[jtwc_ep] = bep012009[atcf]
2009171N15264  ,               ,bep022009 ,ANDRES[hurdat_epa] = ANDRES[jtwc_ep] = bep022009[atcf]
2009173N10132  ,               ,bwp042009 ,NANGKA[jtwc_wp] = NANGKA[tokyo] = NANGKA[cma] = NANGKA[hko]
2009174N18072  ,               ,none      ,UNNAMED[newdelhi]
2009176N23069  ,               ,none      ,UNNAMED[newdelhi]
2009185N13260  ,               ,bep032009 ,BLANCA[hurdat_epa] = BLANCA[jtwc_ep] = bep032009[atcf]
2009189N17129  ,               ,bwp052009 ,SOUDELOR[jtwc_wp] = SOUDELOR[tokyo] = SOUDELOR[cma] = SOUDELOR[hko]
2009190N09254  ,               ,bep042009 ,CARLOS[hurdat_epa] = CARLOS[jtwc_ep] = bep042009[atcf]
2009192N16130  ,               ,bwp062009 ,SIX[jtwc_wp] = UNNAMED[cma] = TD0713[hko]
2009194N11257  ,               ,bep052009 ,DOLORES[hurdat_epa] = DOLORES[jtwc_ep] = bep052009[atcf]
2009196N14129  ,               ,bwp072009 ,MOLAVE[jtwc_wp] = MOLAVE[tokyo] = MOLAVE[cma] = MOLAVE[hko]
2009201N21089  ,               ,none      ,UNNAMED[newdelhi]
2009210N11231  ,               ,bep062009 ,LANA[hurdat_epa] = LANA[jtwc_ep] = bep062009[atcf]
2009213N16130  ,               ,bwp082009 ,GONI[jtwc_wp] = GONI[tokyo] = GONI[cma] = GONI[hko]
2009215N10242  ,               ,bep082009 ,FELICIA[hurdat_epa] = FELICIA[jtwc_ep] = bep082009[atcf]
2009215N13252  ,               ,bep072009 ,ENRIQUE[hurdat_epa] = ENRIQUE[jtwc_ep] = bep072009[atcf]
2009215N20133  ,               ,bwp092009 ,MORAKOT[jtwc_wp] = MORAKOT[tokyo] = MORAKOT[cma] = MORAKOT[hko]
2009219N19140  ,               ,bwp102009 ,ETAU[jtwc_wp] = ETAU[tokyo] = ETAU[cma] = ETAU[hko]
2009220N12246  ,               ,bep092009 ,NINE[hurdat_epa] = NINE[jtwc_ep] = bep092009[atcf]
2009221N10201  ,               ,bcp012009 ,MAKA[hurdat_epa] = MAKA[jtwc_cp] = TD0813[hko] = bcp012009[atcf]
2009222N09262  ,               ,bep102009 ,GUILLERMO[hurdat_epa] = GUILLERMO[jtwc_ep] = bep102009[atcf]
2009222N14336  ,               ,bal022009 ,ANA[hurdat_atl] = bal022009[atcf]
2009227N12328  ,               ,bal032009 ,BILL[hurdat_atl] = bal032009[atcf]
2009228N11163  ,               ,bwp112009 ,VAMCO[jtwc_wp] = VAMCO[tokyo] = VAMCO[cma] = VAMCO[hko]
2009228N27277  ,               ,bal042009 ,CLAUDETTE[hurdat_atl] = bal042009[atcf]
2009233N13230  ,               ,bep112009 ,HILDA[hurdat_epa] = HILDA[jtwc_ep] = bep112009[atcf]
2009235N14252  ,               ,bep122009 ,IGNACIO[hurdat_epa] = IGNACIO[jtwc_ep] = bep122009[atcf]
2009238N12189  ,               ,bcp022009 ,TWO[hurdat_epa] = TWO[jtwc_cp] = TD0830[hko] = bcp022009[atcf]
2009238N20151  ,               ,bwp122009 ,KROVANH[jtwc_wp] = KROVANH[tokyo] = KROVANH[cma] = KROVANH[hko]
2009238N24290  ,               ,bal052009 ,DANNY[hurdat_atl] = bal052009[atcf]
2009239N10253  ,               ,bep142009 ,KEVIN[hurdat_epa] = KEVIN[jtwc_ep] = bep142009[atcf]
2009239N12270  ,               ,bep132009 ,JIMENA[hurdat_epa] = JIMENA[jtwc_ep] = bep132009[atcf]
2009245N17303  ,               ,bal062009 ,ERIKA[hurdat_atl] = bal062009[atcf]
2009246N12250  ,               ,bep152009 ,LINDA[hurdat_epa] = LINDA[jtwc_ep] = bep152009[atcf]
2009246N18130  ,               ,bwp132009 ,DUJUAN[jtwc_wp] = DUJUAN[tokyo] = DUJUAN[cma] = DUJUAN[hko]
2009247N19089  ,               ,bio032009 ,bio032009[jtwc_io] = UNNAMED[newdelhi]
2009251N12336  ,               ,bal072009 ,FRED[hurdat_atl] = bal072009[atcf]
2009251N16118  ,               ,bwp142009 ,MUJIGAE[jtwc_wp] = MUJIGAE[tokyo] = MUJIGAE[cma] = MUJIGAE[hko]
2009254N14130  ,               ,bwp162009 ,KOPPU[jtwc_wp] = KOPPU[tokyo] = KOPPU[cma] = KOPPU[hko]
2009255N13155  ,               ,bwp152009 ,CHOI-WAN[jtwc_wp] = CHOI-WAN[tokyo] = CHOI-WAN[cma] = CHOI-WAN[hko]
2009257N14256  ,               ,bep162009 ,MARTY[hurdat_epa] = MARTY[jtwc_ep] = bep162009[atcf]
2009264N13252  ,               ,bep172009 ,NORA[hurdat_epa] = NORA[jtwc_ep] = bep172009[atcf]
2009268N14128  ,               ,bwp172009 ,KETSANA[jtwc_wp] = KETSANA[tokyo] = KETSANA[cma] = KETSANA[hko]
2009268N15331  ,               ,bal082009 ,EIGHT[hurdat_atl] = bal082009[atcf]
2009269N10163  ,               ,bwp182009 ,EIGHTEEN[jtwc_wp] = UNNAMED[cma]
2009270N10148  ,               ,bwp192009 ,PARMA[jtwc_wp] = PARMA[tokyo] = PARMA[cma] = PARMA[hko]
2009271N15257  ,               ,bep182009 ,OLAF[hurdat_epa] = OLAF[jtwc_ep] = bep182009[atcf]
2009271N46317  ,               ,bal092009 ,GRACE[hurdat_atl] = bal092009[atcf]
2009272N07164  ,               ,bwp202009 ,MELOR[jtwc_wp] = MELOR[tokyo] = MELOR[cma] = MELOR[hko]
2009279N15311  ,               ,bal102009 ,HENRI[hurdat_atl] = bal102009[atcf]
2009281N15144  ,               ,bwp212009 ,NEPARTAK[jtwc_wp] = NEPARTAK[tokyo] = NEPARTAK[cma] = NEPARTAK[hko]
2009282N16252  ,               ,bep192009 ,PATRICIA[hurdat_epa] = PATRICIA[jtwc_ep] = bep192009[atcf]
2009287N10154  ,               ,bwp222009 ,LUPIT[jtwc_wp] = LUPIT[tokyo] = LUPIT[cma] = LUPIT[hko]
2009288N07267  ,               ,bep202009 ,RICK[hurdat_epa] = RICK[jtwc_ep] = bep202009[atcf]
2009289N12230  ,               ,bcp032009 ,NEKI[hurdat_epa] = NEKI[jtwc_cp] = bcp032009[atcf]
2009291N16111  ,               ,none      ,UNNAMED[cma] = TD1019[hko]
2009299N12153  ,               ,bwp232009 ,MIRINAE[jtwc_wp] = MIRINAE[tokyo] = MIRINAE[cma] = MIRINAE[hko]
2009305N14134  ,               ,bwp242009 ,TWENTYFOUR[jtwc_wp] = UNNAMED[cma] = TD1102[hko]
2009308N11279  ,               ,bal112009 ,IDA[hurdat_atl] = bal112009[atcf]
2009311N20157  ,               ,bwp252009 ,TWENTYFIVE[jtwc_wp] = UNNAMED[cma] = TD1107[hko]
2009313N11072  ,               ,bio042009 ,PHYAN[jtwc_io] = PHYAN[newdelhi]
2009317S10073  ,               ,bsh012010 ,ANJA[jtwc_sh] = ANJA[reunion]
2009325N06148  ,               ,bwp262009 ,NIDA[jtwc_wp] = NIDA[tokyo] = NIDA[cma] = NIDA[hko]
2009325S12066  ,               ,bsh022010 ,BONGANI[jtwc_sh] = BONGANI[reunion]
2009337N14143  ,               ,bwp282009 ,TWENTYEIGH[jtwc_wp]
2009337S07096  ,               ,bsh032010 ,CLEO[jtwc_sh] = CLEO[reunion]
2009342S09140  ,               ,bsh062010 ,LAURENCE[jtwc_sh] = LAURENCE[bom]
2009344N06085  ,               ,bio052009 ,WARD[jtwc_io] = WARD[newdelhi]
2009346S07086  ,               ,bsh052010 ,DAVID[jtwc_sh] = DAVID[reunion]
2009346S10172  ,               ,bsh042010 ,MICK[jtwc_sh] = MICK[nadi]
2010002S09096  ,               ,bsh072010 ,EDZANI[jtwc_sh] = EDZANI[reunion]
2010018N07113  ,               ,bwp012010 ,ONE[jtwc_wp]
2010019S11123  ,               ,bsh082010 ,MAGDA[jtwc_sh] = MAGDA[bom]
2010020S14147  ,               ,none      ,NEVILLE[bom]
2010022S12160  ,2010020S08163  ,bsh092010 ,OLGA[jtwc_sh] = OLGA[bom]
2010027S14184  ,               ,bsh102010 ,NISHA[jtwc_sh] = NISHA[nadi]
2010027S17058  ,               ,bsh112010 ,ELEVEN[jtwc_sh]
2010029S12177  ,               ,bsh122010 ,OLI[jtwc_sh] = OLI[nadi] = OLI[wellington]
2010032S20042  ,               ,bsh132010 ,FAMI[jtwc_sh] = FAMI[reunion]
2010038S08194  ,               ,bsh142010 ,PAT[jtwc_sh] = PAT[nadi]
2010040S11185  ,               ,bsh152010 ,RENE[jtwc_sh] = RENE[nadi] = RENE[wellington]
2010046S10058  ,               ,bsh162010 ,GELANE[jtwc_sh] = GELANE[reunion]
2010051S06195  ,               ,bsh172010 ,SEVENTEEN[jtwc_sh] = SARAH[nadi]
2010066S19050  ,               ,bsh182010 ,HUBERT[jtwc_sh] = HUBERT[reunion]
2010067S25317  ,               ,bsl502010 ,bsl502010[atcf]
2010069S12188  ,               ,bsh192010 ,TOMAS[jtwc_sh] = TOMAS[nadi] = TOMAS[wellington]
2010070S15168  ,               ,bsh202010 ,ULUI[jtwc_sh] = ULUI[bom] = ULUI[nadi]
2010078N03153  ,               ,bwp022010 ,OMAIS[jtwc_wp] = OMAIS[tokyo] = OMAIS[cma] = OMAIS[hko]
2010080S06089  ,               ,bsh212010 ,IMANI[jtwc_sh] = IMANI[reunion]
2010084S09138  ,               ,bsh222010 ,PAUL[jtwc_sh] = PAUL[bom]
2010091S09093  ,               ,bsh232010 ,ROBYN[jtwc_sh] = ROBYN[bom]
2010110S10118  ,               ,bsh242010 ,SEAN[jtwc_sh] = SEAN[bom]
2010136N09057  ,               ,bio022010 ,BANDU[jtwc_io] = BANDU[newdelhi]
2010137N10090  ,               ,bio012010 ,LAILA[jtwc_io] = LAILA[newdelhi]
2010143S20035  ,               ,none      ,JOEL[reunion]
2010149N13266  ,               ,bep012010 ,AGATHA[hurdat_epa] = bep012010[atcf]
2010151N14065  ,               ,bio032010 ,PHET[jtwc_io] = PHET[newdelhi]
2010166N15255  ,               ,bep032010 ,BLAS[hurdat_epa] = bep032010[atcf]
2010167N15265  ,               ,bep022010 ,TWO[hurdat_epa] = bep022010[atcf]
2010169N13266  ,               ,bep042010 ,CELIA[hurdat_epa] = bep042010[atcf]
2010172N08272  ,               ,bep052010 ,DARBY[hurdat_epa] = bep052010[atcf]
2010176N16278  ,               ,bal012010 ,ALEX[hurdat_atl] = bal012010[atcf]
2010188N21269  ,               ,bal022010 ,TWO[hurdat_atl] = bal022010[atcf]
2010191N12138  ,               ,bwp032010 ,CONSON[jtwc_wp] = CONSON[tokyo] = CONSON[cma] = CONSON[hko]
2010195N14257  ,               ,bep062010 ,SIX[hurdat_epa] = bep062010[atcf]
2010198N15123  ,               ,bwp042010 ,CHANTHU[jtwc_wp] = CHANTHU[tokyo] = CHANTHU[cma] = CHANTHU[hko]
2010200N26127  ,               ,none      ,UNNAMED[cma] = TD0719[hko]
2010203N22286  ,               ,bal032010 ,BONNIE[hurdat_atl] = bal032010[atcf]
2010215N13319  ,               ,bal042010 ,COLIN[hurdat_atl] = bal042010[atcf]
2010217N15265  ,               ,bep072010 ,ESTELLE[hurdat_epa] = bep072010[atcf]
2010218N20127  ,               ,bwp052010 ,DIANMU[jtwc_wp] = DIANMU[tokyo] = DIANMU[cma] = DIANMU[hko]
2010222N26277  ,               ,bal052010 ,FIVE[hurdat_atl] = bal052010[atcf]
2010232N18253  ,               ,bep082010 ,EIGHT[hurdat_epa] = bep082010[atcf]
2010233N17119  ,               ,bwp062010 ,MINDULLE[jtwc_wp] = MINDULLE[tokyo] = MINDULLE[cma] = MINDULLE[hko]
2010234N11329  ,               ,bal062010 ,DANIELLE[hurdat_atl] = bal062010[atcf]
2010234N14267  ,               ,bep092010 ,FRANK[hurdat_epa] = bep092010[atcf]
2010236N12341  ,               ,bal072010 ,EARL[hurdat_atl] = bal072010[atcf]
2010239N15118  ,               ,bwp072010 ,LIONROCK[jtwc_wp] = LIONROCK[tokyo] = LIONROCK[cma] = LIONROCK[hko]
2010240N15142  ,               ,bwp082010 ,KOMPASU[jtwc_wp] = KOMPASU[tokyo] = KOMPASU[cma] = KOMPASU[hko]
2010241N25125  ,               ,bwp092010 ,NAMTHEUN[jtwc_wp] = NAMTHEUN[tokyo] = NAMTHEUN[cma] = NAMTHEUN[hko]
2010242N14318  ,               ,bal082010 ,FIONA[hurdat_atl] = bal082010[atcf]
2010243N12146  ,               ,bwp102010 ,MALOU[jtwc_wp] = MALOU[tokyo] = MALOU[cma] = MALOU[hko]
2010244N12328  ,               ,bal092010 ,GASTON[hurdat_atl] = bal092010[atcf]
2010246N19251  ,               ,bep102010 ,TEN[hurdat_epa] = bep102010[atcf]
2010247N15266  ,               ,multiple  ,HERMINE[hurdat_atl] = ELEVEN[hurdat_epa] = bep112010[atcf] = bal102010[atcf]
2010249N24125  ,               ,bwp112010 ,MERANTI[jtwc_wp] = MERANTI[tokyo] = MERANTI[cma] = MERANTI[hko]
2010251N14337  ,               ,bal112010 ,IGOR[hurdat_atl] = bal112010[atcf]
2010255N13340  ,               ,bal122010 ,JULIA[hurdat_atl] = bal122010[atcf]
2010256N17137  ,               ,bwp122010 ,FANAPI[jtwc_wp] = FANAPI[tokyo] = FANAPI[cma] = FANAPI[hko]
2010257N16282  ,               ,bal132010 ,KARL[hurdat_atl] = bal132010[atcf]
2010263N15149  ,               ,bwp132010 ,MALAKAS[jtwc_wp] = MALAKAS[tokyo] = MALAKAS[cma] = MALAKAS[hko]
2010263N15328  ,               ,bal142010 ,LISA[hurdat_atl] = bal142010[atcf]
2010264N20252  ,               ,bep122010 ,GEORGETTE[hurdat_epa] = bep122010[atcf]
2010267N14285  ,               ,bal152010 ,MATTHEW[hurdat_atl] = bal152010[atcf]
2010271N19276  ,               ,bal162010 ,NICOLE[hurdat_atl] = bal162010[atcf]
2010278N18110  ,               ,bwp142010 ,FOURTEEN[jtwc_wp] = UNNAMED[cma] = TD1005[hko]
2010279N22293  ,               ,bal172010 ,OTTO[hurdat_atl] = bal172010[atcf]
2010280N17085  ,               ,none      ,UNNAMED[newdelhi]
2010284N14278  ,               ,bal182010 ,PAULA[hurdat_atl] = bal182010[atcf]
2010285N13145  ,               ,bwp152010 ,MEGI[jtwc_wp] = MEGI[tokyo] = MEGI[cma] = MEGI[hko]
2010286N18090  ,               ,none      ,UNNAMED[newdelhi]
2010293N13165  ,               ,bwp172010 ,SEVENTEEN[jtwc_wp] = UNNAMED[cma] = TD1021[hko]
2010293N16147  ,               ,bwp162010 ,CHABA[jtwc_wp] = CHABA[tokyo] = CHABA[cma] = CHABA[hko]
2010293N17093  ,               ,bio042010 ,GIRI[jtwc_io] = GIRI[newdelhi]
2010293N17277  ,               ,bal192010 ,RICHARD[hurdat_atl] = bal192010[atcf]
2010298S09087  ,               ,bsh012011 ,ONE[jtwc_sh]
2010302N09306  ,               ,bal212010 ,TOMAS[hurdat_atl] = bal212010[atcf]
2010302N26299  ,               ,bal202010 ,SHARY[hurdat_atl] = bal202010[atcf]
2010302S08098  ,               ,bsh022011 ,ANGGREK[jtwc_sh] = ANGGREK[bom]
2010305N06105  ,               ,bio052010 ,JAL[jtwc_io] = JAL[newdelhi]
2010315N14112  ,               ,bwp182010 ,EIGHTEEN[jtwc_wp] = UNNAMED[cma]
2010331S07089  ,               ,bsh032011 ,ABELE[jtwc_sh] = ABELE[bom] = ABELE[reunion]
2010341N14082  ,               ,none      ,UNNAMED[newdelhi]
2010346N09115  ,               ,bwp192010 ,NINETEEN[jtwc_wp]
2010349S18109  ,               ,none      ,UNNAMED[bom]
2010350N30175  ,               ,bcp012010 ,OMEKA[hurdat_epa] = TD1219[hko] = bcp012010[atcf]
2010358S13152  ,               ,bsh042011 ,TASHA[jtwc_sh] = TASHA[bom]
2010363S15133  ,               ,none      ,UNNAMED[bom]
2011009S15113  ,               ,bsh062011 ,VINCE[jtwc_sh] = VINCE[bom]
2011010S17169  ,               ,bsh052011 ,VANIA[jtwc_sh] = VANIA[nadi] = VANIA[wellington]
2011013S15151  ,               ,bsh072011 ,ZELIA[jtwc_sh] = ZELIA[bom] = ZELIA[nadi] = ZELIA[wellington]
2011020S13182  ,               ,bsh082011 ,WILMA[jtwc_sh] = WILMA[nadi] = WILMA[wellington]
2011021S16129  ,               ,bsh102011 ,BIANCA[jtwc_sh] = BIANCA[bom]
2011023S16147  ,2011022S16146  ,bsh092011 ,ANTHONY[jtwc_sh] = ANTHONY[bom] = ANTHONY[nadi] = ANTHONY[wellington]
2011028S13180  ,               ,bsh112011 ,YASI[jtwc_sh] = YASI[bom] = YASI[nadi] = YASI[wellington]
2011033N06083  ,               ,none      ,UNNAMED[newdelhi]
2011034S19199  ,               ,bsh122011 ,ZAKA[jtwc_sh] = ZAKA[nadi] = ZAKA[wellington]
2011038S11062  ,               ,bsh132011 ,BINGIZA[jtwc_sh] = BINGIZA[reunion]
2011041S17113  ,               ,bsh142011 ,FOURTEEN[jtwc_sh]
2011045S14132  ,               ,bsh152011 ,CARLOS[jtwc_sh] = CARLOS[bom]
2011045S16119  ,2011045S17119  ,bsh162011 ,DIANNE[jtwc_sh] = DIANNE[bom]
2011048S14171  ,               ,bsh172011 ,ATU[jtwc_sh] = ATU[nadi] = ATU[wellington]
2011069S20321  ,               ,bsl502011 ,bsl502011[atcf]
2011073S11089  ,               ,bsh182011 ,CHERONO[jtwc_sh] = CHERONO[reunion]
2011082S17184  ,               ,bsh192011 ,BUNE[jtwc_sh] = BUNE[nadi] = BUNE[wellington]
2011088S10133  ,               ,bsh202011 ,TWENTY[jtwc_sh] = UNNAMED[bom]
2011091N09112  ,               ,bwp012011 ,ONE[jtwc_wp] = UNNAMED[cma]
2011093N10131  ,               ,bwp022011 ,TWO[jtwc_wp] = UNNAMED[cma]
2011102S26048  ,               ,none      ,0920102011[reunion]
2011103S12126  ,               ,bsh212011 ,ERROL[jtwc_sh] = ERROL[bom]
2011126N11129  ,               ,bwp032011 ,AERE[jtwc_wp] = AERE[tokyo] = AERE[cma] = AERE[hko]
2011140N08142  ,               ,bwp042011 ,SONGDA[jtwc_wp] = SONGDA[tokyo] = SONGDA[cma] = SONGDA[hko]
2011151N19116  ,               ,none      ,UNNAMED[cma]
2011158N11260  ,               ,bep012011 ,ADRIAN[hurdat_epa] = bep012011[atcf]
2011159N13122  ,               ,bwp052011 ,SARIKA[jtwc_wp] = SARIKA[tokyo] = SARIKA[cma] = SARIKA[hko]
2011167N08129  ,               ,bwp062011 ,HAIMA[jtwc_wp] = HAIMA[tokyo] = HAIMA[cma] = HAIMA[hko]
2011167N22089  ,               ,none      ,UNNAMED[newdelhi]
2011170N12263  ,               ,bep022011 ,BEATRIZ[hurdat_epa] = bep022011[atcf]
2011172N11133  ,               ,bwp072011 ,MEARI[jtwc_wp] = MEARI[tokyo] = MEARI[cma] = MEARI[hko]
2011179N20267  ,               ,bal012011 ,ARLENE[hurdat_atl] = bal012011[atcf]
2011188N14261  ,               ,bep032011 ,CALVIN[hurdat_epa] = bep032011[atcf]
2011192N18158  ,               ,bwp082011 ,MA-ON[jtwc_wp] = MA-ON[tokyo] = MA-ON[cma] = MA-ON[hko]
2011195N15134  ,               ,bwp092011 ,TOKAGE[jtwc_wp] = TOKAGE[tokyo] = TOKAGE[cma] = TOKAGE[hko]
2011197N31280  ,               ,bal022011 ,BRET[hurdat_atl] = bal022011[atcf]
2011199N10271  ,               ,bep042011 ,DORA[hurdat_epa] = bep042011[atcf]
2011201N33301  ,               ,bal032011 ,CINDY[hurdat_atl] = bal032011[atcf]
2011203N24085  ,               ,none      ,UNNAMED[newdelhi]
2011205N12130  ,               ,bwp102011 ,NOCK-TEN[jtwc_wp] = NOCK-TEN[tokyo] = NOCK-TEN[cma] = NOCK-TEN[hko]
2011208N09145  ,               ,bwp112011 ,MUIFA[jtwc_wp] = MUIFA[tokyo] = MUIFA[cma] = MUIFA[hko]
2011208N22274  ,               ,bal042011 ,DON[hurdat_atl] = bal042011[atcf]
2011212N10264  ,               ,bep052011 ,EUGENE[hurdat_epa] = bep052011[atcf]
2011214N15299  ,               ,bal052011 ,EMILY[hurdat_atl] = bal052011[atcf]
2011215N24164  ,               ,bwp122011 ,MERBOK[jtwc_wp] = MERBOK[tokyo] = MERBOK[cma] = MERBOK[hko]
2011221N17139  ,               ,bwp132011 ,THIRTEEN[jtwc_wp] = UNNAMED[cma] = TD0810[hko]
2011225N26302  ,               ,bal072011 ,GERT[hurdat_atl] = bal072011[atcf]
2011225N35294  ,               ,bal062011 ,FRANKLIN[hurdat_atl] = bal062011[atcf]
2011227N12234  ,               ,bep062011 ,FERNANDA[hurdat_epa] = bep062011[atcf]
2011229N14261  ,               ,bep072011 ,GREG[hurdat_epa] = bep072011[atcf]
2011231N15278  ,               ,bal082011 ,HARVEY[hurdat_atl] = bal082011[atcf]
2011233N12129  ,               ,bwp142011 ,NANMADOL[jtwc_wp] = NANMADOL[tokyo] = NANMADOL[cma] = NANMADOL[hko]
2011233N15301  ,               ,bal092011 ,IRENE[hurdat_atl] = bal092011[atcf]
2011236N15143  ,               ,bwp152011 ,TALAS[jtwc_wp] = TALAS[tokyo] = TALAS[cma] = TALAS[hko]
2011237N12331  ,               ,bal102011 ,TEN[hurdat_atl] = bal102011[atcf]
2011239N27301  ,               ,bal112011 ,JOSE[hurdat_atl] = bal112011[atcf]
2011240N10341  ,               ,bal122011 ,KATIA[hurdat_atl] = bal122011[atcf]
2011243N17259  ,               ,bep082011 ,EIGHT[hurdat_epa] = bep082011[atcf]
2011244N37296  ,               ,bal202011 ,UNNAMED[hurdat_atl] = bal202011[atcf]
2011245N21150  ,               ,bwp162011 ,NORU[jtwc_wp] = NORU[tokyo] = NORU[cma] = NORU[hko]
2011245N27269  ,               ,bal132011 ,LEE[hurdat_atl] = bal132011[atcf]
2011249N18133  ,               ,bwp172011 ,KULAP[jtwc_wp] = KULAP[tokyo] = KULAP[cma] = KULAP[hko]
2011250N12324  ,               ,bal142011 ,MARIA[hurdat_atl] = bal142011[atcf]
2011250N20266  ,               ,bal152011 ,NATE[hurdat_atl] = bal152011[atcf]
2011253N20145  ,               ,bwp182011 ,ROKE[jtwc_wp] = ROKE[tokyo] = ROKE[cma] = ROKE[hko]
2011257N19154  ,               ,bwp192011 ,SONCA[jtwc_wp] = SONCA[tokyo] = SONCA[cma] = SONCA[hko]
2011263N12323  ,               ,bal162011 ,OPHELIA[hurdat_atl] = bal162011[atcf]
2011264N13264  ,               ,bep092011 ,HILARY[hurdat_epa] = bep092011[atcf]
2011265N21088  ,               ,none      ,UNNAMED[newdelhi]
2011266N08343  ,               ,bal172011 ,PHILIPPE[hurdat_atl] = bal172011[atcf]
2011266N13139  ,               ,bwp202011 ,NESAT[jtwc_wp] = NESAT[tokyo] = NESAT[cma] = NESAT[hko]
2011267N16111  ,               ,bwp212011 ,HAITANG[jtwc_wp] = HAITANG[tokyo] = HAITANG[cma] = HAITANG[hko]
2011270N18139  ,               ,bwp222011 ,NALGAE[jtwc_wp] = NALGAE[tokyo] = NALGAE[cma] = NALGAE[hko]
2011278N12248  ,               ,bep112011 ,IRWIN[hurdat_epa] = bep112011[atcf]
2011279N10257  ,               ,bep102011 ,JOVA[hurdat_epa] = bep102011[atcf]
2011280N10268  ,               ,bep122011 ,TWELVE[hurdat_epa] = bep122011[atcf]
2011282N08136  ,               ,bwp232011 ,BANYAN[jtwc_wp] = BANYAN[tokyo] = BANYAN[cma] = BANYAN[hko]
2011290N15090  ,               ,bio022011 ,TWO[jtwc_io] = UNNAMED[newdelhi]
2011295N13279  ,               ,bal182011 ,RINA[hurdat_atl] = bal182011[atcf]
2011302N13062  ,               ,bio032011 ,KEILA[jtwc_io] = KEILA[newdelhi]
2011310N11066  ,               ,bio042011 ,FOUR[jtwc_io] = UNNAMED[newdelhi]
2011310N29290  ,               ,bal192011 ,SEAN[hurdat_atl] = bal192011[atcf]
2011311N13111  ,               ,bwp242011 ,TWENTYFOUR[jtwc_wp] = UNNAMED[cma]
2011323N09264  ,               ,bep132011 ,KENNETH[hurdat_epa] = bep132011[atcf]
2011330N06078  ,               ,bio052011 ,FIVE[jtwc_io] = UNNAMED[newdelhi]
2011336S06098  ,               ,bsh012012 ,ALENGA[jtwc_sh] = ALENGA[bom] = ALENGA[reunion]
2011337S13069  ,               ,bsh022012 ,TWO[jtwc_sh]
2011338N06114  ,               ,bwp252011 ,TWENTYFIVE[jtwc_wp]
2011344N12117  ,               ,bwp262011 ,TWENTYSIX[jtwc_wp] = UNNAMED[cma]
2011346N03156  ,               ,bwp272011 ,WASHI[jtwc_wp] = WASHI[tokyo] = WASHI[cma] = WASHI[hko]
2011352S12157  ,2011354S14155  ,none      ,UNNAMED[bom]
2011358S11132  ,               ,bsh032012 ,GRANT[jtwc_sh] = GRANT[bom]
2011360N09088  ,               ,bio062011 ,THANE[jtwc_io] = THANE[newdelhi]
2011361S09095  ,               ,bsh042012 ,BENILDE[jtwc_sh] = BENILDE[reunion]
2012006S15043  ,               ,bsh052012 ,CHANDA[jtwc_sh] = CHANDA[reunion]
2012009S12118  ,               ,bsh062012 ,HEIDI[jtwc_sh] = HEIDI[bom]
2012010S24049  ,               ,none      ,DANDO[reunion]
2012017S10074  ,               ,bsh072012 ,ETHEL[jtwc_sh] = ETHEL[reunion]
2012018S16041  ,               ,bsh082012 ,FUNSO[jtwc_sh] = FUNSO[reunion]
2012024S15116  ,               ,bsh092012 ,IGGY[jtwc_sh] = IGGY[bom]
2012032S15141  ,               ,bsh102012 ,JASMINE[jtwc_sh] = JASMINE[bom] = JASMINE[nadi] = JASMINE[wellington]
2012037S17176  ,               ,bsh112012 ,CYRIL[jtwc_sh] = CYRIL[nadi] = CYRIL[wellington]
2012039S14075  ,               ,bsh122012 ,GIOVANNA[jtwc_sh] = GIOVANNA[reunion]
2012042S12110  ,               ,bsh132012 ,HILWA[jtwc_sh] = HILWA[reunion]
2012046N08130  ,               ,bwp012012 ,ONE[jtwc_wp] = UNNAMED[cma] = TD0218[hko]
2012056S13057  ,               ,bsh142012 ,IRINA[jtwc_sh] = IRINA[reunion]
2012060S12069  ,               ,bsh152012 ,FIFTEEN[jtwc_sh]
2012066S10101  ,               ,bsh162012 ,KOJI[jtwc_sh] = KOJI[bom] = JONI[reunion]
2012070S17112  ,               ,bsh172012 ,LUA[jtwc_sh] = LUA[bom]
2012071S10132  ,               ,none      ,UNNAMED[bom]
2012086N10116  ,               ,bwp022012 ,PAKHAR[jtwc_wp] = PAKHAR[tokyo] = PAKHAR[cma] = PAKHAR[hko]
2012092S16166  ,               ,bsh182012 ,bsh182012[jtwc_sh] = DAPHNE[nadi] = DAPHNE[wellington]
2012127S05127  ,               ,bsh192012 ,NINETEEN[jtwc_sh]
2012135N10255  ,               ,bep012012 ,ALETTA[hurdat_epa] = bep012012[atcf]
2012140N33283  ,               ,bal012012 ,ALBERTO[hurdat_atl] = bal012012[atcf]
2012141N11148  ,               ,bwp032012 ,SANVU[jtwc_wp] = SANVU[tokyo] = SANVU[cma] = SANVU[hko]
2012142N09262  ,               ,bep022012 ,BUD[hurdat_epa] = bep022012[atcf]
2012147N30284  ,               ,bal022012 ,BERYL[hurdat_atl] = bal022012[atcf]
2012152N12130  ,               ,bwp042012 ,MAWAR[jtwc_wp] = MAWAR[tokyo] = MAWAR[cma] = MAWAR[hko]
2012156S07066  ,               ,bsh202012 ,KUENA[jtwc_sh] = KUENA[reunion]
2012162N06150  ,               ,bwp052012 ,GUCHOL[jtwc_wp] = GUCHOL[tokyo] = GUCHOL[cma] = GUCHOL[hko]
2012166N09269  ,               ,bep032012 ,CARLOTTA[hurdat_epa] = bep032012[atcf]
2012168N19112  ,               ,bwp062012 ,TALIM[jtwc_wp] = TALIM[tokyo] = TALIM[cma] = TALIM[hko]
2012169N29291  ,               ,bal032012 ,CHRIS[hurdat_atl] = bal032012[atcf]
2012176N26272  ,               ,bal042012 ,DEBBY[hurdat_atl] = bal042012[atcf]
2012177N11135  ,               ,bwp072012 ,DOKSURI[jtwc_wp] = DOKSURI[tokyo] = DOKSURI[cma] = DOKSURI[hko]
2012180S11153  ,2012179S09153  ,bsh212012 ,TWENTYONE[jtwc_sh] = UNNAMED[bom]
2012186N12255  ,               ,bep042012 ,DANIEL[hurdat_epa] = bep042012[atcf]
2012189N10262  ,               ,bep052012 ,EMILIA[hurdat_epa] = bep052012[atcf]
2012193N12259  ,               ,bep062012 ,FABIO[hurdat_epa] = bep062012[atcf]
2012196N19144  ,               ,bwp082012 ,KHANUN[jtwc_wp] = KHANUN[tokyo] = KHANUN[cma] = KHANUN[hko]
2012201N15129  ,               ,bwp092012 ,VICENTE[jtwc_wp] = VICENTE[tokyo] = VICENTE[cma] = VICENTE[hko]
2012209N11131  ,               ,bwp102012 ,SAOLA[jtwc_wp] = SAOLA[tokyo] = SAOLA[cma] = SAOLA[hko]
2012209N25149  ,               ,bwp112012 ,DAMREY[jtwc_wp] = DAMREY[tokyo] = DAMREY[cma] = DAMREY[hko]
2012215N12313  ,               ,bal052012 ,ERNESTO[hurdat_atl] = bal052012[atcf]
2012215N23146  ,               ,bwp122012 ,HAIKUI[jtwc_wp] = HAIKUI[tokyo] = HAIKUI[cma] = HAIKUI[hko]
2012216N12337  ,               ,bal062012 ,FLORENCE[hurdat_atl] = bal062012[atcf]
2012216N24162  ,               ,bwp132012 ,KIROGI[jtwc_wp] = KIROGI[tokyo] = KIROGI[cma] = KIROGI[hko]
2012219N12254  ,               ,bep072012 ,GILMA[hurdat_epa] = bep072012[atcf]
2012223N14317  ,               ,bal072012 ,HELENE[hurdat_atl] = bal072012[atcf]
2012225N16133  ,               ,bwp142012 ,KAI-TAK[jtwc_wp] = KAI-TAK[tokyo] = KAI-TAK[cma] = KAI-TAK[hko]
2012225N18255  ,               ,bep082012 ,HECTOR[hurdat_epa] = bep082012[atcf]
2012229N28305  ,               ,bal082012 ,GORDON[hurdat_atl] = bal082012[atcf]
2012230N21126  ,               ,bwp152012 ,TEMBIN[jtwc_wp] = TEMBIN[tokyo] = TEMBIN[cma] = TEMBIN[hko]
2012232N13141  ,               ,bwp162012 ,BOLAVEN[jtwc_wp] = BOLAVEN[tokyo] = BOLAVEN[cma] = BOLAVEN[hko]
2012234N16315  ,               ,bal092012 ,ISAAC[hurdat_atl] = bal092012[atcf]
2012235N11328  ,               ,bal102012 ,JOYCE[hurdat_atl] = bal102012[atcf]
2012239N11261  ,               ,bep092012 ,ILEANA[hurdat_epa] = bep092012[atcf]
2012242N13333  ,               ,bal122012 ,LESLIE[hurdat_atl] = bal122012[atcf]
2012242N24317  ,               ,bal112012 ,KIRK[hurdat_atl] = bal112012[atcf]
2012246N29323  ,               ,bal132012 ,MICHAEL[hurdat_atl] = bal132012[atcf]
2012247N18252  ,               ,bep102012 ,JOHN[hurdat_epa] = bep102012[atcf]
2012254N09135  ,               ,bwp172012 ,SANBA[jtwc_wp] = SANBA[tokyo] = SANBA[cma] = SANBA[hko]
2012255N16322  ,               ,bal142012 ,NADINE[hurdat_atl] = bal142012[atcf]
2012256N15257  ,               ,bep112012 ,KRISTY[hurdat_epa] = bep112012[atcf]
2012260N13237  ,               ,bep122012 ,LANE[hurdat_epa] = bep122012[atcf]
2012263N15141  ,               ,bwp182012 ,JELAWAT[jtwc_wp] = JELAWAT[tokyo] = JELAWAT[cma] = JELAWAT[hko]
2012266N14254  ,               ,bep132012 ,MIRIAM[hurdat_epa] = bep132012[atcf]
2012267N16141  ,               ,bwp192012 ,EWINIAR[jtwc_wp] = EWINIAR[tokyo] = EWINIAR[cma] = EWINIAR[hko]
2012272N22251  ,               ,bep142012 ,NORMAN[hurdat_epa] = bep142012[atcf]
2012273N13112  ,               ,bwp212012 ,GAEMI[jtwc_wp] = GAEMI[tokyo] = GAEMI[cma] = GAEMI[hko]
2012274N13151  ,               ,bwp202012 ,MALIKSI[jtwc_wp] = MALIKSI[tokyo] = MALIKSI[cma] = MALIKSI[hko]
2012277N12322  ,               ,bal152012 ,OSCAR[hurdat_atl] = bal152012[atcf]
2012279N15145  ,               ,bwp222012 ,PRAPIROON[jtwc_wp] = PRAPIROON[tokyo] = PRAPIROON[cma] = PRAPIROON[hko]
2012281N14242  ,               ,bep152012 ,OLIVIA[hurdat_epa] = bep152012[atcf]
2012285N21091  ,               ,none      ,UNNAMED[newdelhi]
2012285N26288  ,               ,bal162012 ,PATTY[hurdat_atl] = bal162012[atcf]
2012285S04077  ,               ,bsh012013 ,ANAIS[jtwc_sh] = ANAIS[reunion]
2012287N15297  ,               ,bal172012 ,RAFAEL[hurdat_atl] = bal172012[atcf]
2012287N16147  ,               ,bwp232012 ,MARIA[jtwc_wp] = MARIA[tokyo] = MARIA[cma] = MARIA[hko]
2012288N14248  ,               ,bep162012 ,PAUL[hurdat_epa] = bep162012[atcf]
2012296N06135  ,               ,bwp242012 ,SON-TINH[jtwc_wp] = SON-TINH[tokyo] = SON-TINH[cma] = SON-TINH[hko]
2012296N14283  ,               ,bal182012 ,SANDY[hurdat_atl] = bal182012[atcf]
2012296N20309  ,               ,bal192012 ,TONY[hurdat_atl] = bal192012[atcf]
2012297N11067  ,               ,bio012012 ,MURJAN[jtwc_io] = MURJAN[newdelhi]
2012301N11087  ,               ,bio022012 ,NILAM[jtwc_io] = NILAM[newdelhi]
2012304N14246  ,               ,bep172012 ,ROSA[hurdat_epa] = bep172012[atcf]
2012317N07118  ,               ,bwp252012 ,bwp252012[jtwc_wp] = UNNAMED[cma] = TD1114[hko]
2012321N14090  ,               ,bio032012 ,THREE[jtwc_io] = UNNAMED[newdelhi]
2012325S09084  ,               ,bsh022013 ,BOLDWIN[jtwc_sh] = BOLDWIN[reunion]
2012331N03157  ,               ,bwp262012 ,BOPHA[jtwc_wp] = BOPHA[tokyo] = BOPHA[cma] = BOPHA[hko]
2012337S06089  ,               ,bsh032013 ,CLAUDIA[jtwc_sh] = CLAUDIA[reunion]
2012346S14180  ,               ,bsh042013 ,EVAN[jtwc_sh] = EVAN[nadi] = EVAN[wellington]
2012357N09064  ,               ,bio042012 ,FOUR[jtwc_io] = UNNAMED[newdelhi]
2012359N08134  ,               ,bwp272012 ,WUKONG[jtwc_wp] = WUKONG[tokyo] = WUKONG[cma] = WUKONG[hko]
2012362S08071  ,               ,bsh072013 ,DUMILE[jtwc_sh] = DUMILE[reunion]
2012362S08165  ,               ,bsh052013 ,FREDA[jtwc_sh] = FREDA[bom] = FREDA[nadi]
2012362S13116  ,               ,bsh062013 ,MITCHELL[jtwc_sh] = MITCHELL[bom]
2013001N04141  ,               ,bwp012013 ,SONAMU[jtwc_wp] = SONAMU[tokyo] = SONAMU[cma] = SONAMU[hko]
2013005S10126  ,               ,bsh082013 ,NARELLE[jtwc_sh] = NARELLE[bom]
2013009S11084  ,               ,bsh092013 ,EMANG[jtwc_sh] = EMANG[reunion]
2013018S14138  ,2013020S16137  ,bsh112013 ,OSWALD[jtwc_sh] = OSWALD[bom]
2013019S12174  ,               ,bsh102013 ,GARRY[jtwc_sh] = GARRY[nadi] = GARRY[wellington]
2013020S17124  ,               ,bsh122013 ,PETA[jtwc_sh] = PETA[bom]
2013026S13067  ,               ,bsh132013 ,FELLENG[jtwc_sh] = FELLENG[reunion]
2013040S16199  ,               ,bsh142013 ,HALEY[jtwc_sh] = HALEY[nadi] = HALEY[wellington]
2013041S10087  ,               ,bsh152013 ,GINO[jtwc_sh] = GINO[reunion]
2013046S20042  ,               ,bsh162013 ,HARUNA[jtwc_sh] = HARUNA[reunion]
2013049N05131  ,               ,bwp022013 ,SHANSHAN[jtwc_wp] = SHANSHAN[tokyo] = SHANSHAN[cma] = SHANSHAN[hko]
2013052S13126  ,               ,bsh172013 ,RUSTY[jtwc_sh] = RUSTY[bom]
2013054S13100  ,2013051S12102  ,bsh182013 ,EIGHTEEN[jtwc_sh] = UNNAMED[bom]
2013064S18149  ,               ,bsh192013 ,SANDRA[jtwc_sh] = SANDRA[bom] = SANDRA[nadi] = SANDRA[wellington]
2013072S12140  ,               ,bsh202013 ,TIM[jtwc_sh] = TIM[bom]
2013093S08074  ,               ,bsh212013 ,IMELDA[jtwc_sh] = IMELDA[reunion]
2013097S06099  ,               ,bsh222013 ,VICTORIA[jtwc_sh] = VICTORIA[bom]
2013117S10155  ,               ,bsh232013 ,ZANE[jtwc_sh] = ZANE[bom]
2013128S05086  ,               ,bsh242013 ,JAMALA[jtwc_sh] = JAMALA[reunion]
2013130N04093  ,               ,bio012013 ,MAHASEN[jtwc_io] = VIYARU[newdelhi]
2013134N07265  ,               ,bep012013 ,ALVIN[hurdat_epa] = bep012013[atcf]
2013149N14264  ,               ,bep022013 ,BARBARA[hurdat_epa] = bep022013[atcf]
2013149N21090  ,               ,none      ,UNNAMED[newdelhi]
2013157N25273  ,               ,bal012013 ,ANDREA[hurdat_atl] = bal012013[atcf]
2013158N13129  ,               ,bwp032013 ,YAGI[jtwc_wp] = YAGI[tokyo] = YAGI[cma] = YAGI[hko]
2013167N12128  ,               ,bwp042013 ,LEEPI[jtwc_wp] = LEEPI[tokyo] = LEEPI[cma] = LEEPI[hko]
2013167N12279  ,               ,bal022013 ,BARRY[hurdat_atl] = bal022013[atcf]
2013171N15117  ,               ,bwp052013 ,BEBINCA[jtwc_wp] = BEBINCA[tokyo] = BEBINCA[cma] = BEBINCA[hko]
2013175N12256  ,               ,bep032013 ,COSME[hurdat_epa] = bep032013[atcf]
2013178N09133  ,               ,bwp062013 ,RUMBIA[jtwc_wp] = RUMBIA[tokyo] = RUMBIA[cma] = RUMBIA[hko]
2013180N11256  ,               ,bep042013 ,DALILA[hurdat_epa] = bep042013[atcf]
2013186N13262  ,               ,bep052013 ,ERICK[hurdat_epa] = bep052013[atcf]
2013187N20156  ,               ,bwp072013 ,SOULIK[jtwc_wp] = SOULIK[tokyo] = SOULIK[cma] = SOULIK[hko]
2013189N09319  ,               ,bal032013 ,CHANTAL[hurdat_atl] = bal032013[atcf]
2013196N14128  ,               ,bwp082013 ,CIMARON[jtwc_wp] = CIMARON[tokyo] = CIMARON[cma] = CIMARON[hko]
2013204N11340  ,               ,bal042013 ,DORIAN[hurdat_atl] = bal042013[atcf]
2013206N15238  ,               ,bep062013 ,FLOSSIE[hurdat_epa] = bep062013[atcf]
2013210N13122  ,               ,bwp092013 ,JEBI[jtwc_wp] = JEBI[tokyo] = JEBI[cma] = JEBI[hko]
2013211N11248  ,               ,bep072013 ,GIL[hurdat_epa] = bep072013[atcf]
2013211N21088  ,               ,none      ,UNNAMED[newdelhi]
2013214N13243  ,               ,bep082013 ,HENRIETTE[hurdat_epa] = bep082013[atcf]
2013217N11118  ,               ,bwp102013 ,MANGKHUT[jtwc_wp] = MANGKHUT[tokyo] = MANGKHUT[cma] = MANGKHUT[hko]
2013220N12137  ,               ,bwp112013 ,UTOR[jtwc_wp] = UTOR[tokyo] = UTOR[cma] = UTOR[hko]
2013221N11244  ,               ,bcp032013 ,THREE[hurdat_epa] = bcp032013[atcf]
2013224N12220  ,               ,bcp022013 ,UNALA[hurdat_epa] = UNALA[tokyo] = UNALA[cma] = UNALA[hko] = bcp022013[atcf]
2013227N08193  ,               ,bcp012013 ,PEWA[hurdat_epa] = PEWA[tokyo] = PEWA[cma] = PEWA[hko] = bcp012013[atcf]
2013227N14337  ,               ,bal052013 ,ERIN[hurdat_atl] = bal052013[atcf]
2013228N23124  ,               ,bwp122013 ,TRAMI[jtwc_wp] = TRAMI[tokyo] = TRAMI[cma] = TRAMI[hko]
2013229N26132  ,               ,bwp132013 ,THIRTEEN[jtwc_wp] = UNNAMED[cma]
2013232N14252  ,               ,bep092013 ,IVO[hurdat_epa] = bep092013[atcf]
2013232N22088  ,               ,none      ,UNNAMED[newdelhi]
2013237N11129  ,               ,bwp142013 ,KONG-REY[jtwc_wp] = KONG-REY[tokyo] = KONG-REY[cma] = KONG-REY[hko]
2013238N19266  ,               ,bal062013 ,FERNAND[hurdat_atl] = bal062013[atcf]
2013241N19254  ,               ,bep102013 ,JULIETTE[hurdat_epa] = bep102013[atcf]
2013241N29169  ,               ,none      ,YUTU[tokyo] = YUTU[cma] = YUTU[hko]
2013242N15245  ,               ,bep112013 ,KIKO[hurdat_epa] = bep112013[atcf]
2013243N26122  ,               ,bwp152013 ,TORAJI[jtwc_wp] = TORAJI[tokyo] = TORAJI[cma] = TORAJI[hko]
2013248N16294  ,               ,bal072013 ,GABRIELLE[hurdat_atl] = bal072013[atcf]
2013248N17255  ,               ,bep122013 ,LORENA[hurdat_epa] = bep122013[atcf]
2013250N22263  ,               ,bal082013 ,EIGHT[hurdat_atl] = bal082013[atcf]
2013251N13342  ,               ,bal092013 ,HUMBERTO[hurdat_atl] = bal092013[atcf]
2013255N19268  ,               ,bal102013 ,INGRID[hurdat_atl] = bal102013[atcf]
2013255N20148  ,               ,bwp162013 ,MAN-YI[jtwc_wp] = MAN-YI[tokyo] = MAN-YI[cma] = MAN-YI[hko]
2013257N15259  ,               ,bep132013 ,MANUEL[hurdat_epa] = bep132013[atcf]
2013259N17132  ,               ,bwp172013 ,USAGI[jtwc_wp] = USAGI[tokyo] = USAGI[cma] = USAGI[hko]
2013260N15112  ,               ,bwp182013 ,EIGHTEEN[jtwc_wp] = UNNAMED[cma] = TD[hko]
2013262N14149  ,               ,bwp192013 ,PABUK[jtwc_wp] = PABUK[tokyo] = PABUK[cma] = PABUK[hko]
2013269N15118  ,               ,bwp202013 ,WUTIP[jtwc_wp] = WUTIP[tokyo] = WUTIP[cma] = WUTIP[hko]
2013271N21310  ,               ,bal112013 ,JERRY[hurdat_atl] = bal112013[atcf]
2013272N10135  ,               ,bwp222013 ,FITOW[jtwc_wp] = FITOW[tokyo] = FITOW[cma] = FITOW[hko]
2013272N26152  ,               ,bwp212013 ,SEPAT[jtwc_wp] = SEPAT[tokyo] = SEPAT[cma] = SEPAT[hko]
2013274N18152  ,               ,bwp232013 ,DANAS[jtwc_wp] = DANAS[tokyo] = DANAS[cma] = DANAS[hko]
2013276N21273  ,               ,bal122013 ,KAREN[hurdat_atl] = bal122013[atcf]
2013280N13242  ,               ,bep142013 ,NARDA[hurdat_epa] = bep142013[atcf]
2013281N12098  ,               ,bio022013 ,PHAILIN[jtwc_io] = PHAILIN[newdelhi]
2013282N14132  ,               ,bwp242013 ,NARI[jtwc_wp] = NARI[tokyo] = NARI[cma] = NARI[hko]
2013282N14149  ,               ,bwp252013 ,WIPHA[jtwc_wp] = WIPHA[tokyo] = WIPHA[cma] = WIPHA[hko]
2013286N15251  ,               ,bep152013 ,OCTAVE[hurdat_epa] = bep152013[atcf]
2013287N13243  ,               ,bep162013 ,PRISCILLA[hurdat_epa] = bep162013[atcf]
2013289N14149  ,               ,bwp262013 ,FRANCISCO[jtwc_wp] = FRANCISCO[tokyo] = FRANCISCO[cma] = FRANCISCO[hko]
2013290N14153  ,               ,bwp272013 ,TWENTYSEVE[jtwc_wp] = UNNAMED[cma]
2013292N09162  ,               ,bwp282013 ,LEKIMA[jtwc_wp] = LEKIMA[tokyo] = LEKIMA[cma] = LEKIMA[hko]
2013293N13260  ,               ,bep172013 ,RAYMOND[hurdat_epa] = bep172013[atcf]
2013294N28304  ,               ,bal132013 ,LORENZO[hurdat_atl] = bal132013[atcf]
2013296S07079  ,               ,bsh012014 ,ONE[jtwc_sh] = 0120132014[reunion]
2013301N13142  ,               ,bwp292013 ,KROSA[jtwc_wp] = KROSA[tokyo] = KROSA[cma] = KROSA[hko]
2013305N07141  ,               ,bwp302013 ,THIRTY[jtwc_wp] = UNNAMED[cma] = UNNAMED[newdelhi] = TD[hko]
2013305N16252  ,               ,bep182013 ,SONIA[hurdat_epa] = bep182013[atcf]
2013306N07162  ,               ,bwp312013 ,HAIYAN[jtwc_wp] = HAIYAN[tokyo] = HAIYAN[cma] = HAIYAN[hko]
2013310N06066  ,               ,bio032013 ,THREE[jtwc_io] = UNNAMED[newdelhi]
2013316N06130  ,               ,bwp322013 ,PODUL[jtwc_wp] = PODUL[tokyo] = PODUL[cma] = PODUL[hko]
2013321N24308  ,               ,bal142013 ,MELISSA[hurdat_atl] = bal142013[atcf]
2013322N13090  ,               ,bio042013 ,HELEN[jtwc_io] = HELEN[newdelhi]
2013324N07103  ,               ,bio052013 ,LEHAR[jtwc_io] = LEHAR[newdelhi]
2013324S11113  ,               ,bsh022014 ,ALESSIA[jtwc_sh] = ALESSIA[bom]
2013337N15139  ,               ,bwp332013 ,THIRTYTHRE[jtwc_wp]
2013338N34332  ,               ,bal152013 ,UNNAMED[hurdat_atl] = bal152013[atcf]
2013339N09084  ,               ,bio062013 ,MADI[jtwc_io] = MADI[newdelhi]
2013348S10082  ,               ,bsh032014 ,AMARA[jtwc_sh] = AMARA[reunion]
2013350S08099  ,               ,bsh042014 ,BRUCE[jtwc_sh] = BRUCE[bom] = BRUCE[reunion]
2013360S12124  ,               ,bsh052014 ,CHRISTINE[jtwc_sh] = CHRISTINE[bom]
2013362S09053  ,               ,bsh062014 ,BEJISA[jtwc_sh] = BEJISA[reunion]
2014003N08086  ,               ,bio012014 ,ONE[jtwc_io] = UNNAMED[newdelhi]
2014004S17183  ,               ,bsh072014 ,IAN[jtwc_sh] = IAN[nadi] = IAN[wellington]
2014007S11104  ,               ,bsh082014 ,COLIN[jtwc_sh] = COLIN[reunion]
2014015N10129  ,               ,bwp012014 ,LINGLING[jtwc_wp] = LINGLING[tokyo] = LINGLING[cma] = LINGLING[hko]
2014015S16043  ,               ,bsh092014 ,DELIWE[jtwc_sh] = DELIWE[reunion]
2014017S14160  ,               ,bsh102014 ,JUNE[jtwc_sh] = JUNE[nadi] = JUNE[wellington]
2014024S13160  ,2014027S14155  ,bsh112014 ,DYLAN[jtwc_sh] = DYLAN[bom]
2014029N10143  ,               ,bwp022014 ,KAJIKI[jtwc_wp] = KAJIKI[tokyo] = KAJIKI[cma] = KAJIKI[hko]
2014030S14129  ,               ,none      ,FLETCHER[bom]
2014031S17149  ,               ,bsh122014 ,EDNA[jtwc_sh] = EDNA[bom] = EDNA[nadi] = EDNA[wellington]
2014032S13123  ,               ,none      ,UNNAMED[bom]
2014034S14058  ,               ,bsh132014 ,EDILSON[jtwc_sh] = EDILSON[reunion]
2014036S12073  ,               ,bsh142014 ,FOBANE[jtwc_sh] = FOBANE[reunion]
2014048S16039  ,               ,bsh152014 ,GUITO[jtwc_sh] = GUITO[reunion]
2014056S18175  ,               ,bsh162014 ,KOFI[jtwc_sh] = KOFI[nadi] = KOFI[wellington]
2014058N09149  ,               ,bwp032014 ,FAXAI[jtwc_wp] = FAXAI[tokyo] = FAXAI[cma] = FAXAI[hko]
2014059S13160  ,2014066S15152  ,bsh192014 ,HADI[jtwc_sh] = HADI[bom]
2014066S09138  ,               ,bsh172014 ,GILLIAN[jtwc_sh] = GILLIAN[bom]
2014068S16169  ,               ,bsh182014 ,LUSI[jtwc_sh] = LUSI[nadi] = LUSI[wellington]
2014077S11196  ,               ,bsh202014 ,MIKE[jtwc_sh] = MIKE[nadi] = MIKE[wellington]
2014080N08128  ,               ,bwp042014 ,FOUR[jtwc_wp] = UNNAMED[cma]
2014086S10041  ,               ,bsh212014 ,HELLEN[jtwc_sh] = HELLEN[reunion]
2014092S11159  ,               ,bsh232014 ,ITA[jtwc_sh] = ITA[bom] = ITA[wellington]
2014093N02148  ,               ,bwp052014 ,PEIPAH[jtwc_wp] = PEIPAH[tokyo] = PEIPAH[cma] = PEIPAH[hko]
2014093S11085  ,               ,bsh222014 ,IVANOE[jtwc_sh] = IVANOE[reunion]
2014106S10100  ,2014106S10099  ,bsh242014 ,JACK[jtwc_sh] = JACK[bom]
2014117N10145  ,               ,bwp062014 ,TAPAH[jtwc_wp] = TAPAH[tokyo] = TAPAH[cma] = TAPAH[hko]
2014141N16091  ,               ,none      ,UNNAMED[newdelhi]
2014142N10254  ,               ,bep012014 ,AMANDA[hurdat_epa] = bep012014[atcf]
2014153N12267  ,               ,bep022014 ,BORIS[hurdat_epa] = bep022014[atcf]
2014159N12068  ,               ,bio022014 ,NANAUK[jtwc_io] = UNNAMED[newdelhi]
2014160N15259  ,               ,bep032014 ,CRISTINA[hurdat_epa] = bep032014[atcf]
2014160N21120  ,               ,none      ,MITAG[tokyo] = MITAG[cma] = MITAG[hko]
2014164N19116  ,               ,bwp072014 ,HAGIBIS[jtwc_wp] = HAGIBIS[tokyo] = HAGIBIS[cma] = HAGIBIS[hko]
2014180N14255  ,               ,bep042014 ,DOUGLAS[hurdat_epa] = bep042014[atcf]
2014180N32282  ,               ,bal012014 ,ARTHUR[hurdat_atl] = bal012014[atcf]
2014181N17257  ,               ,bep052014 ,ELIDA[hurdat_epa] = bep052014[atcf]
2014184N08147  ,               ,bwp082014 ,NEOGURI[jtwc_wp] = NEOGURI[tokyo] = NEOGURI[cma] = NEOGURI[hko]
2014187N11247  ,               ,bep062014 ,FAUSTO[hurdat_epa] = bep062014[atcf]
2014190N08154  ,               ,bwp092014 ,RAMMASUN[jtwc_wp] = RAMMASUN[tokyo] = RAMMASUN[cma] = RAMMASUN[hko]
2014195N11232  ,               ,bcp012014 ,WALI[hurdat_epa] = bcp012014[atcf]
2014197N10137  ,               ,bwp102014 ,MATMO[jtwc_wp] = MATMO[tokyo] = MATMO[cma] = MATMO[hko]
2014201N09331  ,               ,bal022014 ,TWO[hurdat_atl] = bal022014[atcf]
2014202N22087  ,               ,none      ,UNNAMED[newdelhi]
2014204N10239  ,               ,bep072014 ,GENEVIEVE[hurdat_epa] = GENEVIEVE[tokyo] = GENEVIEVE[cma] = GENEVIEVE[hko] = bep072014[atcf]
2014207N12255  ,               ,bep082014 ,HERNAN[hurdat_epa] = bep082014[atcf]
2014209N12152  ,               ,bwp112014 ,HALONG[jtwc_wp] = HALONG[tokyo] = HALONG[cma] = HALONG[hko]
2014209N16134  ,               ,bwp122014 ,NAKRI[jtwc_wp] = NAKRI[tokyo] = NAKRI[cma] = NAKRI[hko]
2014210N10323  ,               ,bal032014 ,BERTHA[hurdat_atl] = bal032014[atcf]
2014212N11242  ,               ,bep092014 ,ISELLE[hurdat_epa] = bep092014[atcf]
2014214N13249  ,               ,bep102014 ,JULIO[hurdat_epa] = bep102014[atcf]
2014216N21089  ,               ,none      ,UNNAMED[newdelhi]
2014225N15255  ,               ,bep112014 ,KARINA[hurdat_epa] = bep112014[atcf]
2014229N16246  ,               ,bep122014 ,LOWELL[hurdat_epa] = bep122014[atcf]
2014231N21117  ,               ,none      ,UNNAMED[cma]
2014234N12261  ,               ,bep132014 ,MARIE[hurdat_epa] = bep132014[atcf]
2014236N22288  ,               ,bal042014 ,CRISTOBAL[hurdat_atl] = bal042014[atcf]
2014245N19268  ,               ,bal052014 ,DOLLY[hurdat_atl] = bal052014[atcf]
2014246N17254  ,               ,bep142014 ,NORBERT[hurdat_epa] = bep142014[atcf]
2014248N19129  ,               ,bwp132014 ,FENGSHEN[jtwc_wp] = FENGSHEN[tokyo] = FENGSHEN[cma] = FENGSHEN[hko]
2014249N14118  ,               ,bwp142014 ,FOURTEEN[jtwc_wp] = UNNAMED[cma] = TD0907[hko]
2014253N13244  ,               ,bep162014 ,SIXTEEN[hurdat_epa] = bep162014[atcf]
2014253N13260  ,               ,bep152014 ,ODILE[hurdat_epa] = bep152014[atcf]
2014254N10142  ,               ,bwp152014 ,KALMAEGI[jtwc_wp] = KALMAEGI[tokyo] = KALMAEGI[cma] = KALMAEGI[hko]
2014254N14327  ,               ,bal062014 ,EDOUARD[hurdat_atl] = bal062014[atcf]
2014259N11262  ,               ,bep172014 ,POLO[hurdat_epa] = bep172014[atcf]
2014260N13135  ,               ,bwp162014 ,FUNG-WONG[jtwc_wp] = FUNG-WONG[tokyo] = FUNG-WONG[cma] = FUNG-WONG[hko]
2014267N15257  ,               ,bep182014 ,RACHEL[hurdat_epa] = bep182014[atcf]
2014267N18150  ,               ,bwp172014 ,KAMMURI[jtwc_wp] = KAMMURI[tokyo] = KAMMURI[cma] = KAMMURI[hko]
2014271N10160  ,               ,bwp182014 ,PHANFONE[jtwc_wp] = PHANFONE[tokyo] = PHANFONE[cma] = PHANFONE[hko]
2014274N15260  ,               ,bep192014 ,SIMON[hurdat_epa] = bep192014[atcf]
2014275N06166  ,               ,bwp192014 ,VONGFONG[jtwc_wp] = VONGFONG[tokyo] = VONGFONG[cma] = VONGFONG[hko]
2014279N11096  ,               ,bio032014 ,HUDHUD[jtwc_io] = HUD HUD[newdelhi]
2014283N22299  ,               ,bal072014 ,FAY[hurdat_atl] = bal072014[atcf]
2014284N10231  ,               ,bcp022014 ,ANA[hurdat_epa] = bcp022014[atcf]
2014285N16305  ,               ,bal082014 ,GONZALO[hurdat_atl] = bal082014[atcf]
2014290N14261  ,               ,bep202014 ,TRUDY[hurdat_epa] = bep202014[atcf]
2014294N20265  ,               ,bal092014 ,HANNA[hurdat_atl] = bal092014[atcf]
2014297N11062  ,               ,bio042014 ,NILOFAR[jtwc_io] = NILOFAR[newdelhi]
2014303N11261  ,               ,bep212014 ,VANCE[hurdat_epa] = bep212014[atcf]
2014303N13141  ,               ,bwp202014 ,NURI[jtwc_wp] = NURI[tokyo] = NURI[cma] = NURI[hko]
2014309N13088  ,               ,bio052014 ,FIVE[jtwc_io] = UNNAMED[newdelhi]
2014319S06066  ,               ,bsh012015 ,ADJALI[jtwc_sh] = ADJALI[reunion]
2014327S08077  ,               ,bsh022015 ,TWO[jtwc_sh] = 0220142015[reunion]
2014329N08131  ,               ,bwp212014 ,SINLAKU[jtwc_wp] = SINLAKU[tokyo] = SINLAKU[cma] = SINLAKU[hko]
2014334N02156  ,               ,bwp222014 ,HAGUPIT[jtwc_wp] = HAGUPIT[tokyo] = HAGUPIT[cma] = HAGUPIT[hko]
2014344S09100  ,2014344S09102  ,bsh032015 ,BAKUNG[jtwc_sh] = BAKUNG[bom]
2014356S08101  ,               ,bsh042015 ,KATE[jtwc_sh] = KATE[bom] = KATE[reunion]
2014362N07130  ,               ,bwp232014 ,JANGMI[jtwc_wp] = JANGMI[tokyo] = JANGMI[cma] = JANGMI[hko]
2015009S19054  ,               ,bsh052015 ,BANSI[jtwc_sh] = BANSI[reunion]
2015012N09146  ,               ,bwp012015 ,MEKKHALA[jtwc_wp] = MEKKHALA[tokyo] = MEKKHALA[cma] = MEKKHALA[hko] = MEKKHALA[kma]
2015013S18038  ,               ,bsh062015 ,CHEDZA[jtwc_sh] = CHEDZA[reunion]
2015020S12208  ,               ,bsh072015 ,NIKO[jtwc_sh] = NIKO[nadi] = NIKO[wellington]
2015024S11090  ,               ,bsh082015 ,DIAMONDRA[jtwc_sh] = DIAMONDRA[reunion]
2015024S15078  ,               ,bsh092015 ,EUNICE[jtwc_sh] = EUNICE[reunion]
2015030S16161  ,               ,bsh102015 ,OLA[jtwc_sh] = OLA[nadi] = OLA[wellington]
2015036S20038  ,               ,bsh112015 ,FUNDI[jtwc_sh] = FUNDI[reunion]
2015038N08158  ,               ,bwp022015 ,HIGOS[jtwc_wp] = HIGOS[tokyo] = HIGOS[cma] = HIGOS[hko] = HIGOS[kma]
2015047S12142  ,               ,bsh122015 ,LAM[jtwc_sh] = LAM[bom]
2015047S15152  ,               ,bsh132015 ,MARCIA[jtwc_sh] = MARCIA[bom]
2015050S11094  ,               ,bsh142015 ,GLENDA[jtwc_sh] = GLENDA[reunion]
2015063S14042  ,               ,bsh152015 ,FIFTEEN[jtwc_sh]
2015064S14052  ,               ,bsh162015 ,HALIBA[jtwc_sh] = HALIBA[reunion]
2015066S08170  ,               ,bsh172015 ,PAM[jtwc_sh] = PAM[nadi] = PAM[wellington]
2015068S12151  ,               ,bsh182015 ,NATHAN[jtwc_sh] = NATHAN[bom]
2015068S14113  ,               ,bsh192015 ,OLWYN[jtwc_sh] = OLWYN[bom]
2015069N04173  ,               ,bwp032015 ,BAVI[jtwc_wp] = BAVI[tokyo] = BAVI[cma] = BAVI[hko] = BAVI[kma]
2015079S15182  ,               ,bsh202015 ,REUBEN[jtwc_sh] = REUBEN[nadi] = REUBEN[wellington]
2015085N06162  ,               ,bwp042015 ,MAYSAK[jtwc_wp] = MAYSAK[tokyo] = MAYSAK[cma] = MAYSAK[hko] = MAYSAK[kma]
2015092N06161  ,               ,bwp052015 ,HAISHEN[jtwc_wp] = HAISHEN[tokyo] = HAISHEN[cma] = HAISHEN[hko] = HAISHEN[kma]
2015092S18074  ,               ,bsh222015 ,JOALANE[jtwc_sh] = JOALANE[reunion]
2015094S10087  ,               ,bsh212015 ,IKOLA[jtwc_sh] = IKOLA[bom] = IKOLA[reunion]
2015099S13163  ,               ,bsh232015 ,SOLO[jtwc_sh] = SOLO[nadi]
2015117S12115  ,               ,bsh242015 ,QUANG[jtwc_sh] = QUANG[bom]
2015122N07144  ,               ,bwp062015 ,NOUL[jtwc_wp] = NOUL[tokyo] = NOUL[cma] = NOUL[hko] = NOUL[kma]
2015126N27281  ,               ,bal012015 ,ANA[hurdat_atl] = bal012015[atcf]
2015127N04158  ,               ,bwp072015 ,DOLPHIN[jtwc_wp] = DOLPHIN[tokyo] = DOLPHIN[cma] = DOLPHIN[hko] = DOLPHIN[kma]
2015148N11250  ,               ,bep012015 ,ANDRES[hurdat_epa] = bep012015[atcf]
2015152N12258  ,               ,bep022015 ,BLANCA[hurdat_epa] = bep022015[atcf]
2015157N13069  ,               ,bio012015 ,ASHOBAA[jtwc_io] = UNNAMED[newdelhi]
2015162N12262  ,               ,bep032015 ,CARLOS[hurdat_epa] = bep032015[atcf]
2015167N27266  ,               ,bal022015 ,BILL[hurdat_atl] = bal022015[atcf]
2015171N15112  ,               ,bwp082015 ,KUJIRA[jtwc_wp] = KUJIRA[tokyo] = KUJIRA[cma] = KUJIRA[hko] = KUJIRA[kma]
2015171N18086  ,               ,none      ,UNNAMED[newdelhi]
2015173N20067  ,               ,none      ,UNNAMED[newdelhi]
2015180N09160  ,               ,bwp092015 ,CHAN-HOM[jtwc_wp] = CHAN-HOM[tokyo] = CHAN-HOM[cma] = CHAN-HOM[hko] = CHAN-HOM[kma]
2015180S04163  ,               ,bsh252015 ,RAQUEL[jtwc_sh] = RAQUEL[bom]
2015183N13130  ,               ,bwp102015 ,LINFA[jtwc_wp] = LINFA[tokyo] = LINFA[cma] = LINFA[hko] = LINFA[kma]
2015184N08172  ,               ,bwp112015 ,NANGKA[jtwc_wp] = NANGKA[tokyo] = NANGKA[cma] = NANGKA[hko] = NANGKA[kma]
2015188N08194  ,               ,bcp012015 ,HALOLA[hurdat_epa] = HALOLA[jtwc_cp] = HALOLA[tokyo] = HALOLA[cma] = HALOLA[hko] = HALOLA[kma] = bcp012015[atcf]
2015189N13223  ,               ,bep042015 ,ELA[hurdat_epa] = bep042015[atcf]
2015190N12210  ,               ,bcp022015 ,IUNE[hurdat_epa] = bcp022015[atcf]
2015191N23085  ,               ,none      ,UNNAMED[newdelhi]
2015192N11263  ,               ,bep052015 ,DOLORES[hurdat_epa] = bep052015[atcf]
2015193N35285  ,               ,bal032015 ,CLAUDETTE[hurdat_atl] = bal032015[atcf]
2015194N13235  ,               ,bep062015 ,ENRIQUE[hurdat_epa] = bep062015[atcf]
2015203N16126  ,               ,bwp122015 ,TWELVE[jtwc_wp] = UNNAMED[cma]
2015204N16247  ,               ,bep072015 ,FELICIA[hurdat_epa] = bep072015[atcf]
2015207N22091  ,               ,bio022015 ,KOMEN[jtwc_io] = KOMEN[newdelhi]
2015209N07248  ,               ,bep092015 ,GUILLERMO[hurdat_epa] = bep092015[atcf]
2015209N15236  ,               ,bep082015 ,EIGHT[hurdat_epa] = bep082015[atcf]
2015209N26072  ,               ,none      ,UNNAMED[newdelhi]
2015211N13162  ,               ,bwp132015 ,SOUDELOR[jtwc_wp] = SOUDELOR[tokyo] = SOUDELOR[cma] = SOUDELOR[hko] = SOUDELOR[kma]
2015213N29146  ,               ,bwp142015 ,FOURTEEN[jtwc_wp]
2015213S08169  ,               ,bsh012016 ,ONE[jtwc_sh]
2015216N23081  ,               ,none      ,UNNAMED[newdelhi]
2015218N12231  ,               ,bep102015 ,HILDA[hurdat_epa] = bep102015[atcf]
2015218N18149  ,               ,bwp152015 ,MOLAVE[jtwc_wp] = MOLAVE[tokyo] = MOLAVE[cma] = MOLAVE[hko] = MOLAVE[kma]
2015226N12151  ,               ,bwp162015 ,GONI[jtwc_wp] = GONI[tokyo] = GONI[cma] = GONI[hko] = GONI[kma]
2015226N15164  ,               ,bwp172015 ,ATSANI[jtwc_wp] = ATSANI[tokyo] = ATSANI[cma] = ATSANI[hko] = ATSANI[kma]
2015228N17247  ,               ,bep112015 ,ELEVEN[hurdat_epa] = bep112015[atcf]
2015229N08212  ,               ,bcp032015 ,KILO[hurdat_epa] = KILO[jtwc_cp] = KILO[tokyo] = KILO[cma] = KILO[hko] = KILO[kma] = bcp032015[atcf]
2015229N10331  ,               ,bal042015 ,DANNY[hurdat_atl] = bal042015[atcf]
2015231N13183  ,               ,bcp042015 ,LOKE[hurdat_epa] = bcp042015[atcf]
2015236N12231  ,               ,bep122015 ,IGNACIO[hurdat_epa] = bep122015[atcf]
2015237N14315  ,               ,bal052015 ,ERIKA[hurdat_atl] = bal052015[atcf]
2015238N10255  ,               ,bep132015 ,JIMENA[hurdat_epa] = bep132015[atcf]
2015242N12343  ,               ,bal062015 ,FRED[hurdat_atl] = bal062015[atcf]
2015244N12248  ,               ,bep142015 ,KEVIN[hurdat_epa] = bep142015[atcf]
2015248N10256  ,               ,bep152015 ,LINDA[hurdat_epa] = bep152015[atcf]
2015248N12337  ,               ,bal072015 ,GRACE[hurdat_atl] = bal072015[atcf]
2015249N18142  ,               ,bwp182015 ,ETAU[jtwc_wp] = ETAU[tokyo] = ETAU[cma] = ETAU[hko] = ETAU[kma]
2015251N31298  ,               ,bal082015 ,HENRI[hurdat_atl] = bal082015[atcf]
2015256N16113  ,               ,bwp192015 ,VAMCO[jtwc_wp] = VAMCO[tokyo] = VAMCO[cma] = VAMCO[hko] = VAMCO[kma]
2015257N14152  ,               ,bwp202015 ,KROVANH[jtwc_wp] = KROVANH[tokyo] = KROVANH[cma] = KROVANH[hko] = KROVANH[kma]
2015258N12320  ,               ,bal092015 ,NINE[hurdat_atl] = bal092015[atcf]
2015259N09336  ,               ,bal102015 ,IDA[hurdat_atl] = bal102015[atcf]
2015259N20084  ,               ,none      ,UNNAMED[newdelhi]
2015260N12187  ,               ,bcp052015 ,MALIA[hurdat_epa] = bcp052015[atcf]
2015263N14148  ,               ,bwp212015 ,DUJUAN[jtwc_wp] = DUJUAN[tokyo] = DUJUAN[cma] = DUJUAN[hko] = DUJUAN[kma]
2015264N24246  ,               ,bep162015 ,SIXTEEN[hurdat_epa] = bep162015[atcf]
2015266N11214  ,               ,bcp062015 ,NIALA[hurdat_epa] = bcp062015[atcf]
2015270N13257  ,               ,bep172015 ,MARTY[hurdat_epa] = bep172015[atcf]
2015270N27291  ,               ,bal112015 ,JOAQUIN[hurdat_atl] = bal112015[atcf]
2015273N12130  ,               ,bwp222015 ,MUJIGAE[jtwc_wp] = MUJIGAE[tokyo] = MUJIGAE[cma] = MUJIGAE[hko] = MUJIGAE[kma]
2015274N13201  ,               ,bcp072015 ,OHO[hurdat_epa] = bcp072015[atcf]
2015274N17167  ,               ,bwp232015 ,CHOI-WAN[jtwc_wp] = CHOI-WAN[tokyo] = CHOI-WAN[cma] = CHOI-WAN[hko] = CHOI-WAN[kma]
2015275N13187  ,               ,bcp082015 ,EIGHT[hurdat_epa] = bcp082015[atcf]
2015280N13071  ,               ,bio032015 ,THREE[jtwc_io] = UNNAMED[newdelhi]
2015282N11230  ,               ,bep182015 ,NORA[hurdat_epa] = bep182015[atcf]
2015285N14151  ,               ,bwp242015 ,KOPPU[jtwc_wp] = KOPPU[tokyo] = KOPPU[cma] = KOPPU[hko] = KOPPU[kma]
2015286N12163  ,               ,bwp252015 ,CHAMPI[jtwc_wp] = CHAMPI[tokyo] = CHAMPI[cma] = CHAMPI[hko] = CHAMPI[kma]
2015286S10175  ,               ,bsh022016 ,TWO[jtwc_sh]
2015288N10243  ,               ,bep192015 ,OLAF[hurdat_epa] = bep192015[atcf]
2015293N13266  ,               ,bep202015 ,PATRICIA[hurdat_epa] = bep202015[atcf]
2015293N16164  ,               ,bwp262015 ,TWENTYSIX[jtwc_wp]
2015301N11065  ,               ,bio042015 ,CHAPALA[jtwc_io] = CHAPALA[newdelhi]
2015309N14067  ,               ,bio052015 ,MEGH[jtwc_io] = MEGH[newdelhi]
2015312N11084  ,               ,none      ,UNNAMED[newdelhi]
2015313N22289  ,               ,bal122015 ,KATE[hurdat_atl] = bal122015[atcf]
2015321N04164  ,               ,bwp272015 ,IN-FA[jtwc_wp] = IN-FA[tokyo] = IN-FA[cma] = IN-FA[hko] = IN-FA[kma]
2015322N13253  ,               ,bep212015 ,RICK[hurdat_epa] = bep212015[atcf]
2015323S05080  ,               ,bsh032016 ,ANNABELLE[jtwc_sh] = ANNABELLE[reunion]
2015328N11260  ,               ,bep222015 ,SANDRA[hurdat_epa] = bep222015[atcf]
2015330S10178  ,               ,bsh042016 ,TUNI[jtwc_sh] = TUNI[nadi]
2015342S09079  ,               ,bsh052016 ,BOHALE[jtwc_sh] = BOHALE[reunion]
2015344N07145  ,               ,bwp282015 ,MELOR[jtwc_wp] = MELOR[tokyo] = MELOR[cma] = MELOR[hko] = MELOR[kma]
2015348N04146  ,               ,bwp292015 ,TWENTYNINE[jtwc_wp] = UNNAMED[cma]
2015355S16136  ,               ,none      ,UNNAMED[bom]
2015362N01179  ,               ,bcp092015 ,NINE[hurdat_epa] = bcp092015[atcf]
2015364S09190  ,               ,bsh062016 ,ULA[jtwc_sh] = ULA[nadi] = ULA[wellington]
2016006N02188  ,               ,bcp012016 ,PALI[hurdat_epa] = bcp012016[atcf]
2016007N27285  ,               ,bal012016 ,ALEX[hurdat_atl] = bal012016[atcf]
2016014S13195  ,               ,bsh072016 ,VICTOR[jtwc_sh] = VICTOR[nadi]
2016020S14078  ,               ,bsh082016 ,CORENTIN[jtwc_sh] = CORENTIN[reunion]
2016027S13119  ,               ,bsh092016 ,STAN[jtwc_sh] = STAN[bom]
2016039S14061  ,               ,bsh102016 ,DAYA[jtwc_sh] = DAYA[reunion]
2016040S16155  ,               ,bsh122016 ,TATIANA[jtwc_sh] = TATIANA[bom]
2016041S14170  ,               ,bsh112016 ,WINSTON[jtwc_sh] = WINSTON[nadi] = WINSTON[wellington]
2016042S10094  ,               ,bsh132016 ,URIAH[jtwc_sh] = URIAH[bom] = URIAH[reunion]
2016055S15202  ,               ,bsh142016 ,YALO[jtwc_sh] = YALO[nadi]
2016074S16137  ,               ,bsh162016 ,SIXTEEN[jtwc_sh] = UNNAMED[bom]
2016075S11087  ,               ,bsh152016 ,EMERAUDE[jtwc_sh] = EMERAUDE[reunion]
2016087S13073  ,               ,bsh172016 ,SEVENTEEN[jtwc_sh] = 0720152016[reunion]
2016095S13162  ,               ,bsh182016 ,ZENA[jtwc_sh] = ZENA[nadi]
2016102S12074  ,               ,bsh192016 ,FANTALA[jtwc_sh] = FANTALA[reunion]
2016108S17181  ,               ,bsh202016 ,AMOS[jtwc_sh] = AMOS[nadi]
2016138N10081  ,               ,bio012016 ,ROANU[jtwc_io] = ROANU[newdelhi]
2016147N18115  ,               ,bwp012016 ,bwp012016[jtwc_wp] = UNNAMED[cma] = TD0526[hko]
2016148N27288  ,               ,bal022016 ,BONNIE[hurdat_atl] = bal022016[atcf]
2016158N13261  ,               ,bep012016 ,ONE[hurdat_epa] = bep012016[atcf]
2016158N22272  ,               ,bal032016 ,COLIN[hurdat_atl] = bal032016[atcf]
2016171N19268  ,               ,bal042016 ,DANIELLE[hurdat_atl] = bal042016[atcf]
2016178N22068  ,               ,bio022016 ,TWO[jtwc_io] = UNNAMED[newdelhi]
2016183N13246  ,               ,bep022016 ,AGATHA[hurdat_epa] = bep022016[atcf]
2016185N08145  ,               ,bwp022016 ,NEPARTAK[jtwc_wp] = NEPARTAK[tokyo] = NEPARTAK[cma] = NEPARTAK[hko] = NEPARTAK[kma]
2016185N11253  ,               ,bep032016 ,BLAS[hurdat_epa] = bep032016[atcf]
2016188N12254  ,               ,bep042016 ,CELIA[hurdat_epa] = bep042016[atcf]
2016194N15255  ,               ,bep052016 ,DARBY[hurdat_epa] = bep052016[atcf]
2016195S06076  ,               ,bsh012017 ,ABELA[jtwc_sh] = ABELA[reunion]
2016197N14256  ,               ,bep062016 ,ESTELLE[hurdat_epa] = bep062016[atcf]
2016199N18131  ,               ,bwp032016 ,THREE[jtwc_wp] = UNNAMED[cma]
2016203N10249  ,               ,bep082016 ,GEORGETTE[hurdat_epa] = bep082016[atcf]
2016203N13259  ,               ,bep072016 ,FRANK[hurdat_epa] = bep072016[atcf]
2016205N25152  ,               ,bwp042016 ,LUPIT[jtwc_wp] = LUPIT[tokyo] = LUPIT[cma] = LUPIT[hko] = LUPIT[kma]
2016207N17116  ,               ,bwp052016 ,MIRINAE[jtwc_wp] = MIRINAE[tokyo] = MIRINAE[cma] = MIRINAE[hko] = MIRINAE[kma]
2016211N11128  ,               ,bwp062016 ,NIDA[jtwc_wp] = NIDA[tokyo] = NIDA[cma] = NIDA[hko] = NIDA[kma]
2016214N15240  ,               ,bep092016 ,HOWARD[hurdat_epa] = bep092016[atcf]
2016215N16283  ,               ,bal052016 ,EARL[hurdat_atl] = bal052016[atcf]
2016216N14243  ,               ,bep102016 ,IVETTE[hurdat_epa] = bep102016[atcf]
2016216N17149  ,               ,bwp072016 ,OMAIS[jtwc_wp] = OMAIS[tokyo] = OMAIS[cma] = OMAIS[hko] = OMAIS[kma]
2016220N18258  ,               ,bep112016 ,JAVIER[hurdat_epa] = bep112016[atcf]
2016221N19163  ,               ,bwp082016 ,CONSON[jtwc_wp] = CONSON[tokyo] = CONSON[cma] = CONSON[hko] = CONSON[kma]
2016222N22089  ,               ,none      ,UNNAMED[newdelhi]
2016225N16138  ,               ,bwp092016 ,CHANTHU[jtwc_wp] = CHANTHU[tokyo] = CHANTHU[cma] = CHANTHU[hko] = CHANTHU[kma]
2016228N22117  ,               ,bwp112016 ,DIANMU[jtwc_wp] = DIANMU[tokyo] = DIANMU[cma] = DIANMU[hko] = DIANMU[kma]
2016230N12254  ,               ,bep122016 ,KAY[hurdat_epa] = bep122016[atcf]
2016230N12328  ,               ,bal062016 ,FIONA[hurdat_atl] = bal062016[atcf]
2016230N15138  ,               ,bwp102016 ,MINDULLE[jtwc_wp] = MINDULLE[tokyo] = MINDULLE[cma] = MINDULLE[hko] = MINDULLE[kma]
2016230N21089  ,               ,none      ,UNNAMED[newdelhi]
2016230N25160  ,               ,bwp122016 ,LIONROCK[jtwc_wp] = LIONROCK[tokyo] = LIONROCK[cma] = LIONROCK[hko] = LIONROCK[kma]
2016232N22153  ,               ,bwp132016 ,KOMPASU[jtwc_wp] = KOMPASU[tokyo] = KOMPASU[cma] = KOMPASU[hko] = KOMPASU[kma]
2016235N11341  ,               ,bal072016 ,GASTON[hurdat_atl] = bal072016[atcf]
2016236N13146  ,               ,bwp142016 ,FOURTEEN[jtwc_wp]
2016237N14253  ,               ,bep132016 ,LESTER[hurdat_epa] = bep132016[atcf]
2016240N13224  ,               ,bep142016 ,MADELINE[hurdat_epa] = bep142016[atcf]
2016240N31295  ,               ,bal082016 ,EIGHT[hurdat_atl] = bal082016[atcf]
2016242N24279  ,               ,bal092016 ,HERMINE[hurdat_atl] = bal092016[atcf]
2016244N21123  ,               ,bwp152016 ,NAMTHEUN[jtwc_wp] = NAMTHEUN[tokyo] = NAMTHEUN[cma] = NAMTHEUN[hko] = NAMTHEUN[kma]
2016248N15255  ,               ,bep152016 ,NEWTON[hurdat_epa] = bep152016[atcf]
2016250N25125  ,               ,none      ,MALOU[tokyo] = MALOU[cma] = MALOU[hko] = MALOU[kma]
2016253N13144  ,               ,bwp162016 ,MERANTI[jtwc_wp] = MERANTI[tokyo] = MERANTI[cma] = MERANTI[hko] = MERANTI[kma]
2016253N26152  ,               ,bwp172016 ,SEVENTEEN[jtwc_wp]
2016255N12114  ,               ,bwp192016 ,RAI[jtwc_wp] = RAI[tokyo] = RAI[cma] = RAI[hko] = RAI[kma]
2016255N12247  ,               ,bep162016 ,ORLENE[hurdat_epa] = bep162016[atcf]
2016256N12146  ,               ,bwp182016 ,MALAKAS[jtwc_wp] = MALAKAS[tokyo] = MALAKAS[cma] = MALAKAS[hko] = MALAKAS[kma]
2016256N20312  ,               ,bal102016 ,IAN[hurdat_atl] = bal102016[atcf]
2016257N13341  ,               ,bal122016 ,KARL[hurdat_atl] = bal122016[atcf]
2016257N27280  ,               ,bal112016 ,JULIA[hurdat_atl] = bal112016[atcf]
2016262N16251  ,               ,bep172016 ,PAINE[hurdat_epa] = bep172016[atcf]
2016263N13333  ,               ,bal132016 ,LISA[hurdat_atl] = bal132016[atcf]
2016265N10150  ,               ,bwp202016 ,MEGI[jtwc_wp] = MEGI[tokyo] = MEGI[cma] = MEGI[hko] = MEGI[kma]
2016269N15165  ,               ,bwp212016 ,CHABA[jtwc_wp] = CHABA[tokyo] = CHABA[cma] = CHABA[hko] = CHABA[kma]
2016270N12223  ,               ,bep192016 ,ULIKA[hurdat_epa] = bep192016[atcf]
2016270N15240  ,               ,bep182016 ,ROSLYN[hurdat_epa] = bep182016[atcf]
2016273N13300  ,               ,bal142016 ,MATTHEW[hurdat_atl] = bal142016[atcf]
2016277S30044  ,               ,none      ,BRANSBY[reunion]
2016278N16181  ,               ,bwp232016 ,SONGDA[jtwc_wp] = SONGDA[tokyo] = SONGDA[cma] = SONGDA[hko] = SONGDA[kma]
2016278N23300  ,               ,bal152016 ,NICOLE[hurdat_atl] = bal152016[atcf]
2016279N19130  ,               ,bwp222016 ,AERE[jtwc_wp] = AERE[tokyo] = AERE[cma] = AERE[hko] = AERE[kma]
2016287N12131  ,               ,bwp242016 ,SARIKA[jtwc_wp] = SARIKA[tokyo] = SARIKA[cma] = SARIKA[hko] = SARIKA[kma]
2016288N06146  ,               ,bwp252016 ,HAIMA[jtwc_wp] = HAIMA[tokyo] = HAIMA[cma] = HAIMA[hko] = HAIMA[kma]
2016295N13089  ,               ,bio032016 ,KYANT[jtwc_io] = KYANT[newdelhi]
2016296N11262  ,               ,bep202016 ,SEYMOUR[hurdat_epa] = bep202016[atcf]
2016305N10147  ,               ,bwp262016 ,MEARI[jtwc_wp] = MEARI[tokyo] = MEARI[cma] = MEARI[hko] = MEARI[kma]
2016308N13088  ,               ,none      ,UNNAMED[newdelhi]
2016313N11163  ,               ,bwp272016 ,MA-ON[jtwc_wp] = MA-ON[tokyo] = MA-ON[cma] = MA-ON[hko] = MA-ON[kma]
2016315N11171  ,               ,bwp282016 ,TWENTYEIGH[jtwc_wp] = UNNAMED[cma]
2016318N18253  ,               ,bep212016 ,TINA[hurdat_epa] = bep212016[atcf]
2016323N13279  ,               ,multiple  ,OTTO[hurdat_atl] = OTTO[hurdat_epa] = bal162016[atcf] = bep222016[atcf]
2016328N09130  ,               ,bwp292016 ,TOKAGE[jtwc_wp] = TOKAGE[tokyo] = TOKAGE[cma] = TOKAGE[hko] = TOKAGE[kma]
2016335N07088  ,               ,bio042016 ,NADA[jtwc_io] = NADA[newdelhi]
2016341N08092  ,               ,bio052016 ,VARDAH[jtwc_io] = VARDAH[newdelhi] = UNNAMED[newdelhi]
2016347N10110  ,               ,none      ,TD1212[hko]
2016353S11130  ,               ,none      ,UNNAMED[bom]
2016354S15116  ,               ,bsh022017 ,YVETTE[jtwc_sh] = YVETTE[bom]
2016355N07146  ,               ,bwp302016 ,NOCK-TEN[jtwc_wp] = NOCK-TEN[tokyo] = NOCK-TEN[cma] = NOCK-TEN[hko] = NOCK-TEN[kma]
2017008N08128  ,               ,bwp012017 ,ONE[jtwc_wp] = TD0108[hko]
2017026S16127  ,2017025S16128  ,bsh032017 ,THREE[jtwc_sh] = UNNAMED[bom]
2017033S14056  ,               ,bsh042017 ,CARLOS[jtwc_sh] = CARLOS[reunion]
2017043S19040  ,               ,bsh052017 ,DINEO[jtwc_sh] = DINEO[reunion]
2017046S17137  ,               ,bsh062017 ,ALFRED[jtwc_sh] = ALFRED[bom]
2017051S18189  ,               ,bsh072017 ,BART[jtwc_sh] = BART[nadi] = BART[wellington]
2017052S16178  ,               ,bsh082017 ,EIGHT[jtwc_sh]
2017060S09139  ,               ,bsh102017 ,BLANCHE[jtwc_sh] = BLANCHE[bom]
2017061S11063  ,               ,bsh092017 ,ENAWO[jtwc_sh] = ENAWO[reunion]
2017065S14079  ,               ,bsh112017 ,ELEVEN[jtwc_sh] = FERNANDO[reunion]
2017079S13122  ,               ,none      ,UNNAMED[bom]
2017081S10096  ,               ,bsh122017 ,CALEB[jtwc_sh] = CALEB[bom]
2017082S14152  ,               ,bsh132017 ,DEBBIE[jtwc_sh] = DEBBIE[bom]
2017094S10115  ,               ,bsh152017 ,ERNIE[jtwc_sh] = ERNIE[bom]
2017094S17191  ,               ,bsh142017 ,FOURTEEN[jtwc_sh]
2017096S08135  ,2017097S08134  ,none      ,UNNAMED[bom]
2017097S12171  ,               ,bsh162017 ,COOK[jtwc_sh] = COOK[nadi] = COOK[wellington]
2017104N08085  ,               ,bio012017 ,MAARUTHA[jtwc_io] = MAARUTHA[newdelhi]
2017104N11130  ,               ,bwp022017 ,TWO[jtwc_wp] = UNNAMED[cma] = TD0414[hko]
2017106N36310  ,               ,bal012017 ,ARLENE[hurdat_atl] = bal012017[atcf]
2017111S09146  ,               ,bsh172017 ,FRANCES[jtwc_sh] = FRANCES[bom]
2017113N09144  ,               ,bwp032017 ,MUIFA[jtwc_wp] = MUIFA[tokyo] = MUIFA[cma] = MUIFA[hko] = MUIFA[kma]
2017119S08103  ,               ,none      ,GREG[bom]
2017122S13170  ,               ,bsh182017 ,DONNA[jtwc_sh] = DONNA[nadi] = DONNA[wellington]
2017127S18184  ,               ,bsh192017 ,ELLA[jtwc_sh] = ELLA[nadi]
2017130N09269  ,               ,bep012017 ,ADRIAN[hurdat_epa] = bep012017[atcf]
2017147N14087  ,               ,bio022017 ,MORA[jtwc_io] = MORA[newdelhi]
2017152N14262  ,               ,bep022017 ,BEATRIZ[hurdat_epa] = bep022017[atcf]
2017161N13119  ,               ,bwp042017 ,MERBOK[jtwc_wp] = MERBOK[tokyo] = MERBOK[cma] = MERBOK[hko] = MERBOK[kma]
2017163N14265  ,               ,bep032017 ,CALVIN[hurdat_epa] = bep032017[atcf]
2017163N20090  ,               ,none      ,UNNAMED[newdelhi]
2017170N08310  ,               ,bal022017 ,BRET[hurdat_atl] = bal022017[atcf]
2017171N24271  ,               ,bal032017 ,CINDY[hurdat_atl] = bal032017[atcf]
2017175N13264  ,               ,bep042017 ,DORA[hurdat_epa] = bep042017[atcf]
2017182N15132  ,               ,bwp052017 ,NANMADOL[jtwc_wp] = NANMADOL[tokyo] = NANMADOL[cma] = NANMADOL[hko] = NANMADOL[kma]
2017187N12324  ,               ,bal042017 ,FOUR[hurdat_atl] = bal042017[atcf]
2017189N11250  ,               ,bep052017 ,EUGENE[hurdat_epa] = bep052017[atcf]
2017193N12252  ,               ,bep062017 ,FERNANDA[hurdat_epa] = bep062017[atcf]
2017195N16114  ,               ,bwp062017 ,TALAS[jtwc_wp] = TALAS[tokyo] = TALAS[cma] = TALAS[hko] = TALAS[kma]
2017198N10312  ,               ,bal052017 ,DON[hurdat_atl] = bal052017[atcf]
2017198N13245  ,               ,bep082017 ,EIGHT[hurdat_epa] = bep082017[atcf]
2017199N14255  ,               ,bep072017 ,GREG[hurdat_epa] = bep072017[atcf]
2017199N19086  ,               ,none      ,UNNAMED[newdelhi]
2017200N26162  ,               ,bwp072017 ,NORU[jtwc_wp] = NORU[tokyo] = NORU[cma] = NORU[hko] = NORU[kma]
2017201N23178  ,               ,bwp092017 ,KULAP[jtwc_wp] = KULAP[tokyo] = KULAP[cma] = KULAP[hko] = KULAP[kma]
2017202N08274  ,               ,bep092017 ,HILARY[hurdat_epa] = bep092017[atcf]
2017202N16116  ,               ,bwp082017 ,SONCA[jtwc_wp] = SONCA[tokyo] = SONCA[cma] = SONCA[hko] = SONCA[kma]
2017202N19124  ,               ,bwp102017 ,ROKE[jtwc_wp] = ROKE[tokyo] = ROKE[cma] = ROKE[hko] = ROKE[kma]
2017203N14248  ,               ,bep102017 ,IRWIN[hurdat_epa] = bep102017[atcf]
2017206N13129  ,               ,bwp112017 ,NESAT[jtwc_wp] = NESAT[tokyo] = NESAT[cma] = NESAT[hko] = NESAT[kma]
2017207N24085  ,               ,none      ,UNNAMED[newdelhi]
2017209N19118  ,               ,bwp122017 ,HAITANG[jtwc_wp] = HAITANG[tokyo] = HAITANG[cma] = HAITANG[hko] = HAITANG[kma]
2017212N27158  ,               ,bwp132017 ,NALGAE[jtwc_wp] = NALGAE[tokyo] = NALGAE[cma] = NALGAE[hko] = NALGAE[kma]
2017212N28275  ,               ,bal062017 ,EMILY[hurdat_atl] = bal062017[atcf]
2017216N16254  ,               ,bep112017 ,ELEVEN[hurdat_epa] = bep112017[atcf]
2017219N16279  ,               ,bal072017 ,FRANKLIN[hurdat_atl] = bal072017[atcf]
2017223N16172  ,               ,bwp142017 ,BANYAN[jtwc_wp] = BANYAN[tokyo] = BANYAN[cma] = BANYAN[hko] = BANYAN[kma]
2017224N19253  ,               ,bep122017 ,JOVA[hurdat_epa] = bep122017[atcf]
2017224N22293  ,               ,bal082017 ,GERT[hurdat_atl] = bal082017[atcf]
2017228N14314  ,               ,bal092017 ,HARVEY[hurdat_atl] = bal092017[atcf]
2017230N13249  ,               ,bep132017 ,KENNETH[hurdat_epa] = bep132017[atcf]
2017232N19130  ,               ,bwp152017 ,HATO[jtwc_wp] = HATO[tokyo] = HATO[cma] = HATO[hko] = HATO[kma]
2017236N15129  ,               ,bwp162017 ,PAKHAR[jtwc_wp] = PAKHAR[tokyo] = PAKHAR[cma] = PAKHAR[hko] = PAKHAR[kma]
2017239N18147  ,               ,bwp172017 ,SANVU[jtwc_wp] = SANVU[tokyo] = SANVU[cma] = SANVU[hko] = SANVU[kma]
2017240N31279  ,               ,bal102017 ,bal102017[atcf]
2017242N16333  ,               ,bal112017 ,IRMA[hurdat_atl] = bal112017[atcf]
2017242N17253  ,               ,bep142017 ,LIDIA[hurdat_epa] = bep142017[atcf]
2017242N19122  ,               ,bwp182017 ,MAWAR[jtwc_wp] = MAWAR[tokyo] = MAWAR[cma] = MAWAR[hko] = MAWAR[kma]
2017247N09327  ,               ,bal122017 ,JOSE[hurdat_atl] = bal122017[atcf]
2017247N16132  ,               ,bwp192017 ,GUCHOL[jtwc_wp] = GUCHOL[tokyo] = GUCHOL[cma] = GUCHOL[hko] = GUCHOL[kma]
2017249N22263  ,               ,bal132017 ,KATIA[hurdat_atl] = bal132017[atcf]
2017252N14147  ,               ,bwp202017 ,TALIM[jtwc_wp] = TALIM[tokyo] = TALIM[cma] = TALIM[hko] = TALIM[kma]
2017253N14130  ,               ,bwp212017 ,DOKSURI[jtwc_wp] = DOKSURI[tokyo] = DOKSURI[cma] = DOKSURI[hko] = DOKSURI[kma]
2017254N16251  ,               ,bep152017 ,OTIS[hurdat_epa] = bep152017[atcf]
2017257N16251  ,               ,bep172017 ,NORMA[hurdat_epa] = bep172017[atcf]
2017257N16258  ,               ,bep162017 ,MAX[hurdat_epa] = bep162017[atcf]
2017258N10337  ,               ,bal142017 ,LEE[hurdat_atl] = bal142017[atcf]
2017260N12310  ,               ,bal152017 ,MARIA[hurdat_atl] = bal152017[atcf]
2017265N17257  ,               ,bep182017 ,PILAR[hurdat_epa] = bep182017[atcf]
2017267N18116  ,               ,bwp222017 ,TWENTYTWO[jtwc_wp] = UNNAMED[cma] = TD0923[hko]
2017277N11279  ,               ,bal162017 ,NATE[hurdat_atl] = bal162017[atcf]
2017277N14265  ,               ,bep192017 ,RAMON[hurdat_epa] = bep192017[atcf]
2017280N32321  ,               ,bal172017 ,OPHELIA[hurdat_atl] = bal172017[atcf]
2017282N17113  ,               ,bwp232017 ,TWENTYTHRE[jtwc_wp] = UNNAMED[cma] = TD1009[hko]
2017282N22088  ,               ,none      ,UNNAMED[newdelhi]
2017284N15134  ,               ,bwp242017 ,KHANUN[jtwc_wp] = KHANUN[tokyo] = KHANUN[cma] = KHANUN[hko] = KHANUN[kma]
2017288N09138  ,               ,bwp252017 ,LAN[jtwc_wp] = LAN[tokyo] = LAN[cma] = LAN[hko] = LAN[kma]
2017291N09116  ,               ,bwp262017 ,TWENTYSIX[jtwc_wp]
2017292N13151  ,               ,bwp272017 ,SAOLA[jtwc_wp] = SAOLA[tokyo] = SAOLA[cma] = SAOLA[hko] = SAOLA[kma]
2017292N17087  ,               ,none      ,UNNAMED[newdelhi]
2017300N10271  ,               ,bep202017 ,SELMA[hurdat_epa] = bep202017[atcf]
2017301N18276  ,               ,bal182017 ,PHILIPPE[hurdat_atl] = bal182017[atcf]
2017304N11127  ,               ,bwp282017 ,DAMREY[jtwc_wp] = DAMREY[tokyo] = DAMREY[cma] = DAMREY[hko] = DAMREY[kma]
2017305N08108  ,               ,none      ,TD1031[hko]
2017307N07102  ,               ,bwp292017 ,TWENTYNINE[jtwc_wp]
2017309N26308  ,               ,bal192017 ,RINA[hurdat_atl] = bal192017[atcf]
2017312N10134  ,               ,bwp302017 ,HAIKUI[jtwc_wp] = HAIKUI[tokyo] = HAIKUI[cma] = HAIKUI[hko] = HAIKUI[kma]
2017319N15083  ,               ,none      ,UNNAMED[newdelhi]
2017321N07124  ,               ,bwp312017 ,KIROGI[jtwc_wp] = KIROGI[tokyo] = KIROGI[cma] = KIROGI[hko] = KIROGI[kma]
2017329S10110  ,               ,none      ,CEMPAKA[bom]
2017332S08098  ,               ,bsh012018 ,DAHLIA[jtwc_sh] = DAHLIA[bom]
2017333N06082  ,               ,bio032017 ,OCKHI[jtwc_io] = OCKHI[newdelhi]
2017340N09089  ,               ,bio042017 ,FOUR[jtwc_io] = UNNAMED[newdelhi]
2017347N11131  ,               ,bwp322017 ,KAI-TAK[jtwc_wp] = KAI-TAK[tokyo] = KAI-TAK[cma] = KAI-TAK[hko] = KAI-TAK[kma]
2017354N08134  ,               ,bwp332017 ,TEMBIN[jtwc_wp] = TEMBIN[tokyo] = TEMBIN[cma] = TEMBIN[hko] = TEMBIN[kma]
2017360S15124  ,               ,bsh022018 ,HILDA[jtwc_sh] = HILDA[bom]
2017364N07138  ,               ,bwp012018 ,BOLAVEN[jtwc_wp] = BOLAVEN[tokyo] = BOLAVEN[cma] = BOLAVEN[hko] = BOLAVEN[kma]
2017364S12065  ,               ,bsh032018 ,AVA[jtwc_sh] = AVA[reunion]
2018004S09096  ,               ,bsh042018 ,IRVING[jtwc_sh] = IRVING[bom] = IRVING[reunion]
2018007S13130  ,               ,bsh052018 ,JOYCE[jtwc_sh] = JOYCE[bom]
2018010S10069  ,               ,bsh062018 ,BERGUITTA[jtwc_sh] = BERGUITTA[reunion]
2018025S09080  ,               ,bsh072018 ,CEBILE[jtwc_sh] = CEBILE[reunion]
2018027S11156  ,               ,bsh082018 ,FEHI[jtwc_sh] = FEHI[nadi] = FEHI[wellington]
2018038S15172  ,               ,bsh092018 ,GITA[jtwc_sh] = GITA[nadi] = GITA[wellington]
2018039N08151  ,               ,bwp022018 ,SANBA[jtwc_wp] = SANBA[tokyo] = SANBA[cma] = SANBA[hko] = SANBA[kma]
2018044S10133  ,               ,bsh102018 ,KELVIN[jtwc_sh] = KELVIN[bom]
2018060S13057  ,               ,bsh112018 ,DUMAZILE[jtwc_sh] = DUMAZILE[reunion]
2018064S16172  ,               ,bsh122018 ,HOLA[jtwc_sh] = HOLA[nadi] = HOLA[wellington]
2018070S10160  ,               ,bsh132018 ,LINDA[jtwc_sh] = LINDA[bom]
2018072N05076  ,               ,none      ,UNNAMED[newdelhi]
2018073S09129  ,               ,bsh152018 ,MARCUS[jtwc_sh] = MARCUS[bom]
2018073S12057  ,               ,bsh142018 ,ELIAKIM[jtwc_sh] = ELIAKIM[reunion]
2018079S08137  ,               ,bsh162018 ,NORA[jtwc_sh] = NORA[bom]
2018082N04147  ,               ,bwp032018 ,JELAWAT[jtwc_wp] = JELAWAT[tokyo] = JELAWAT[cma] = JELAWAT[hko] = JELAWAT[kma]
2018082S12164  ,               ,bsh172018 ,IRIS[jtwc_sh] = IRIS[bom] = IRIS[nadi]
2018089S18172  ,               ,bsh182018 ,JOSIE[jtwc_sh] = JOSIE[nadi]
2018096S15172  ,               ,bsh192018 ,KENI[jtwc_sh] = KENI[nadi] = KENI[wellington]
2018111S07055  ,               ,bsh202018 ,FAKIR[jtwc_sh] = FAKIR[reunion]
2018117S07098  ,               ,bsh212018 ,FLAMBOYAN[jtwc_sh] = FLAMBOYAN[reunion]
2018129N15153  ,               ,bwp042018 ,FOUR[jtwc_wp] = UNNAMED[cma]
2018131N12235  ,               ,bep012018 ,ONE[hurdat_epa] = bep012018[atcf]
2018136N11054  ,               ,multiple  ,SAGAR[jtwc_io] = SAGAR[newdelhi] = MEKUNU[jtwc_io]
2018146N19273  ,               ,bal012018 ,ALBERTO[hurdat_atl] = bal012018[atcf]
2018148N17090  ,               ,bio032018 ,bio032018[jtwc_io] = UNNAMED[newdelhi]
2018153N12113  ,               ,bwp052018 ,EWINIAR[jtwc_wp] = EWINIAR[tokyo] = EWINIAR[cma] = EWINIAR[hko] = EWINIAR[kma]
2018155N10132  ,               ,bwp062018 ,MALIKSI[jtwc_wp] = MALIKSI[tokyo] = MALIKSI[cma] = MALIKSI[hko] = MALIKSI[kma]
2018157N14255  ,               ,bep022018 ,ALETTA[hurdat_epa] = bep022018[atcf]
2018161N12260  ,               ,bep032018 ,BUD[hurdat_epa] = bep032018[atcf]
2018161N22092  ,               ,none      ,UNNAMED[newdelhi]
2018164N21120  ,               ,bwp072018 ,SEVEN[jtwc_wp]
2018165N22117  ,               ,bwp082018 ,GAEMI[jtwc_wp] = GAEMI[tokyo] = GAEMI[cma] = GAEMI[hko] = GAEMI[kma]
2018166N15260  ,               ,bep042018 ,CARLOTTA[hurdat_epa] = bep042018[atcf]
2018174N12244  ,               ,bep052018 ,DANIEL[hurdat_epa] = bep052018[atcf]
2018178N12253  ,               ,bep062018 ,EMILIA[hurdat_epa] = bep062018[atcf]
2018179N19134  ,               ,bwp092018 ,PRAPIROON[jtwc_wp] = PRAPIROON[tokyo] = PRAPIROON[cma] = PRAPIROON[hko] = PRAPIROON[kma]
2018182N11256  ,               ,bep072018 ,FABIO[hurdat_epa] = bep072018[atcf]
2018184N10147  ,               ,bwp102018 ,MARIA[jtwc_wp] = MARIA[tokyo] = MARIA[cma] = MARIA[hko] = MARIA[kma]
2018186N10325  ,               ,bal022018 ,BERYL[hurdat_atl] = bal022018[atcf]
2018186N31292  ,               ,bal032018 ,CHRIS[hurdat_atl] = bal032018[atcf]
2018195N19138  ,               ,bwp112018 ,SON-TINH[jtwc_wp] = SON-TINH[tokyo] = SON-TINH[cma] = SON-TINH[hko] = SON-TINH[kma]
2018199N18128  ,               ,bwp122018 ,AMPIL[jtwc_wp] = AMPIL[tokyo] = AMPIL[cma] = AMPIL[hko] = AMPIL[kma]
2018202N18116  ,               ,bwp132018 ,THIRTEEN[jtwc_wp] = UNNAMED[cma] = TD0721[hko]
2018202N21088  ,               ,none      ,UNNAMED[newdelhi]
2018202N21159  ,               ,bwp142018 ,WUKONG[jtwc_wp] = WUKONG[tokyo] = WUKONG[cma] = WUKONG[hko] = WUKONG[kma]
2018204N15137  ,               ,bwp152018 ,JONGDARI[jtwc_wp] = JONGDARI[tokyo] = JONGDARI[cma] = JONGDARI[hko] = JONGDARI[kma]
2018208N11225  ,               ,bep092018 ,NINE[hurdat_epa] = bep092018[atcf]
2018208N13238  ,               ,bep082018 ,GILMA[hurdat_epa] = bep082018[atcf]
2018211N27152  ,               ,bwp162018 ,SIXTEEN[jtwc_wp] = UNNAMED[cma]
2018213N12245  ,               ,bep102018 ,HECTOR[hurdat_epa] = HECTOR[jtwc_ep] = HECTOR[tokyo] = HECTOR[cma] = HECTOR[hko] = HECTOR[kma] = bep102018[atcf]
2018214N19153  ,               ,bwp172018 ,SHANSHAN[jtwc_wp] = SHANSHAN[tokyo] = SHANSHAN[cma] = SHANSHAN[hko] = SHANSHAN[kma]
2018215N41326  ,               ,bal042018 ,DEBBY[hurdat_atl] = bal042018[atcf]
2018217N12266  ,               ,bep112018 ,ILEANA[hurdat_epa] = bep112018[atcf]
2018218N14255  ,               ,bep122018 ,JOHN[hurdat_epa] = bep122018[atcf]
2018218N18134  ,               ,bwp182018 ,YAGI[jtwc_wp] = YAGI[tokyo] = YAGI[cma] = YAGI[hko] = YAGI[kma]
2018219N15237  ,               ,bep132018 ,KRISTY[hurdat_epa] = bep132018[atcf]
2018219N21088  ,               ,none      ,UNNAMED[newdelhi]
2018221N17112  ,               ,bwp202018 ,BEBINCA[jtwc_wp] = BEBINCA[tokyo] = BEBINCA[cma] = BEBINCA[hko] = BEBINCA[kma]
2018222N16147  ,               ,bwp192018 ,LEEPI[jtwc_wp] = LEEPI[tokyo] = LEEPI[cma] = LEEPI[hko] = LEEPI[kma]
2018226N11245  ,               ,bep142018 ,LANE[hurdat_epa] = bep142018[atcf]
2018226N23128  ,               ,bwp212018 ,RUMBIA[jtwc_wp] = RUMBIA[tokyo] = RUMBIA[cma] = RUMBIA[hko] = RUMBIA[kma]
2018227N11145  ,               ,bwp222018 ,SOULIK[jtwc_wp] = SOULIK[tokyo] = SOULIK[cma] = SOULIK[hko] = SOULIK[kma]
2018227N20086  ,               ,none      ,UNNAMED[newdelhi]
2018227N37315  ,               ,bal052018 ,ERNESTO[hurdat_atl] = bal052018[atcf]
2018229N11160  ,               ,bwp232018 ,CIMARON[jtwc_wp] = CIMARON[tokyo] = CIMARON[cma] = CIMARON[hko] = CIMARON[kma]
2018234N22119  ,               ,bwp242018 ,TWENTYFOUR[jtwc_wp] = UNNAMED[cma] = TD0823[hko]
2018238N13239  ,               ,bep152018 ,MIRIAM[hurdat_epa] = bep152018[atcf]
2018239N11161  ,               ,bwp252018 ,JEBI[jtwc_wp] = JEBI[tokyo] = JEBI[cma] = JEBI[hko] = JEBI[kma]
2018240N15251  ,               ,bep162018 ,NORMAN[hurdat_epa] = bep162018[atcf]
2018242N13343  ,               ,bal062018 ,FLORENCE[hurdat_atl] = bal062018[atcf]
2018244N14252  ,               ,bep172018 ,OLIVIA[hurdat_epa] = bep172018[atcf]
2018246N22283  ,               ,bal072018 ,GORDON[hurdat_atl] = bal072018[atcf]
2018249N22088  ,               ,none      ,UNNAMED[newdelhi]
2018250N12170  ,               ,bwp262018 ,MANGKHUT[jtwc_wp] = MANGKHUT[tokyo] = MANGKHUT[cma] = MANGKHUT[hko] = MANGKHUT[kma]
2018251N13325  ,               ,bal092018 ,ISAAC[hurdat_atl] = bal092018[atcf]
2018251N13343  ,               ,bal082018 ,HELENE[hurdat_atl] = bal082018[atcf]
2018251N15248  ,               ,bep182018 ,PAUL[hurdat_epa] = bep182018[atcf]
2018251N20122  ,               ,bwp272018 ,BARIJAT[jtwc_wp] = BARIJAT[tokyo] = BARIJAT[cma] = BARIJAT[hko] = BARIJAT[kma]
2018255N37320  ,               ,bal102018 ,JOYCE[hurdat_atl] = bal102018[atcf]
2018256S07076  ,               ,bsh012019 ,ONE[jtwc_sh] = 0120182019[reunion]
2018263N12146  ,               ,bwp282018 ,TRAMI[jtwc_wp] = TRAMI[tokyo] = TRAMI[cma] = TRAMI[hko] = TRAMI[kma]
2018263N17089  ,               ,bio042018 ,FOUR[jtwc_io] = DAYE[newdelhi]
2018263N26249  ,               ,bep192018 ,NINETEEN[hurdat_epa] = bep192018[atcf]
2018265N08338  ,               ,bal122018 ,KIRK[hurdat_atl] = bal122018[atcf]
2018265N13308  ,               ,bal112018 ,ELEVEN[hurdat_atl] = bal112018[atcf]
2018265N35315  ,               ,bal132018 ,LESLIE[hurdat_atl] = bal132018[atcf]
2018268N14253  ,               ,bep202018 ,ROSA[hurdat_epa] = bep202018[atcf]
2018268N24155  ,               ,bwp292018 ,TWENTYNINE[jtwc_wp]
2018269N11220  ,               ,bcp012018 ,WALAKA[hurdat_epa] = bcp012018[atcf]
2018269S09157  ,               ,bsh022019 ,LIUA[jtwc_sh] = LIUA[nadi]
2018271N06154  ,               ,bwp302018 ,KONG-REY[jtwc_wp] = KONG-REY[tokyo] = KONG-REY[cma] = KONG-REY[hko] = KONG-REY[kma]
2018273N12259  ,               ,bep212018 ,SERGIO[hurdat_epa] = bep212018[atcf]
2018279N11069  ,               ,bio052018 ,LUBAN[jtwc_io] = LUBAN[newdelhi]
2018280N18273  ,               ,bal142018 ,MICHAEL[hurdat_atl] = bal142018[atcf]
2018281N14088  ,               ,bio062018 ,TITLI[jtwc_io] = TITLI[newdelhi]
2018282N09333  ,               ,bal152018 ,NADINE[hurdat_atl] = bal152018[atcf]
2018288N17257  ,               ,bep222018 ,TARA[hurdat_epa] = bep222018[atcf]
2018292N13269  ,               ,bep232018 ,VICENTE[hurdat_epa] = bep232018[atcf]
2018292N14261  ,               ,bep242018 ,WILLA[hurdat_epa] = bep242018[atcf]
2018294N08161  ,               ,bwp312018 ,YUTU[jtwc_wp] = YUTU[tokyo] = YUTU[cma] = YUTU[hko] = YUTU[kma]
2018300N25315  ,               ,bal162018 ,OSCAR[hurdat_atl] = bal162018[atcf]
2018306N14249  ,               ,bep252018 ,XAVIER[hurdat_epa] = bep252018[atcf]
2018309S06068  ,               ,bsh032019 ,ALCIDE[jtwc_sh] = ALCIDE[reunion]
2018311N07179  ,               ,bwp332018 ,USAGI[jtwc_wp] = USAGI[tokyo] = USAGI[cma] = USAGI[hko] = USAGI[kma]
2018313S05090  ,               ,bsh042019 ,BOUCHRA[jtwc_sh] = BOUCHRA[reunion]
2018314N12093  ,               ,bio072018 ,GAJA[jtwc_io] = GAJA[newdelhi]
2018321N10113  ,               ,bwp322018 ,TORAJI[jtwc_wp] = TORAJI[tokyo] = ORAJI[cma] = TORAJI[hko] = TORAJI[kma]
2018324N04156  ,               ,bwp342018 ,MAN-YI[jtwc_wp] = MAN-YI[tokyo] = MAN-YI[cma] = MAN-YI[hko] = MAN-YI[kma]
2018334S09156  ,               ,bsh052019 ,OWEN[jtwc_sh] = OWEN[bom]
2018347N07089  ,               ,bio082018 ,PHETHAI[jtwc_io] = PHETHAI[newdelhi]
2018348S08093  ,               ,bsh062019 ,KENANGA[jtwc_sh] = KENANGA[bom]
2018351S09059  ,               ,bsh072019 ,CILIDA[jtwc_sh] = CILIDA[reunion]
2018358N07140  ,               ,bwp352018 ,THIRTYFIVE[jtwc_wp] = UNNAMED[cma] = TD1225[hko]
2018362S13147  ,2018363S12145  ,bsh082019 ,PENNY[jtwc_sh] = PENNY[bom]
2018365N08115  ,               ,bwp362018 ,PABUK[jtwc_wp] = PABUK[tokyo] = PABUK[cma] = PABUK[newdelhi] = PABUK[hko] = PABUK[kma]
2019001S10162  ,               ,bsh092019 ,MONA[jtwc_sh] = MONA[nadi]
2019004N03175  ,               ,bwp012019 ,ONE[jtwc_wp] = UNNAMED[cma]
2019018S24033  ,               ,bsh102019 ,DESMOND[jtwc_sh] = DESMOND[reunion]
2019019S13106  ,               ,none      ,UNNAMED[bom]
2019021S09128  ,               ,bsh112019 ,RILEY[jtwc_sh] = RILEY[bom]
2019023S21041  ,               ,none      ,EKETSANG[reunion]
2019035S11058  ,               ,bsh132019 ,GELENA[jtwc_sh] = GELENA[reunion]
2019035S13070  ,               ,bsh122019 ,FUNANI[jtwc_sh] = FUNANI[reunion]
2019040S17183  ,               ,bsh142019 ,NEIL[jtwc_sh] = NEIL[nadi]
2019042S17162  ,               ,bsh152019 ,OMA[jtwc_sh] = OMA[bom] = OMA[nadi] = OMA[wellington]
2019050N05163  ,               ,bwp022019 ,WUTIP[jtwc_wp] = WUTIP[tokyo] = WUTIP[cma] = WUTIP[hko] = WUTIP[kma]
2019057S13184  ,               ,bsh162019 ,POLA[jtwc_sh] = POLA[nadi] = POLA[wellington]
2019060S10078  ,               ,bsh172019 ,HALEH[jtwc_sh] = HALEH[reunion]
2019063S18038  ,               ,bsh182019 ,IDAI[jtwc_sh] = IDAI[reunion]
2019067S11115  ,               ,bsh192019 ,SAVANNAH[jtwc_sh] = SAVANNAH[bom] = SAVANNAH[reunion]
2019071N04161  ,               ,bwp032019 ,THREE[jtwc_wp] = UNNAMED[cma]
2019074S08151  ,               ,bsh202019 ,TREVOR[jtwc_sh] = TREVOR[bom]
2019077S13123  ,               ,bsh212019 ,VERONICA[jtwc_sh] = VERONICA[bom]
2019078S13066  ,               ,bsh222019 ,JOANINHA[jtwc_sh] = JOANINHA[reunion]
2019093S07133  ,               ,bsh232019 ,WALLACE[jtwc_sh] = WALLACE[bom]
2019112S04079  ,               ,bsh252019 ,LORNA[jtwc_sh] = LORNA[reunion]
2019112S10053  ,               ,bsh242019 ,KENNETH[jtwc_sh] = KENNETH[reunion]
2019116N02090  ,               ,bio012019 ,FANI[jtwc_io] = FANI[newdelhi]
2019126S05129  ,               ,bsh262019 ,LILI[jtwc_sh] = LILI[bom]
2019129S10160  ,               ,bsh272019 ,ANN[jtwc_sh] = ANN[bom]
2019141N28291  ,               ,bal012019 ,ANDREA[hurdat_atl] = bal012019[atcf]
2019160N11073  ,               ,bio022019 ,VAYU[jtwc_io] = VAYU[newdelhi]
2019176N18128  ,               ,none      ,SEPAT[tokyo] = SEPAT[cma] = SEPAT[hko] = SEPAT[kma]
2019177N15256  ,               ,bep012019 ,ALVIN[hurdat_epa] = bep012019[atcf]
2019178N10137  ,               ,bwp042019 ,FOUR[jtwc_wp] = UNNAMED[cma]
2019181N10252  ,               ,bep022019 ,BARBARA[hurdat_epa] = bep022019[atcf]
2019182N18114  ,               ,bwp052019 ,MUN[jtwc_wp] = MUN[tokyo] = MUN[cma] = MUN[hko] = MUN[kma]
2019188N16245  ,               ,bep032019 ,COSME[hurdat_epa] = bep032019[atcf]
2019192N29274  ,               ,bal022019 ,BARRY[hurdat_atl] = bal022019[atcf]
2019193N14255  ,               ,bep042019 ,FOUR[hurdat_epa] = bep042019[atcf]
2019195N13136  ,               ,bwp062019 ,DANAS[jtwc_wp] = DANAS[tokyo] = DANAS[cma] = DANAS[hko] = DANAS[kma]
2019203N15244  ,               ,bep052019 ,DALILA[hurdat_epa] = bep052019[atcf]
2019204N25283  ,               ,bal032019 ,THREE[hurdat_atl] = bal032019[atcf]
2019205N23137  ,               ,bwp072019 ,NARI[jtwc_wp] = NARI[tokyo] = NARI[cma] = NARI[hko] = NARI[kma]
2019209N11237  ,               ,bep062019 ,ERICK[hurdat_epa] = bep062019[atcf]
2019210N11253  ,               ,bep072019 ,FLOSSIE[hurdat_epa] = bep072019[atcf]
2019210N16117  ,               ,bwp082019 ,WIPHA[jtwc_wp] = WIPHA[tokyo] = WIPHA[cma] = WIPHA[hko] = WIPHA[kma]
2019213N17155  ,               ,bwp092019 ,FRANCISCO[jtwc_wp] = FRANCISCO[tokyo] = FRANCISCO[cma] = FRANCISCO[hko] = FRANCISCO[kma]
2019214N15134  ,               ,bwp102019 ,LEKIMA[jtwc_wp] = LEKIMA[tokyo] = LEKIMA[cma] = LEKIMA[hko] = LEKIMA[kma]
2019215N13242  ,               ,bep082019 ,GIL[hurdat_epa] = bep082019[atcf]
2019216N16147  ,               ,bwp112019 ,KROSA[jtwc_wp] = KROSA[tokyo] = KROSA[cma] = KROSA[hko] = KROSA[kma]
2019218N21088  ,               ,none      ,UNNAMED[newdelhi]
2019224N18252  ,               ,bep092019 ,HENRIETTE[hurdat_epa] = bep092019[atcf]
2019231N13135  ,               ,bwp122019 ,BAILU[jtwc_wp] = BAILU[tokyo] = BAILU[cma] = BAILU[hko] = BAILU[kma]
2019233N15255  ,               ,bep102019 ,IVO[hurdat_epa] = bep102019[atcf]
2019233N40300  ,               ,bal042019 ,CHANTAL[hurdat_atl] = bal042019[atcf]
2019236N08143  ,               ,bwp132019 ,PODUL[jtwc_wp] = PODUL[tokyo] = PODUL[cma] = PODUL[hko] = PODUL[kma]
2019236N10314  ,               ,bal052019 ,DORIAN[hurdat_atl] = bal052019[atcf]
2019239N32287  ,               ,bal062019 ,ERIN[hurdat_atl] = bal062019[atcf]
2019242N14180  ,               ,bwp142019 ,FAXAI[jtwc_wp] = FAXAI[tokyo] = FAXAI[cma] = FAXAI[hko] = FAXAI[kma]
2019242N18126  ,               ,bwp162019 ,KAJIKI[jtwc_wp] = KAJIKI[tokyo] = KAJIKI[cma] = KAJIKI[hko] = KAJIKI[kma]
2019243N06136  ,               ,bwp152019 ,LINGLING[jtwc_wp] = LINGLING[tokyo] = LINGLING[cma] = LINGLING[hko] = LINGLING[kma]
2019244N13253  ,               ,bep112019 ,JULIETTE[hurdat_epa] = bep112019[atcf]
2019246N15225  ,               ,bep122019 ,AKONI[hurdat_epa] = bep122019[atcf]
2019246N16330  ,               ,bal082019 ,GABRIELLE[hurdat_atl] = bal082019[atcf]
2019246N24266  ,               ,bal072019 ,FERNAND[hurdat_atl] = bal072019[atcf]
2019250N24123  ,               ,none      ,UNNAMED[cma]
2019255N09162  ,               ,bwp172019 ,PEIPAH[jtwc_wp] = PEIPAH[tokyo] = PEIPAH[cma] = PEIPAH[hko] = PEIPAH[kma]
2019255N15251  ,               ,bep132019 ,KIKO[hurdat_epa] = bep132019[atcf]
2019256N23286  ,               ,bal092019 ,HUMBERTO[hurdat_atl] = bal092019[atcf]
2019260N10253  ,               ,bep142019 ,MARIO[hurdat_epa] = bep142019[atcf]
2019260N12262  ,               ,bep152019 ,LORENA[hurdat_epa] = bep152019[atcf]
2019260N13317  ,               ,bal102019 ,JERRY[hurdat_atl] = bal102019[atcf]
2019260N20129  ,               ,bwp182019 ,TAPAH[jtwc_wp] = TAPAH[tokyo] = TAPAH[cma] = TAPAH[hko] = TAPAH[kma]
2019261N28264  ,               ,bal112019 ,IMELDA[hurdat_atl] = bal112019[atcf]
2019264N19071  ,               ,bio032019 ,HIKAA[jtwc_io] = HIKKA[newdelhi]
2019265N12301  ,               ,bal122019 ,KAREN[hurdat_atl] = bal122019[atcf]
2019266N11341  ,               ,bal132019 ,LORENZO[hurdat_atl] = bal132019[atcf]
2019268N10155  ,               ,bwp192019 ,MITAG[jtwc_wp] = MITAG[tokyo] = MITAG[cma] = MITAG[hko] = MITAG[kma]
2019272N14261  ,               ,bep162019 ,NARDA[hurdat_epa] = bep162019[atcf]
2019273N23070  ,               ,none      ,UNNAMED[newdelhi]
2019278N16165  ,               ,bwp202019 ,HAGIBIS[jtwc_wp] = HAGIBIS[tokyo] = HAGIBIS[cma] = HAGIBIS[hko] = HAGIBIS[kma]
2019282N35286  ,               ,bal142019 ,MELISSA[hurdat_atl] = bal142019[atcf]
2019285N15198  ,               ,none      ,EMA[hurdat_epa]
2019288N13341  ,               ,bal152019 ,FIFTEEN[hurdat_atl] = bal152019[atcf]
2019288N16136  ,               ,bwp212019 ,NEOGURI[jtwc_wp] = NEOGURI[tokyo] = NEOGURI[cma] = NEOGURI[hko] = NEOGURI[kma]
2019289N14267  ,               ,bep172019 ,bep172019[atcf]
2019290N08169  ,               ,bwp222019 ,BUALOI[jtwc_wp] = BUALOI[tokyo] = BUALOI[cma] = BUALOI[hko] = BUALOI[kma]
2019290N11234  ,               ,bep182019 ,OCTAVE[hurdat_epa] = bep182019[atcf]
2019291N22264  ,               ,bal162019 ,NESTOR[hurdat_atl] = bal162019[atcf]
2019293N17257  ,               ,bep192019 ,PRISCILLA[hurdat_epa] = bep192019[atcf]
2019296N15066  ,               ,bio042019 ,KYARR[jtwc_io] = KYAAR[newdelhi]
2019297N40322  ,               ,bal182019 ,PABLO[hurdat_atl] = bal182019[atcf]
2019299N25265  ,               ,bal172019 ,OLGA[hurdat_atl] = bal172019[atcf]
2019300N41309  ,               ,bal192019 ,REBEKAH[hurdat_atl] = bal192019[atcf]
2019301N05081  ,               ,bio052019 ,MAHA[jtwc_io] = MAHA[newdelhi]
2019302N11118  ,               ,bwp232019 ,MATMO[jtwc_wp] = MATMO[tokyo] = MATMO[cma] = BULBUL[newdelhi] = MATMO[hko] = MATMO[kma]
2019306N10162  ,               ,bwp242019 ,HALONG[jtwc_wp] = HALONG[tokyo] = HALONG[cma] = HALONG[hko] = HALONG[kma]
2019308N13114  ,               ,bwp252019 ,NAKRI[jtwc_wp] = NAKRI[tokyo] = NAKRI[cma] = NAKRI[hko] = NAKRI[kma]
2019314N12172  ,               ,bwp262019 ,FENGSHEN[jtwc_wp] = FENGSHEN[tokyo] = FENGSHEN[cma] = FENGSHEN[hko] = FENGSHEN[kma]
2019314N14136  ,               ,bwp272019 ,KALMAEGI[jtwc_wp] = KALMAEGI[tokyo] = KALMAEGI[cma] = KALMAEGI[hko] = KALMAEGI[kma]
2019317N11248  ,               ,bep202019 ,RAYMOND[hurdat_epa] = bep202019[atcf]
2019320N09264  ,               ,bep212019 ,TWENTYONE[hurdat_epa] = bep212019[atcf]
2019322N11144  ,               ,bwp282019 ,FUNG-WONG[jtwc_wp] = FUNG-WONG[tokyo] = FUNG-WONG[cma] = FUNG-WONG[hko] = FUNG-WONG[kma]
2019323N19302  ,               ,bal202019 ,SEBASTIEN[hurdat_atl] = bal202019[atcf]
2019326S08163  ,               ,bsh012020 ,RITA[jtwc_sh]
2019329N09160  ,               ,bwp292019 ,KAMMURI[jtwc_wp] = KAMMURI[tokyo] = KAMMURI[cma] = KAMMURI[hko] = KAMMURI[kma]
2019335N05058  ,               ,bio062019 ,PAWAN[jtwc_io] = PAWAN[newdelhi]
2019336S06055  ,               ,bsh022020 ,BELNA[jtwc_sh] = BELNA[reunion]
2019337N11072  ,               ,bio072019 ,SEVEN[jtwc_io] = UNNAMED[newdelhi]
2019337S04065  ,               ,bsh032020 ,AMBALI[jtwc_sh] = AMBALI[reunion]
2019342N09062  ,               ,none      ,UNNAMED[newdelhi]
2019352S14070  ,               ,bsh052020 ,CALVINIA[jtwc_sh] = CALVINIA[reunion]
2019354N05151  ,               ,bwp302019 ,PHANFONE[jtwc_wp] = PHANFONE[tokyo] = PHANFONE[cma] = PHANFONE[hko] = PHANFONE[kma]
2019359S08175  ,               ,bsh042020 ,SARAI[jtwc_sh] = SARAI[nadi]
2020005S08133  ,               ,bsh072020 ,CLAUDIA[jtwc_sh] = CLAUDIA[bom]
2020005S13121  ,               ,bsh062020 ,BLAKE[jtwc_sh] = BLAKE[bom]
2020015S12170  ,               ,bsh082020 ,TINO[jtwc_sh] = TINO[nadi] = TINO[wellington]
2020019S11063  ,               ,bsh092020 ,NINE[jtwc_sh]
2020022S17043  ,               ,bsh102020 ,DIANE[jtwc_sh] = DIANE[reunion]
2020023S19056  ,               ,bsh112020 ,ESAMI[jtwc_sh] = ESAMI[reunion]
2020024S14190  ,               ,bsh122020 ,TWELVE[jtwc_sh]
2020034S13063  ,               ,bsh132020 ,FRANCISCO[jtwc_sh] = FRANCISCO[reunion]
2020034S17129  ,               ,bsh142020 ,DAMIEN[jtwc_sh] = DAMIEN[bom]
2020037S13163  ,               ,bsh152020 ,UESI[jtwc_sh] = UESI[bom] = UESI[nadi] = UESI[wellington]
2020045S15075  ,               ,bsh162020 ,GABEKILE[jtwc_sh] = GABEKILE[reunion]
2020051S13186  ,               ,bsh172020 ,VICKY[jtwc_sh] = VICKY[nadi]
2020052S11181  ,               ,bsh182020 ,WASI[jtwc_sh] = WASI[nadi]
2020052S13140  ,               ,bsh192020 ,ESTHER[jtwc_sh] = ESTHER[bom]
2020053S12119  ,               ,bsh202020 ,FERDINAND[jtwc_sh] = FERDINAND[bom]
2020069S11113  ,               ,bsh212020 ,TWENTYONE[jtwc_sh] = UNNAMED[bom]
2020072S14054  ,               ,bsh222020 ,HEROLD[jtwc_sh] = HEROLD[reunion]
2020073S14149  ,               ,bsh232020 ,GRETEL[jtwc_sh] = GRETEL[bom] = GRETEL[nadi] = GRETEL[wellington]
2020091S10145  ,               ,none      ,UNNAMED[bom]
2020092S09155  ,               ,bsh252020 ,HAROLD[jtwc_sh] = HAROLD[bom] = HAROLD[nadi] = HAROLD[wellington]
2020092S12069  ,               ,bsh242020 ,IRONDRO[jtwc_sh] = IRONDRO[reunion]
2020104S12091  ,               ,bsh262020 ,JERUTO[jtwc_sh] = JERUTO[reunion]
2020116N14245  ,               ,bep012020 ,ONE[hurdat_epa] = bep012020[atcf]
2020129N07134  ,               ,bwp012020 ,VONGFONG[jtwc_wp] = VONGFONG[tokyo] = VONGFONG[cma] = VONGFONG[hko] = VONGFONG[kma]
2020136N10088  ,               ,bio012020 ,AMPHAN[jtwc_io] = AMPHAN[newdelhi]
2020138N28281  ,               ,bal012020 ,ARTHUR[hurdat_atl] = bal012020[atcf]
2020140S05094  ,2020139S04095  ,bsh272020 ,MANGGA[jtwc_sh] = MANGGA[bom]
2020148N32281  ,               ,bal022020 ,BERTHA[hurdat_atl] = bal022020[atcf]
2020150N17054  ,               ,none      ,UNNAMED[newdelhi]
2020152N12269  ,               ,bep022020 ,AMANDA[hurdat_epa] = bep022020[atcf]
2020153N13072  ,               ,bio022020 ,NISARGA[jtwc_io] = NISARGA[newdelhi]
2020154N19269  ,               ,bal032020 ,CRISTOBAL[hurdat_atl] = bal032020[atcf]
2020160N10133  ,               ,bwp022020 ,NURI[jtwc_wp] = NURI[tokyo] = NURI[cma] = NURI[hko] = NURI[kma]
2020174N39293  ,               ,bal042020 ,DOLLY[hurdat_atl] = bal042020[atcf]
2020176N10228  ,               ,bep032020 ,BORIS[hurdat_epa] = bep032020[atcf]
2020182N20248  ,               ,bep042020 ,FOUR[hurdat_epa] = bep042020[atcf]
2020186N30289  ,               ,bal052020 ,EDOUARD[hurdat_atl] = bal052020[atcf]
2020188N28271  ,               ,bal062020 ,FAY[hurdat_atl] = bal062020[atcf]
2020189N10261  ,               ,bep052020 ,CRISTINA[hurdat_epa] = bep052020[atcf]
2020195N17125  ,               ,none      ,TD0713[hko]
2020196N17250  ,               ,bep062020 ,SIX[hurdat_epa] = bep062020[atcf]
2020202N15234  ,               ,bep072020 ,UNNAMED[hurdat_epa] = bep072020[atcf]
2020202N15241  ,               ,bep082020 ,DOUGLAS[hurdat_epa] = bep082020[atcf]
2020203N09323  ,               ,bal072020 ,GONZALO[hurdat_atl] = bal072020[atcf]
2020205N26272  ,               ,bal082020 ,HANNA[hurdat_atl] = bal082020[atcf]
2020211N13306  ,               ,bal092020 ,ISAIAS[hurdat_atl] = bal092020[atcf]
2020211N14124  ,               ,bwp042020 ,SINLAKU[jtwc_wp] = SINLAKU[tokyo] = SINLAKU[cma] = SINLAKU[hko] = SINLAKU[kma]
2020212N13340  ,               ,bal102020 ,TEN[hurdat_atl] = bal102020[atcf]
2020213N15131  ,               ,bwp032020 ,HAGUPIT[jtwc_wp] = HAGUPIT[tokyo] = HAGUPIT[cma] = HAGUPIT[hko] = HAGUPIT[kma]
2020220N14128  ,               ,bwp052020 ,JANGMI[jtwc_wp] = JANGMI[tokyo] = JANGMI[cma] = JANGMI[hko] = JANGMI[kma]
2020221N13262  ,               ,bep092020 ,ELIDA[hurdat_epa] = bep092020[atcf]
2020222N15117  ,               ,bwp072020 ,MEKKHALA[jtwc_wp] = MEKKHALA[tokyo] = MEKKHALA[cma] = MEKKHALA[hko] = MEKKHALA[kma]
2020222N26149  ,               ,bwp062020 ,SIX[jtwc_wp] = UNNAMED[cma] = TD0811[hko]
2020224N11326  ,               ,bal112020 ,JOSEPHINE[hurdat_atl] = bal112020[atcf]
2020226N13233  ,               ,bep102020 ,TEN[hurdat_epa] = bep102020[atcf]
2020228N37286  ,               ,bal122020 ,KYLE[hurdat_atl] = bal122020[atcf]
2020229N18123  ,               ,bwp082020 ,HIGOS[jtwc_wp] = HIGOS[tokyo] = HIGOS[cma] = HIGOS[hko] = HIGOS[kma]
2020229N18242  ,               ,bep112020 ,FAUSTO[hurdat_epa] = bep112020[atcf]
2020230N11264  ,               ,bep122020 ,GENEVIEVE[hurdat_epa] = bep122020[atcf]
2020233N14313  ,               ,bal132020 ,LAURA[hurdat_atl] = bal132020[atcf]
2020234N14280  ,               ,bal142020 ,MARCO[hurdat_atl] = bal142020[atcf]
2020234N19123  ,               ,bwp092020 ,BAVI[jtwc_wp] = BAVI[tokyo] = BAVI[cma] = BAVI[hko] = BAVI[kma]
2020238N16252  ,               ,bep132020 ,HERNAN[hurdat_epa] = bep132020[atcf]
2020239N13134  ,               ,bwp102020 ,MAYSAK[jtwc_wp] = MAYSAK[tokyo] = MAYSAK[cma] = MAYSAK[hko] = MAYSAK[kma]
2020239N15243  ,               ,bep142020 ,ISELLE[hurdat_epa] = bep142020[atcf]
2020244N25146  ,               ,bwp112020 ,HAISHEN[jtwc_wp] = HAISHEN[tokyo] = HAISHEN[cma] = HAISHEN[hko] = HAISHEN[kma]
2020244N30279  ,               ,bal152020 ,OMAR[hurdat_atl] = bal152020[atcf]
2020245N16285  ,               ,bal162020 ,NANA[hurdat_atl] = bal162020[atcf]
2020249N14265  ,               ,bep152020 ,JULIO[hurdat_epa] = bep152020[atcf]
2020251N15342  ,               ,bal182020 ,RENE[hurdat_atl] = bal182020[atcf]
2020251N17319  ,               ,bal172020 ,PAULETTE[hurdat_atl] = bal172020[atcf]
2020254N26143  ,               ,bwp122020 ,TWELVE[jtwc_wp]
2020256N11329  ,               ,bal202020 ,TEDDY[hurdat_atl] = bal202020[atcf]
2020256N25281  ,               ,bal192020 ,SALLY[hurdat_atl] = bal192020[atcf]
2020257N16248  ,               ,bep162020 ,KARINA[hurdat_epa] = bep162020[atcf]
2020258N11127  ,               ,bwp132020 ,NOUL[jtwc_wp] = NOUL[tokyo] = NOUL[cma] = NOUL[hko] = NOUL[kma]
2020258N18332  ,               ,bal212020 ,VICKY[hurdat_atl] = bal212020[atcf]
2020259N47338  ,               ,bal242020 ,ALPHA[hurdat_atl] = bal242020[atcf]
2020261N10335  ,               ,bal232020 ,WILFRED[hurdat_atl] = bal232020[atcf]
2020261N21265  ,               ,bal222020 ,BETA[hurdat_atl] = bal222020[atcf]
2020263N21136  ,               ,bwp142020 ,DOLPHIN[jtwc_wp] = DOLPHIN[tokyo] = DOLPHIN[cma] = DOLPHIN[hko] = DOLPHIN[kma]
2020265N16252  ,               ,bep172020 ,LOWELL[hurdat_epa] = bep172020[atcf]
2020270N17159  ,               ,bwp152020 ,KUJIRA[jtwc_wp] = KUJIRA[tokyo] = KUJIRA[cma] = KUJIRA[hko] = KUJIRA[kma]
2020272N12257  ,               ,bep182020 ,MARIE[hurdat_epa] = bep182020[atcf]
2020276N17277  ,               ,bal252020 ,GAMMA[hurdat_atl] = bal252020[atcf]
2020277N21141  ,               ,bwp162020 ,CHAN-HOM[jtwc_wp] = CHAN-HOM[tokyo] = CHAN-HOM[cma] = CHAN-HOM[hko] = CHAN-HOM[kma]
2020279N11256  ,               ,bep192020 ,NORBERT[hurdat_epa] = bep192020[atcf]
2020279N16284  ,               ,bal262020 ,DELTA[hurdat_atl] = bal262020[atcf]
2020281N14126  ,               ,bwp172020 ,LINFA[jtwc_wp] = LINFA[tokyo] = LINFA[cma] = LINFA[hko] = LINFA[kma]
2020285N15087  ,               ,none      ,UNNAMED[newdelhi]
2020285N17120  ,               ,bwp182020 ,NANGKA[jtwc_wp] = NANGKA[tokyo] = NANGKA[cma] = NANGKA[hko] = NANGKA[kma]
2020288N13124  ,               ,none      ,UNNAMED[cma]
2020291N06141  ,               ,bwp192020 ,SAUDEL[jtwc_wp] = SAUDEL[tokyo] = SAUDEL[cma] = SAUDEL[hko] = SAUDEL[kma]
2020291N18069  ,               ,none      ,UNNAMED[newdelhi]
2020291N32305  ,               ,bal272020 ,EPSILON[hurdat_atl] = bal272020[atcf]
2020293N23139  ,               ,bwp202020 ,TWENTY[jtwc_wp] = UNNAMED[cma]
2020296N09137  ,               ,bwp212020 ,MOLAVE[jtwc_wp] = MOLAVE[tokyo] = MOLAVE[cma] = MOLAVE[hko] = MOLAVE[kma]
2020296N19087  ,               ,none      ,UNNAMED[newdelhi]
2020299N11144  ,               ,bwp222020 ,GONI[jtwc_wp] = GONI[tokyo] = GONI[cma] = GONI[hko] = GONI[kma]
2020299N18277  ,               ,bal282020 ,ZETA[hurdat_atl] = bal282020[atcf]
2020303N05149  ,               ,bwp232020 ,ATSANI[jtwc_wp] = ATSANI[tokyo] = ATSANI[cma] = ATSANI[hko] = ATSANI[kma]
2020306N15288  ,               ,bal292020 ,ETA[hurdat_atl] = bal292020[atcf]
2020309N14245  ,               ,bep202020 ,ODALYS[hurdat_epa] = bep202020[atcf]
2020312N10131  ,               ,bwp242020 ,ETAU[jtwc_wp] = ETAU[tokyo] = ETAU[cma] = ETAU[hko] = ETAU[kma]
2020313N08135  ,               ,bwp252020 ,VAMCO[jtwc_wp] = VAMCO[tokyo] = VAMCO[cma] = VAMCO[hko] = VAMCO[kma]
2020314N28313  ,               ,bal302020 ,THETA[hurdat_atl] = bal302020[atcf]
2020317S04092  ,               ,bsh012021 ,ALICIA[jtwc_sh] = ALICIA[reunion]
2020318N16289  ,               ,bal312020 ,IOTA[hurdat_atl] = bal312020[atcf]
2020323N15248  ,               ,bep212020 ,POLO[hurdat_epa] = bep212020[atcf]
2020326N11063  ,               ,bio032020 ,GATI[jtwc_io] = GATI[newdelhi]
2020327N08086  ,               ,bio042020 ,NIVAR[jtwc_io] = NIVAR[newdelhi]
2020332S11091  ,               ,bsh022021 ,BONGOYO[jtwc_sh] = BONGOYO[reunion]
2020335N06090  ,               ,bio052020 ,BUREVI[jtwc_io] = BUREVI[newdelhi]
2020339S09106  ,               ,bsh032021 ,THREE[jtwc_sh] = UNNAMED[bom]
2020345S13183  ,               ,bsh042021 ,FOUR[jtwc_sh]
2020346S13168  ,               ,bsh052021 ,YASA[jtwc_sh] = YASA[nadi]
2020347S14190  ,               ,bsh062021 ,ZAZU[jtwc_sh] = ZAZU[nadi]
2020352S26195  ,               ,none      ,ZAZU[wellington]
2020353N06129  ,               ,bwp262020 ,KROVANH[jtwc_wp] = KROVANH[tokyo] = KROVANH[cma] = KROVANH[hko] = KROVANH[kma]
2020355S11065  ,               ,bsh072021 ,CHALANE[jtwc_sh] = CHALANE[reunion]
2020366S12073  ,               ,bsh082021 ,DANILO[jtwc_sh] = DANILO[reunion]
2021001S14136  ,               ,bsh092021 ,IMOGEN[jtwc_sh] = IMOGEN[bom]
2021005S10101  ,               ,none      ,UNNAMED[bom]
2021012S12086  ,               ,bsh122021 ,ELOISE[jtwc_sh] = ELOISE[reunion]
2021013S12099  ,               ,bsh102021 ,JOSHUA[jtwc_sh] = JOSHUA[bom] = JOSHUA[reunion]
2021015S14147  ,               ,bsh112021 ,KIMI[jtwc_sh] = KIMI[bom]
2021018S11133  ,               ,bsh142021 ,FOURTEEN[jtwc_sh] = UNNAMED[bom]
2021020S13107  ,               ,bsh132021 ,THIRTEEN[jtwc_sh] = UNNAMED[bom]
2021025S14138  ,               ,bsh172021 ,LUCAS[jtwc_sh] = LUCAS[bom] = LUCAS[nadi]
2021028S15128  ,               ,bsh182021 ,EIGHTEEN[jtwc_sh] = UNNAMED[bom]
2021029S14162  ,               ,bsh162021 ,BINA[jtwc_sh] = BINA[nadi]
2021029S16171  ,               ,bsh152021 ,ANA[jtwc_sh] = ANA[nadi]
2021035S11080  ,               ,bsh192021 ,FARAJI[jtwc_sh] = FARAJI[reunion]
2021038S14178  ,               ,bsh202021 ,TWENTY[jtwc_sh] = UNNAMED[nadi] = TD09F[wellington]
2021042S23040  ,               ,bsh212021 ,GUAMBE[jtwc_sh] = GUAMBE[reunion]
2021046N06142  ,               ,bwp012021 ,DUJUAN[jtwc_wp] = DUJUAN[tokyo] = DUJUAN[cma] = DUJUAN[hko] = DUJUAN[kma]
2021052S13130  ,2021053S13128  ,bsh222021 ,MARIAN[jtwc_sh] = MARIAN[bom]
2021058S14149  ,               ,bsh232021 ,NIRAN[jtwc_sh] = NIRAN[bom] = NIRAN[nadi] = NIRAN[wellington]
2021062S14064  ,               ,bsh242021 ,HABANA[jtwc_sh] = HABANA[reunion]
2021062S18040  ,               ,bsh252021 ,IMAN[jtwc_sh] = IMAN[reunion]
2021079S12097  ,               ,none      ,UNNAMED[bom]
2021092N11096  ,               ,none      ,UNNAMED[newdelhi]
2021093S10103  ,               ,bsh272021 ,ODETTE[jtwc_sh] = ODETTE[bom]
2021093S11122  ,               ,bsh262021 ,SEROJA[jtwc_sh] = SEROJA[bom]
2021097S10090  ,               ,none      ,UNNAMED[bom]
2021099S15159  ,               ,bsh282021 ,TWENTYEIGH[jtwc_sh] = TD13F[wellington]
2021102N06144  ,               ,bwp022021 ,SURIGAE[jtwc_wp] = SURIGAE[tokyo] = SURIGAE[cma] = SURIGAE[hko] = SURIGAE[kma]
2021108S11067  ,               ,bsh292021 ,JOBO[jtwc_sh] = JOBO[reunion]
2021129N13254  ,               ,bep012021 ,ANDRES[hurdat_epa] = bep012021[atcf]
2021132N06132  ,               ,bwp032021 ,THREE[jtwc_wp] = UNNAMED[cma] = TD0513[hko]
2021133N10071  ,               ,bio012021 ,TAUKTAE[jtwc_io] = TAUKTAE[newdelhi]
2021140N30305  ,               ,bal012021 ,ANA[hurdat_atl] = bal012021[atcf]
2021143N15090  ,               ,bio022021 ,YAAS[jtwc_io] = YAAS[newdelhi]
2021148N05142  ,               ,bwp042021 ,CHOI-WAN[jtwc_wp] = CHOI-WAN[tokyo] = CHOI-WAN[cma] = CHOI-WAN[hko] = CHOI-WAN[kma]
2021151N11257  ,               ,bep022021 ,BLANCA[hurdat_epa] = bep022021[atcf]
2021161N18115  ,               ,bwp052021 ,KOGUMA[jtwc_wp] = KOGUMA[tokyo] = KOGUMA[cma] = KOGUMA[hko] = KOGUMA[kma]
2021163N11240  ,               ,bep032021 ,CARLOS[hurdat_epa] = bep032021[atcf]
2021165N32282  ,               ,bal022021 ,BILL[hurdat_atl] = bal022021[atcf]
2021169N14260  ,               ,bep042021 ,DOLORES[hurdat_epa] = bep042021[atcf]
2021169N23268  ,               ,bal032021 ,CLAUDETTE[hurdat_atl] = bal032021[atcf]
2021171N09152  ,               ,bwp062021 ,CHAMPI[jtwc_wp] = CHAMPI[tokyo] = CHAMPI[cma] = CHAMPI[hko] = CHAMPI[kma]
2021176N15259  ,               ,bep052021 ,ENRIQUE[hurdat_epa] = bep052021[atcf]
2021179N30287  ,               ,bal042021 ,DANNY[hurdat_atl] = bal042021[atcf]
2021182N09317  ,               ,bal052021 ,ELSA[hurdat_atl] = bal052021[atcf]
2021185N13121  ,               ,bwp082021 ,EIGHT[jtwc_wp] = UNNAMED[cma] = TD0705B[hko]
2021186N16129  ,               ,bwp072021 ,SEVEN[jtwc_wp] = TD0705A[hko]
2021195N13249  ,               ,bep062021 ,FELICIA[hurdat_epa] = bep062021[atcf]
2021197N17135  ,               ,bwp092021 ,IN-FA[jtwc_wp] = IN-FA[tokyo] = IN-FA[cma] = IN-FA[hko] = IN-FA[kma]
2021198N15254  ,               ,bep072021 ,GUILLERMO[hurdat_epa] = bep072021[atcf]
2021198N19117  ,               ,bwp102021 ,CEMPAKA[jtwc_wp] = CEMPAKA[tokyo] = CEMPAKA[cma] = CEMPAKA[hko] = CEMPAKA[kma]
2021204N21146  ,               ,bwp112021 ,NEPARTAK[jtwc_wp] = NEPARTAK[tokyo] = NEPARTAK[cma] = NEPARTAK[hko] = NEPARTAK[kma]
2021208N13245  ,               ,bep092021 ,JIMENA[hurdat_epa] = bep092021[atcf]
2021212N12248  ,               ,bep082021 ,HILDA[hurdat_epa] = bep082021[atcf]
2021213N14253  ,               ,bep102021 ,IGNACIO[hurdat_epa] = bep102021[atcf]
2021214N20155  ,               ,bwp122021 ,TWELVE[jtwc_wp]
2021214N21110  ,               ,bwp132021 ,LUPIT[jtwc_wp] = LUPIT[tokyo] = LUPIT[cma] = LUPIT[hko] = LUPIT[kma]
2021215N24124  ,               ,bwp142021 ,MIRINAE[jtwc_wp] = MIRINAE[tokyo] = MIRINAE[cma] = MIRINAE[hko] = MIRINAE[kma]
2021216N22144  ,               ,bwp152021 ,NIDA[jtwc_wp] = NIDA[tokyo] = NIDA[cma] = NIDA[hko] = NIDA[kma]
2021219N08193  ,               ,bwp162021 ,OMAIS[jtwc_wp] = OMAIS[tokyo] = OMAIS[cma] = OMAIS[hko] = OMAIS[kma]
2021219N15258  ,               ,bep112021 ,KEVIN[hurdat_epa] = bep112021[atcf]
2021222N12262  ,               ,bep122021 ,LINDA[hurdat_epa] = bep122021[atcf]
2021222N14301  ,               ,bal062021 ,FRED[hurdat_atl] = bal062021[atcf]
2021225N15313  ,               ,bal072021 ,GRACE[hurdat_atl] = bal072021[atcf]
2021227N36297  ,               ,bal082021 ,HENRI[hurdat_atl] = bal082021[atcf]
2021235N20251  ,               ,bep132021 ,MARTY[hurdat_epa] = bep132021[atcf]
2021236N12265  ,               ,bep142021 ,NORA[hurdat_epa] = bep142021[atcf]
2021239N17281  ,               ,bal092021 ,IDA[hurdat_atl] = bal092021[atcf]
2021240N13313  ,               ,bal102021 ,KATE[hurdat_atl] = bal102021[atcf]
2021241N32308  ,               ,bal112021 ,JULIAN[hurdat_atl] = bal112021[atcf]
2021244N12339  ,               ,bal122021 ,LARRY[hurdat_atl] = bal122021[atcf]
2021244N24164  ,               ,bwp172021 ,SEVENTEEN[jtwc_wp] = UNNAMED[cma] = TD0901[hko]
2021248N11131  ,               ,bwp182021 ,CONSON[jtwc_wp] = CONSON[tokyo] = CONSON[cma] = CONSON[hko] = CONSON[kma]
2021248N12141  ,               ,bwp192021 ,CHANTHU[jtwc_wp] = CHANTHU[tokyo] = CHANTHU[cma] = CHANTHU[hko] = CHANTHU[kma]
2021250N17254  ,               ,bep152021 ,OLAF[hurdat_epa] = bep152021[atcf]
2021252N28273  ,               ,bal132021 ,MINDY[hurdat_atl] = bal132021[atcf]
2021256N20087  ,               ,none      ,UNNAMED[newdelhi]
2021256N21265  ,               ,bal142021 ,NICHOLAS[hurdat_atl] = bal142021[atcf]
2021259N30286  ,               ,bal152021 ,ODETTE[hurdat_atl] = bal152021[atcf]
2021262N10333  ,               ,bal172021 ,ROSE[hurdat_atl] = bal172021[atcf]
2021262N16307  ,               ,bal162021 ,PETER[hurdat_atl] = bal162021[atcf]
2021264N13119  ,               ,bwp212021 ,TWENTYONE[jtwc_wp] = DIANMU[tokyo] = DIANMU[cma] = DIANMU[hko] = DIANMU[kma]
2021265N11150  ,               ,bwp202021 ,MINDULLE[jtwc_wp] = MINDULLE[tokyo] = MINDULLE[cma] = MINDULLE[hko] = MINDULLE[kma]
2021266N10327  ,               ,bal182021 ,SAM[hurdat_atl] = bal182021[atcf]
2021267N18094  ,               ,bio032021 ,SHAHEEN-GU[jtwc_io] = GULAB[newdelhi] = SHAHEEN[newdelhi]
2021267N31298  ,               ,bal192021 ,TERESA[hurdat_atl] = bal192021[atcf]
2021272N07338  ,               ,bal202021 ,VICTOR[hurdat_atl] = bal202021[atcf]
2021276N07131  ,               ,bwp222021 ,LIONROCK[jtwc_wp] = LIONROCK[tokyo] = LIONROCK[cma] = LIONROCK[hko] = LIONROCK[kma]
2021280N14068  ,               ,none      ,UNNAMED[newdelhi]
2021280N14137  ,               ,bwp242021 ,KOMPASU[jtwc_wp] = KOMPASU[tokyo] = KOMPASU[cma] = KOMPASU[hko] = KOMPASU[kma]
2021282N16165  ,               ,bwp232021 ,NAMTHEUN[jtwc_wp] = NAMTHEUN[tokyo] = NAMTHEUN[cma] = NAMTHEUN[hko] = NAMTHEUN[kma]
2021283N14258  ,               ,bep162021 ,PAMELA[hurdat_epa] = bep162021[atcf]
2021295N09145  ,               ,bwp252021 ,MALOU[jtwc_wp] = MALOU[tokyo] = MALOU[cma] = MALOU[hko] = MALOU[kma]
2021296N06127  ,               ,bwp262021 ,TWENTYSIX[jtwc_wp] = UNNAMED[cma] = TD1024[hko]
2021296N13260  ,               ,bep172021 ,RICK[hurdat_epa] = bep172021[atcf]
2021299N33284  ,               ,bal212021 ,WANDA[hurdat_atl] = bal212021[atcf]
2021307N09275  ,               ,bep182021 ,TERRY[hurdat_epa] = bep182021[atcf]
2021311N13248  ,               ,bep192021 ,SANDRA[hurdat_epa] = bep192021[atcf]
2021312N07090  ,               ,bio042021 ,FOUR[jtwc_io] = UNNAMED[newdelhi]
2021322N11082  ,               ,none      ,UNNAMED[newdelhi]
2021323S10103  ,               ,bsh012022 ,PADDY[jtwc_sh] = PADDY[bom]
2021333N11146  ,               ,bwp272021 ,NYATOH[jtwc_wp] = NYATOH[tokyo] = NYATOH[cma] = NYATOH[hko] = NYATOH[kma]
2021334S07101  ,               ,bsh022022 ,TERATAI[jtwc_sh] = TERATAI[bom]
2021335N08096  ,               ,bio052021 ,JAWAD[jtwc_io] = JAWAD[newdelhi]
2021343S09155  ,               ,bsh032022 ,RUBY[jtwc_sh] = RUBY[bom] = RUBY[nadi] = RUBY[wellington]
2021346N05145  ,               ,bwp282021 ,RAI[jtwc_wp] = RAI[tokyo] = RAI[cma] = RAI[hko] = RAI[kma]
2021349N05108  ,               ,bwp292021 ,TWENTYNINE[jtwc_wp]
2021358S09130  ,               ,bsh042022 ,SETH[jtwc_sh] = SETH[bom]
2022008S13148  ,               ,bsh062022 ,TIFFANY[jtwc_sh] = TIFFANY[bom]
2022008S17173  ,               ,bsh052022 ,CODY[jtwc_sh] = CODY[nadi] = CODY[wellington]
2022020S13059  ,2022020S13060  ,bsh072022 ,ANA[jtwc_sh] = ANA[reunion]
2022025S11091  ,2022024S09090  ,bsh082022 ,BATSIRAI[jtwc_sh] = BATSIRAI[reunion]
2022030S14147  ,               ,bsh092022 ,NINE[jtwc_sh] = UNNAMED[bom]
2022034S16082  ,               ,bsh102022 ,CLIFF[jtwc_sh] = CLIFF[reunion]
2022038S19164  ,               ,bsh112022 ,DOVI[jtwc_sh] = DOVI[bom] = DOVI[nadi] = DOVI[wellington]
2022042S12063  ,               ,bsh122022 ,DUMAKO[jtwc_sh] = DUMAKO[reunion]
2022047S15073  ,2022037S10103  ,bsh132022 ,EMNATI[jtwc_sh] = EMNATI[reunion]
2022054S13100  ,               ,bsh142022 ,VERNON[jtwc_sh] = VERNON[bom] = VERNON[reunion]
2022055S13129  ,               ,bsh152022 ,ANIKA[jtwc_sh] = ANIKA[bom]
2022056S12088  ,2022054S14085  ,bsh162022 ,bsh162022[jtwc_sh] = UNNAMED[bom] = 0820212022[reunion]
2022058S17163  ,               ,bsh182022 ,EIGHTEEN[jtwc_sh] = EVA[wellington]
2022059S10106  ,               ,bsh172022 ,SEVENTEEN[jtwc_sh]
2022062N06085  ,               ,bio012022 ,ONE[jtwc_io] = UNNAMED[newdelhi]
2022065S16055  ,               ,bsh192022 ,GOMBE[jtwc_sh] = GOMBE[reunion]
2022072S11107  ,               ,bsh202022 ,BILLY[jtwc_sh] = BILLY[bom]
2022076S10126  ,               ,bsh212022 ,CHARLOTTE[jtwc_sh] = CHARLOTTE[bom]
2022079N10093  ,               ,none      ,UNNAMED[newdelhi]
2022082S13078  ,2022080S09087  ,bsh222022 ,HALIMA[jtwc_sh] = HALIMA[reunion]
2022088N09116  ,               ,bwp012022 ,ONE[jtwc_wp]
2022089S16109  ,               ,none      ,UNNAMED[bom]
2022094S16164  ,2022094S15163  ,bsh232022 ,FILI[jtwc_sh] FILI[nadi] = FILI[wellington]
2022096N03150  ,               ,bwp022022 ,MALAKAS[jtwc_wp] = MALAKAS[tokyo] = MALAKAS[cma] = MALAKAS[hko] = MALAKAS[kma]
2022099N11128  ,               ,bwp032022 ,MEGI[jtwc_wp] = MEGI[tokyo] = MEGI[cma] = MEGI[hko] = MEGI[kma]
2022110S12051  ,               ,bsh242022 ,JASMINE[jtwc_sh] = JASMINE[reunion]
2022114S12100  ,               ,none      ,UNNAMED[bom]
2022116S14102  ,               ,none      ,UNNAMED[bom]
2022126N07095  ,               ,bio022022 ,ASANI[jtwc_io] = ASANI[newdelhi]
2022127S07088  ,2022126S06088  ,bsh252022 ,KARIM[jtwc_sh] = KARIM[bom] = KARIM[reunion]
2022137S13171  ,               ,bsh262022 ,GINA[jtwc_sh] = GINA[nadi]
2022140N16097  ,               ,none      ,UNNAMED[newdelhi]
2022148N13263  ,               ,bep012022 ,AGATHA[hurdat_epa] = bep012022[atcf]
2022154N21273  ,               ,bal012022 ,ALEX[hurdat_atl] = bal012022[atcf]
2022165N14258  ,               ,bep022022 ,BLAS[hurdat_epa] = bep022022[atcf]
2022167N11269  ,               ,bep032022 ,CELIA[hurdat_epa] = bep032022[atcf]
2022179N08310  ,               ,multiple  ,BONNIE[hurdat_atl] = BONNIE[hurdat_epa] = bal022022[atcf] = bep042022[atcf]
2022180N15117  ,               ,bwp042022 ,CHABA[jtwc_wp] = CHABA[tokyo] = CHABA[cma] = CHABA[hko] = CHABA[kma]
2022180N15130  ,               ,bwp052022 ,AERE[jtwc_wp] = AERE[tokyo] = AERE[cma] = AERE[hko] = AERE[kma]
2022183N32280  ,               ,bal032022 ,COLIN[hurdat_atl] = bal032022[atcf]
2022191N14249  ,               ,bep052022 ,DARBY[hurdat_epa] = bep052022[atcf]
2022197N12260  ,               ,bep062022 ,ESTELLE[hurdat_epa] = bep062022[atcf]
2022197N22069  ,               ,none      ,UNNAMED[newdelhi]
2022207N11262  ,               ,bep072022 ,FRANK[hurdat_epa] = bep072022[atcf]
2022208N15143  ,               ,bwp062022 ,SONGDA[jtwc_wp] = SONGDA[tokyo] = SONGDA[cma] = SONGDA[hko] = SONGDA[kma]
2022208S08092  ,               ,bsh012023 ,ONE[jtwc_sh] = UNNAMED[bom]
2022209N16246  ,               ,bep082022 ,GEORGETTE[hurdat_epa] = bep082022[atcf]
2022211N20129  ,               ,bwp072022 ,TRASES[jtwc_wp] = TRASES[tokyo] = TRASES[cma] = TRASES[hko] = TRASES[kma]
2022215N21118  ,               ,bwp082022 ,EIGHT[jtwc_wp] = UNNAMED[cma] = TD0803[hko]
2022219N14255  ,               ,bep092022 ,HOWARD[hurdat_epa] = bep092022[atcf]
2022220N16110  ,               ,none      ,MULAN[tokyo] = MULAN[cma] = MULAN[hko] = MULAN[kma]
2022221N21086  ,               ,none      ,UNNAMED[newdelhi]
2022221N24149  ,               ,bwp092022 ,MEARI[jtwc_wp] = MEARI[tokyo] = MEARI[cma] = MEARI[hko] = MEARI[kma]
2022224N22067  ,               ,bio032022 ,THREE[jtwc_io] = UNNAMED[newdelhi]
2022225N15253  ,               ,bep102022 ,IVETTE[hurdat_epa] = bep102022[atcf]
2022226N22088  ,               ,none      ,UNNAMED[newdelhi]
2022230N18095  ,               ,bio042022 ,FOUR[jtwc_io] = UNNAMED[newdelhi]
2022232N18131  ,               ,bwp102022 ,MA-ON[jtwc_wp] = MA-ON[tokyo] = MA-ON[cma] = MA-ON[hko] = MA-ON[kma]
2022232N20266  ,               ,bal042022 ,bal042022[atcf]
2022233N22151  ,               ,bwp112022 ,TOKAGE[jtwc_wp] = TOKAGE[tokyo] = TOKAGE[cma] = TOKAGE[hko] = TOKAGE[kma]
2022239N22150  ,               ,bwp122022 ,HINNAMNOR[jtwc_wp] = HINNAMNOR[tokyo] = HINNAMNOR[cma] = HINNAMNOR[hko] = HINNAMNOR[kma]
2022242N20133  ,               ,bwp132022 ,THIRTEEN[jtwc_wp] = UNNAMED[cma]
2022244N15254  ,               ,bep112022 ,JAVIER[hurdat_epa] = bep112022[atcf]
2022244N38313  ,               ,bal052022 ,DANIELLE[hurdat_atl] = bal052022[atcf]
2022246N18301  ,               ,bal062022 ,EARL[hurdat_atl] = bal062022[atcf]
2022247N26147  ,               ,bwp142022 ,MUIFA[jtwc_wp] = MUIFA[tokyo] = MUIFA[cma] = MUIFA[hko] = MUIFA[kma]
2022248N14259  ,               ,bep122022 ,KAY[hurdat_epa] = bep122022[atcf]
2022254N20085  ,               ,none      ,UNNAMED[newdelhi]
2022254N21158  ,               ,bwp152022 ,MERBOK[jtwc_wp] = MERBOK[tokyo] = MERBOK[cma] = MERBOK[hko] = MERBOK[kma]
2022254N24143  ,               ,bwp162022 ,NANMADOL[jtwc_wp] = NANMADOL[tokyo] = NANMADOL[cma] = NANMADOL[hko] = NANMADOL[kma]
2022255N16256  ,               ,bep142022 ,MADELINE[hurdat_epa] = bep142022[atcf]
2022257N16312  ,               ,bal072022 ,FIONA[hurdat_atl] = bal072022[atcf]
2022259N12265  ,               ,bep132022 ,LESTER[hurdat_epa] = bep132022[atcf]
2022263N18137  ,               ,bwp172022 ,TALAS[jtwc_wp] = TALAS[tokyo] = TALAS[cma] = TALAS[hko] = TALAS[kma]
2022263N29314  ,               ,bal082022 ,GASTON[hurdat_atl] = bal082022[atcf]
2022264N17132  ,               ,bwp182022 ,NORU[jtwc_wp] = NORU[tokyo] = NORU[cma] = NORU[hko] = NORU[kma]
2022265N17256  ,               ,bep152022 ,NEWTON[hurdat_epa] = bep152022[atcf]
2022266N12294  ,               ,bal092022 ,IAN[hurdat_atl] = bal092022[atcf]
2022266N17341  ,               ,bal102022 ,HERMINE[hurdat_atl] = bal102022[atcf]
2022268N20147  ,               ,bwp192022 ,KULAP[jtwc_wp] = KULAP[tokyo] = KULAP[cma] = KULAP[hko] = KULAP[kma]
2022270N14136  ,               ,bwp202022 ,ROKE[jtwc_wp] = ROKE[tokyo] = ROKE[cma] = ROKE[hko] = ROKE[kma]
2022270N14324  ,               ,bal112022 ,ELEVEN[hurdat_atl] = bal112022[atcf]
2022270S13083  ,2022269S09086  ,bsh022023 ,ASHLEY[jtwc_sh]
2022272N14258  ,               ,bep162022 ,ORLENE[hurdat_epa] = bep162022[atcf]
2022276N15249  ,               ,bep172022 ,PAINE[hurdat_epa] = bep172022[atcf]
2022278N14331  ,               ,bal122022 ,TWELVE[hurdat_atl] = bal122022[atcf]
2022279S10087  ,2022277S07090  ,bsh032023,BALITA[jtwc_sh]
2022280N11294  ,               ,multiple  ,JULIA[hurdat_atl] = JULIA[hurdat_epa] = bal132022[atcf] = bep182022[atcf]
2022284N15152  ,               ,multiple  ,TWENTYONE[jtwc_wp] = HAITANG[jtwc_wp] = HAITANG[tokyo] = UNNAMED[cma] = HAITANG[cma] = HAITANG[hko] = HAITANG[kma]
2022285N12116  ,               ,bwp222022 ,SONCA[jtwc_wp] = SONCA[tokyo] = SONCA[cma] = SONCA[hko] = SONCA[kma]
2022285N17140  ,               ,bwp232022 ,NESAT[jtwc_wp] = NESAT[tokyo] = NESAT[cma] = NESAT[hko] = NESAT[kma]
2022285N19266  ,               ,bal142022 ,KARL[hurdat_atl] = bal142022[atcf]
2022287N26154  ,               ,bwp242022 ,HAITANG[jtwc_wp]
2022288N25158  ,               ,none      ,UNNAMED[cma]
2022292N21132  ,               ,bwp252022 ,TWENTYFIVE[jtwc_wp] = UNNAMED[cma] = TD1020[hko]
2022293N15259  ,               ,bep192022 ,ROSLYN[hurdat_epa] = bep192022[atcf]
2022295N13093  ,               ,bio052022 ,SITRANG[jtwc_io] = SITRANG[newdelhi]
2022299N11134  ,               ,bwp262022 ,NALGAE[jtwc_wp] = NALGAE[tokyo] = NALGAE[cma] = NALGAE[hko] = NALGAE[kma]
2022301N07140  ,               ,bwp272022 ,BANYAN[jtwc_wp] = BANYAN[tokyo] = BANYAN[cma] = BANYAN[hko] = BANYAN[kma]
2022304N16287  ,               ,bal152022 ,LISA[hurdat_atl] = bal152022[atcf]
2022304N34296  ,               ,bal162022 ,MARTIN[hurdat_atl] = bal162022[atcf]
2022306S06095  ,2022305S04091  ,bsh042023 ,FOUR[jtwc_sh] = UNNAMED[bom]
2022311N21293  ,               ,bal172022 ,NICOLE[hurdat_atl] = bal172022[atcf]
2022316N20167  ,               ,bwp282022 ,YAMANEKO[jtwc_wp] = YAMANEKO[tokyo] = YAMANEKO[cma] = YAMANEKO[hko] = YAMANEKO[kma]
2022324N10086  ,               ,none      ,UNNAMED[newdelhi]
2022338N05100  ,               ,bio062022 ,MANDOUS[jtwc_io] = MANDOUS[newdelhi]
2022342N06133  ,               ,bwp292022 ,PAKHAR[jtwc_wp] = PAKHAR[tokyo] = PAKHAR[cma] = PAKHAR[hko] = PAKHAR[kma]
2022346S10098  ,               ,bsh052023 ,DARIAN[jtwc_sh] = DARIAN[bom]
2022347N12074  ,               ,bio072022 ,SEVEN[jtwc_io] = UNNAMED[newdelhi]
2022355S10128  ,               ,bsh062023 ,ELLIE[jtwc_sh] = ELLIE[bom]
2022356N09085  ,               ,none      ,UNNAMED[newdelhi]
2022358S19132  ,2022355S10128  ,bsh062023 ,ELLIE[spur]
2023005S18142  ,               ,bsh072023 ,HALE[jtwc_sh] = UNNAMED[bom] = UNNAMED[nadi] = HALE[wellington]
2023013S08081  ,               ,bsh082023 ,CHENESO[jtwc_sh]
2023015N36289  ,               ,none      ,UNNAMED[hurdat_atl]
2023016S15160  ,               ,bsh092023 ,IRENE[jtwc_sh] = IRENE[bom] = IRENE[nadi]
2023020S18156  ,               ,bsh102023 ,TEN[jtwc_sh]
2023030N08087  ,               ,none      ,UNNAMED[newdelhi]
2023032S12091  ,               ,bsh132023 ,DINGANI[jtwc_sh] = DINGANI[bom]
2023036S12117  ,               ,bsh112023 ,FREDDY[jtwc_sh] = FREDDY[bom]
2023036S12163  ,               ,bsh122023 ,GABRIELLE[jtwc_sh] = GABRIELLE[bom] = GABRIELLE[nadi] = GABRIELLE[wellington]
2023050S09094  ,               ,bsh142023 ,ENALA[jtwc_sh]
2023054S19117  ,               ,none      ,UNNAMED[bom]
2023055S14184  ,               ,bsh152023 ,JUDY[jtwc_sh] = JUDY[nadi] = JUDY[wellington]
2023059S15149  ,               ,bsh162023 ,KEVIN[jtwc_sh] = KEVIN[bom] = KEVIN[nadi] = KEVIN[wellington]
2023087S10096  ,               ,bsh172023 ,HERMAN[jtwc_sh] = HERMAN[bom]
2023096S07135  ,               ,bsh182023 ,ILSA[jtwc_sh] = ILSA[bom]
2023101N14127  ,               ,none      ,UNNAMED[cma] = TD0411[hko]
2023108N03160  ,               ,bwp012023 ,SANVU[jtwc_wp] = SANVU[tokyo] = SANVU[cma] = SANVU[hko] = SANVU[kma]
2023129N08091  ,               ,bio012023 ,MOCHA[jtwc_io] = MOCHA[newdelhi]
2023132S02088  ,               ,bsh192023 ,FABIEN[jtwc_sh]
2023138N05151  ,               ,bwp022023 ,MAWAR[jtwc_wp] = MAWAR[tokyo] = MAWAR[cma] = MAWAR[hko] = MAWAR[kma]
2023152N26274  ,               ,bal022023 ,ARLENE[hurdat_atl] = bal022023[atcf]
2023156N10067  ,               ,bio022023 ,BIPARJOY[jtwc_io] = BIPARJOY[newdelhi]
2023156N12135  ,               ,bwp032023 ,GUCHOL[jtwc_wp] = GUCHOL[tokyo] = GUCHOL[cma] = GUCHOL[hko] = GUCHOL[kma]
2023160N20092  ,               ,bio032023 ,THREE[jtwc_io]
2023170N11323  ,               ,bal032023 ,BRET[hurdat_atl] = bal032023[atcf]
2023173N10320  ,               ,bal042023 ,CINDY[hurdat_atl] = bal042023[atcf]
2023179N15256  ,               ,bep012023 ,ADRIAN[hurdat_epa] = bep012023[atcf]
2023180N13264  ,               ,bep022023 ,BEATRIZ[hurdat_epa] = bep022023[atcf]
2023191N10262  ,               ,bep032023 ,CALVIN[hurdat_epa] = bep032023[atcf]
2023193N37305  ,               ,bal052023 ,DON[hurdat_atl] = bal052023[atcf]
2023194N16123  ,               ,bwp042023 ,TALIM[jtwc_wp] = TALIM[tokyo] = TALIM[cma] = TALIM[hko] = TALIM[kma]
2023201N13134  ,               ,bwp052023 ,DOKSURI[jtwc_wp] = DOKSURI[tokyo] = DOKSURI[cma] = DOKSURI[hko] = DOKSURI[kma]
2023202N13240  ,               ,bep042023 ,FOUR[hurdat_epa] = bep042023[atcf]
2023207N09141  ,               ,bwp062023 ,KHANUN[jtwc_wp] = KHANUN[tokyo] = KHANUN[cma] = KHANUN[hko] = KHANUN[kma]
2023212N19090  ,               ,bio042023 ,FOUR[jtwc_io] = UNNAMED[newdelhi]
2023213N14257  ,               ,bep052023 ,DORA[hurdat_epa] = DORA[tokyo] = DORA[cma] = DORA[hko] = DORA[kma] = bep052023[atcf]
2023217N15256  ,               ,bep062023 ,EUGENE[hurdat_epa] = bep062023[atcf]
2023218N25145  ,               ,bwp072023 ,LAN[jtwc_wp] = LAN[tokyo] = LAN[cma] = LAN[hko] = LAN[kma]
2023225N14248  ,               ,bep072023 ,FERNANDA[hurdat_epa] = bep072023[atcf]
2023226N11222  ,               ,bep082023 ,GREG[hurdat_epa] = bep082023[atcf]
2023228N12259  ,               ,bep092023 ,HILARY[hurdat_epa] = bep092023[atcf]
2023231N15313  ,               ,bal062023 ,GERT[hurdat_atl] = bal062023[atcf]
2023231N15327  ,               ,bal072023 ,EMILY[hurdat_atl] = bal072023[atcf]
2023232N13300  ,               ,bal082023 ,FRANKLIN[hurdat_atl] = bal082023[atcf]
2023234N18128  ,               ,bwp092023 ,SAOLA[jtwc_wp] = SAOLA[tokyo] = SAOLA[cma] = SAOLA[hko] = SAOLA[kma]
2023234N19154  ,               ,bwp082023 ,DAMREY[jtwc_wp] = DAMREY[tokyo] = DAMREY[cma] = DAMREY[hko] = DAMREY[kma]
2023234N25271  ,               ,bal092023 ,HAROLD[hurdat_atl] = bal092023[atcf]
2023239N16242  ,               ,bep102023 ,IRWIN[hurdat_epa] = bep102023[atcf]
2023239N18144  ,               ,bwp102023 ,HAIKUI[jtwc_wp] = HAIKUI[tokyo] = HAIKUI[cma] = HAIKUI[hko] = HAIKUI[kma]
2023239N21274  ,               ,bal102023 ,IDALIA[hurdat_atl] = bal102023[atcf]
2023241N10158  ,               ,bwp112023 ,KIROGI[jtwc_wp] = KIROGI[tokyo] = KIROGI[cma] = KIROGI[hko] = KIROGI[kma]
2023241N28308  ,               ,bal112023 ,JOSE[hurdat_atl] = bal112023[atcf]
2023242N15339  ,               ,bal122023 ,KATIA[hurdat_atl] = bal122023[atcf]
2023247N20130  ,               ,bwp122023 ,YUN-YEUNG[jtwc_wp] = YUN-YEUNG[tokyo] = YUN-YEUNG[cma] = YUN-YEUNG[hko] = YUN-YEUNG[kma]
2023248N12257  ,               ,bep112023 ,JOVA[hurdat_epa] = bep112023[atcf]
2023249N12320  ,               ,bal132023 ,LEE[hurdat_atl] = bal132023[atcf]
2023251N16334  ,               ,bal142023 ,MARGOT[hurdat_atl] = bal142023[atcf]
2023258N14318  ,               ,bal152023 ,NIGEL[hurdat_atl] = bal152023[atcf]
2023259N15225  ,               ,bep122023 ,TWELVE[hurdat_epa] = bep122023[atcf]
2023261N13248  ,               ,bep132023 ,KENNETH[hurdat_epa] = bep132023[atcf]
2023265N29284  ,               ,bal162023 ,OPHELIA[hurdat_atl] = bal162023[atcf]
2023266N16116  ,               ,bwp132023 ,THIRTEEN[jtwc_wp] = UNNAMED[cma] = TD0925[hko]
2023266N16323  ,               ,bal172023 ,PHILIPPE[hurdat_atl] = bal172023[atcf]
2023267N14242  ,               ,bep142023 ,FOURTEEN[hurdat_epa] = bep142023[atcf]
2023271N14144  ,               ,bwp142023 ,KOINU[jtwc_wp] = KOINU[tokyo] = KOINU[cma] = KOINU[hko] = KOINU[kma]
2023271N16316  ,               ,bal182023 ,RINA[hurdat_atl] = bal182023[atcf]
2023273N16073  ,               ,none      ,UNNAMED[newdelhi]
2023276N11254  ,               ,bep152023 ,LIDIA[hurdat_epa] = bep152023[atcf]
2023279N08157  ,               ,bwp152023 ,BOLAVEN[jtwc_wp] = BOLAVEN[tokyo] = BOLAVEN[cma] = BOLAVEN[hko] = BOLAVEN[kma]
2023281N14260  ,               ,bep162023 ,MAX[hurdat_epa] = bep162023[atcf]
2023284N10330  ,               ,bal192023 ,SEAN[hurdat_atl] = bal192023[atcf]
2023289N15111  ,               ,bwp162023 ,SANBA[jtwc_wp] = SANBA[tokyo] = SANBA[cma] = SANBA[hko] = SANBA[kma]
2023290N12256  ,               ,bep172023 ,NORMA[hurdat_epa] = bep172023[atcf]
2023292N11063  ,               ,bio052023 ,TEJ[jtwc_io] = TEJ[newdelhi]
2023292N13309  ,               ,bal202023 ,TAMMY[hurdat_atl] = bal202023[atcf]
2023292S03172  ,               ,bsh012024 ,LOLA[jtwc_sh] = LOLA[nadi]
2023293N12089  ,               ,bio062023 ,HAMOON[jtwc_io] = HAMOON[newdelhi]
2023294N09264  ,               ,bep182023 ,OTIS[hurdat_epa] = bep182023[atcf]
2023297N11277  ,               ,bal212023 ,TWENTY-ONE[hurdat_atl] = bal212023[atcf]
2023302N10267  ,               ,bep192023 ,PILAR[hurdat_epa] = bep192023[atcf]
2023314N05149  ,               ,bwp172023 ,SEVENTEEN[jtwc_wp] = UNNAMED[cma]
2023316S09167  ,2023316S08168  ,bsh022024 ,MAL[jtwc_sh] = MAL[nadi] = MAL[wellington]
2023317N10094  ,               ,bio072023 ,MIDHILI[jtwc_io] = MIDHILI[newdelhi]
2023321N15278  ,               ,bal222023 ,bal222023[atcf]
2023326N10240  ,               ,bep202023 ,RAMON[hurdat_epa] = bep202023[atcf]
2023334N08088  ,               ,bio082023 ,MICHAUNG[jtwc_io] = MICHAUNG[newdelhi]
2023337S08165  ,               ,bsh032024 ,JASPER[jtwc_sh] = JASPER[bom]
2023349N04141  ,               ,bwp182023 ,JELAWAT[jtwc_wp] = JELAWAT[tokyo] = JELAWAT[cma] = JELAWAT[hko] = JELAWAT[kma]
2024001S21041  ,2023364S19036  ,bsh042024 ,ALVARO[jtwc_sh]
2024013S10093  ,2024012S09093  ,bsh062024 ,ANGGREK[jtwc_sh] = ANGGREK[bom]
2024013S13057  ,2024012S13059  ,bsh052024 ,BELAL[jtwc_sh]
2024017S15151  ,               ,bsh072024 ,KIRRILY[jtwc_sh] = KIRRILY[bom]
2024025S21059  ,2024023S16061  ,bsh082024 ,CANDICE[jtwc_sh]
2024031S20066  ,2024029S15063  ,bsh092024 ,NINE[jtwc_sh]
2024031S24154  ,               ,bsh122024 ,TWELVE[jtwc_sh] = UNNAMED[bom]
2024037S09184  ,2024037S09184  ,bsh112024 ,OSAI[jtwc_sh] = OSAI[nadi]
2024037S15195  ,2024035S16188  ,bsh102024 ,NAT[jtwc_sh] = NAT[nadi]
2024045S15137  ,2024044S15134  ,bsh142024 ,LINCOLN[jtwc_sh] = LINCOLN[bom]
2024047S15065  ,2024045S13066  ,bsh132024 ,DJOUNGOU[jtwc_sh]
2024047S17196  ,2024045S15192  ,bsh152024 ,FIFTEEN[jtwc_sh]
2024050S15055  ,2024049S16051  ,bsh162024 ,ELEANOR[jtwc_sh]
2024067S10090  ,2024067S10090  ,bsh182024 ,NEVILLE[jtwc_sh] = NEVILLE[bom]
2024071S20039  ,2024066S21042  ,bsh172024 ,FILIPO[jtwc_sh]
2024074S12131  ,2024073S14128  ,bsh192024 ,MEGAN[jtwc_sh] = MEGAN[bom]
2024086S13051  ,2024084S12054  ,bsh202024 ,GAMANE[jtwc_sh]
2024096S11120  ,               ,bsh212024 ,OLGA[jtwc_sh] = OLGA[bom]
2024101S11152  ,2024100S11152  ,bsh222024 ,PAUL[jtwc_sh] = PAUL[bom]
2024123S09045  ,2024121S07047  ,bsh232024 ,HIDAYA[jtwc_sh]
2024138S09053  ,2024135S08055  ,bsh242024 ,IALY[jtwc_sh]
2024141S02075  ,2024139S02072  ,bsh252024 ,TWENTYFIVE[jtwc_sh]
2024146N11126  ,2024141N03142  ,bwp012024 ,EWINIAR[jtwc_wp] = EWINIAR[tokyo] = EWINIAR[cma] = EWINIAR[hko] = EWINIAR[kma]
2024147N19089  ,2024145N14087  ,bio012024 ,REMAL[jtwc_io] = REMAL[newdelhi]
2024152N20113  ,2024151N18113  ,bwp022024 ,MALIKSI[jtwc_wp] = MALIKSI[tokyo] = MALIKSI[cma] = MALIKSI[hko] = MALIKSI[kma]
2024169N18271  ,2024170N20267  ,bal012024 ,ALBERTO[hurdat_atl] = bal012024[atcf]
2024177N10305  ,2024183N20265  ,bal032024 ,CHRIS[hurdat_atl] = bal032024[atcf]
2024178N09335  ,2024181N09320  ,bal022024 ,BERYL[hurdat_atl] = bal022024[atcf]
2024184N15261  ,2024186N15256  ,bep012024 ,ALETTA[hurdat_epa] = bep012024[atcf]
2024197N16110  ,2024195N13114  ,bwp032024 ,THREE[jtwc_wp] = UNNAMED[cma] = TD0713[hko]
2024202N14130  ,2024201N12133  ,bwp052024 ,GAEMI[jtwc_wp] = GAEMI[tokyo] = GAEMI[cma] = GAEMI[hko] = GAEMI[kma]
2024202N15116  ,2024198N08130  ,bwp042024 ,PRAPIROON[jtwc_wp] = PRAPIROON[tokyo] = PRAPIROON[cma] = PRAPIROON[hko] = PRAPIROON[kma]
2024205N12258  ,2024207N16250  ,bep022024 ,BUD[hurdat_epa] = bep022024[atcf]
2024211N11265  ,2024213N14254  ,bep032024 ,CARLOTTA[hurdat_epa] = bep032024[atcf]
2024212N12239  ,2024216N12231  ,bep042024 ,DANIEL[hurdat_epa] = bep042024[atcf]
2024214N18298  ,2024216N20284  ,bal042024 ,DEBBY[hurdat_atl] = bal042024[atcf]
2024215N10266  ,2024218N14254  ,bep062024 ,FABIO[hurdat_epa] = bep062024[atcf]
2024216N15248  ,2024218N16247  ,bep052024 ,EMILIA[hurdat_epa] = bep052024[atcf]
2024220N25141  ,2024218N23143  ,bwp062024 ,MARIA[jtwc_wp] = MARIA[tokyo] = MARIA[cma] = MARIA[hko] = MARIA[kma]
2024222N11327  ,2024225N14313  ,bal052024 ,ERNESTO[hurdat_atl] = bal052024[atcf]
2024225N32152  ,2024224N27154  ,bwp072024 ,SON-TINH[jtwc_wp] = SON-TINH[tokyo] = SON-TINH[cma] = SON-TINH[hko] = SON-TINH[kma]
2024226N24137  ,2024225N22135  ,bwp082024 ,AMPIL[jtwc_wp] = AMPIL[tokyo] = AMPIL[cma] = AMPIL[hko] = AMPIL[kma]
2024226N27150  ,2024225N24147  ,bwp092024 ,WUKONG[jtwc_wp] = WUKONG[tokyo] = WUKONG[cma] = WUKONG[hko] = WUKONG[kma]
2024229N12260  ,2024231N14251  ,bep072024 ,GILMA[hurdat_epa] = bep072024[atcf]
2024232N12229  ,2024235N16223  ,bcp012024 ,bcp012024[atcf] = HONE
2024232N25126  ,2024231N24126  ,bwp102024 ,JONGDARI[jtwc_wp] = JONGDARI[tokyo] = JONGDARI[cma] = JONGDARI[hko] = JONGDARI[kma]
2024234N14252  ,2024236N14248  ,bep082024 ,HECTOR[hurdat_epa] = bep082024[atcf]
2024235N17143  ,2024233N15148  ,bwp112024 ,SHANSHAN[jtwc_wp] = SHANSHAN[tokyo] = SHANSHAN[cma] = SHANSHAN[hko] = SHANSHAN[kma]
2024243N23068  ,2024238N25077  ,bio022024 ,ASNA[jtwc_io] = ASNA[newdelhi]
2024246N14125  ,2024244N09137  ,bwp122024 ,YAGI[jtwc_wp] = YAGI[tokyo] = YAGI[cma] = YAGI[hko] = YAGI[kma]
2024248N28147  ,2024246N22147  ,bwp132024 ,LEEPI[jtwc_wp] = LEEPI[tokyo] = LEEPI[cma] = LEEPI[hko] = LEEPI[kma]
2024251N19272  ,2024253N21266  ,bal062024 ,FRANCINE[hurdat_atl] = bal062024[atcf]
2024254N11147  ,2024253N11148  ,bwp142024 ,BEBINCA[jtwc_wp] = BEBINCA[tokyo] = BEBINCA[cma] = BEBINCA[hko] = BEBINCA[kma]
2024254N12344  ,2024256N16332  ,bal072024 ,GORDON[hurdat_atl] = bal072024[atcf]
2024255N16257  ,2024256N18254  ,bep092024 ,ILEANA[hurdat_epa] = bep092024[atcf]
2024258N31285  ,2024259N31284  ,bal082024 ,bal082024[atcf]
2024261N18141  ,2024259N12145  ,bwp152024 ,PULASAN[jtwc_wp] = PULASAN[tokyo] = PULASAN[cma] = PULASAN[hko] = PULASAN[kma]
2024262N18114  ,2024259N17126  ,bwp162024 ,SOULIK[jtwc_wp] = SOULIK[tokyo] = SOULIK[cma] = SOULIK[hko] = SOULIK[kma]
2024265N12261  ,2024267N14261  ,bep102024 ,JOHN[hurdat_epa] = bep102024[atcf]
2024265N26123  ,2024264N20128  ,bwp172024 ,SEVENTEEN[jtwc_wp] = UNNAMED[cma] = TD0922[hko]
2024268N14334  ,2024271N17319  ,bal112024 ,JOYCE[hurdat_atl] = bal112024[atcf]
2024268N17278  ,               ,bal092024 ,HELENE[hurdat_atl] = bal092024[atcf]
2024268N39302  ,2024269N39302  ,bal102024 ,ISAAC[hurdat_atl] = bal102024[atcf]
2024269N28135  ,2024267N29129  ,bwp182024 ,CIMARON[jtwc_wp] = CIMARON[tokyo] = CIMARON[cma] = CIMARON[hko] = CIMARON[kma]
2024271N17147  ,2024269N14150  ,bwp192024 ,JEBI[jtwc_wp] = JEBI[tokyo] = JEBI[cma] = JEBI[hko] = JEBI[kma]
2024271N20126  ,2024270N24128  ,bwp202024 ,KRATHON[jtwc_wp] = KRATHON[tokyo] = KRATHON[cma] = KRATHON[hko] = KRATHON[kma]
2024272N15335  ,2024274N14328  ,bal122024 ,KIRK[hurdat_atl] = bal122024[atcf]
2024274N10339  ,2024275N10336  ,bal132024 ,LESLIE[hurdat_atl] = bal132024[atcf]
2024274N15266  ,2024275N14264  ,bep112024 ,ELEVEN[hurdat_epa] = bep112024[atcf]
2024276S10076  ,               ,none      ,ANCHA[tcvitals] = ANCHA[tcvightals]
2024278N21265  ,2024279N21265  ,bal142024 ,MILTON[hurdat_atl] = bal142024[atcf]
2024280N18146  ,2024278N11150  ,bwp212024 ,BARIJAT[jtwc_wp] = BARIJAT[tokyo] = BARIJAT[cma] = BARIJAT[hko] = BARIJAT[kma]
2024284N13348  ,2024293N21294  ,bal162024 ,OSCAR[hurdat_atl] = bal162024[atcf]
2024291N14279  ,2024293N17275  ,bal152024 ,NADINE[hurdat_atl] = bal152024[atcf]
2024291N14279  ,2024296N13260  ,bep122024 ,KRISTY[hurdat_epa] = bep122024[atcf]
2024295N15136  ,2024293N13141  ,bwp222024 ,TRAMI[jtwc_wp] = TRAMI[tokyo] = TRAMI[cma] = TRAMI[hko] = TRAMI[kma]
2024297N17089  ,2024295N15092  ,bio032024 ,DANA[jtwc_io] = DANA[newdelhi]
2024299N14145  ,2024298N13150  ,bwp232024 ,KONG-REY[jtwc_wp] = KONG-REY[tokyo] = KONG-REY[cma] = KONG-REY[hko] = KONG-REY[kma]
2024305N11237  ,2024307N11232  ,bep132024 ,LANE[hurdat_epa] = bep132024[atcf]
2024306N40320  ,2024306N39319  ,bal172024 ,PATTY[hurdat_atl] = bal172024[atcf]
2024307N10278  ,2024309N13283  ,bal182024 ,RAFAEL[hurdat_atl] = bal182024[atcf]
2024307N11251  ,2024307N11250  ,bep142024 ,FOURTEEN[hurdat_epa] = bep142024[atcf]
2024308N10138  ,2024307N06143  ,bwp242024 ,YINXING[jtwc_wp] = YINXING[tokyo] = YINXING[cma] = YINXING[hko] = YINXING[kma]
2024314N14132  ,2024312N14145  ,bwp262024 ,TORAJI[jtwc_wp] = TORAJI[tokyo] = TORAJI[cma] = TORAJI[hko] = TORAJI[kma]
2024314N14160  ,2024313N10169  ,bwp252024 ,MAN-YI[jtwc_wp] = MAN-YI[tokyo] = MAN-YI[cma] = MAN-YI[hko] = MAN-YI[kma]
2024316N12139  ,2024314N07151  ,bwp272024 ,USAGI[jtwc_wp] = USAGI[tokyo] = USAGI[cma] = USAGI[hko] = USAGI[kma]
2024317N17284  ,2024319N16282  ,bal192024 ,SARA[hurdat_atl] = bal192024[atcf]
2024320S10076  ,               ,none      ,BHEKI[tcvitals] = BHEKI[tcvightals]
2024333S13091  ,2024328S09096  ,none      ,ROBYN[bom] = ROBYN[tcvitals] = ROBYN[tcvightals]
2024335N12082  ,2024329N04089  ,bio042024 ,FENGAL[jtwc_io] = FENGAL[newdelhi]
2024345S11062  ,               ,none      ,CHIDO[tcvitals] = CHIDO[tcvightals]
2024358N10113  ,2024357N10115  ,bwp282024 ,PABUK[jtwc_wp] = PABUK[tokyo] = PABUK[cma] = PABUK[hko] = PABUK[kma]
2024362S12095  ,2024359S13097  ,none      ,UNNAMED[bom] = FIVE[tcvitals] = FIVE[tcvightals]
2024364S17177  ,               ,none      ,SIX[tcvitals] = SIX[tcvightals]
